{
	"info": {
		"name": "LIST_FILE_MOBILE",
		"_postman_id": "e9d23c3f-f5e4-922c-00f0-826a949fea61",
		"description": "",
		"schema": "https://schema.getpostman.com/json/collection/v2.1.0/collection.json"
	},
	"item": [
		{
			"name": "https://b2bapl.des.corerj.caixa/v1/mobile/appfgts?cpf=55878955620&numero-processo=12345678",
			"request": {
				"auth": {
					"type": "bearer",
					"bearer": [
						{
							"key": "token",
							"value": "{{apikey}}",
							"type": "string"
						}
					]
				},
				"method": "GET",
				"header": [
					{
						"key": "Authorization",
						"value": "{{apikey}}",
						"disabled": true
					}
				],
				"body": {},
				"url": {
					"raw": "https://b2b.des.corerj.caixa/v1/mobile/appfgts?cpf=80014011100&numero-processo=01238988",
					"protocol": "https",
					"host": [
						"b2b",
						"des",
						"corerj",
						"caixa"
					],
					"path": [
						"v1",
						"mobile",
						"appfgts"
					],
					"query": [
						{
							"key": "cpf",
							"value": "80014011100",
							"equals": true
						},
						{
							"key": "numero-processo",
							"value": "01238988",
							"equals": true
						}
					]
				},
				"description": ""
			},
			"response": []
		}
	]
}