
-- Tabela: mtrtb020_processo
--

INSERT INTO mtr.mtrtb020_processo (nu_processo, nu_versao, no_processo, ic_ativo, de_avatar, ic_dossie, ic_controla_validade_documento, ic_tipo_pessoa, no_processo_bpm, no_container_bpm, ts_ultima_alteracao) VALUES 
(2, 1, 'FACILITA PJ', true, NULL, true, false, 'J', 'concessao-comercial-pj.facilita-pj', 'simtr-concessao-comercial-pj_1.1.6', now()),
(4, 1, 'VERIFICAÇÃO DO DOSSIÊ', true, NULL, false, false, 'J', NULL, NULL, now()),
(8, 1, 'FINALIZAÇÃO', true, NULL, false, false, 'J', NULL, NULL, now()),
(9, 1, 'PARAMETRIZAÇÃO', true, NULL, false, false, 'J', NULL, NULL, now()),
(16, 1, 'CONCESSÃO COMERCIAL PJ', true, NULL, false, false, 'J', NULL, NULL, now()),
(17, 1, 'ORIGINAÇÃO', true, NULL, true, false, 'J', 'concessao-comercial-pj.originacao', 'simtr-concessao-comercial-pj_1.1.6', now()),
(27, 1, 'AVALIAÇÃO DO TOMADOR', true, NULL, false, false, 'J', ' ', NULL, now()),
(28, 1, 'GERAÇÃO DA MINUTA', true, NULL, false, false, 'J', NULL, NULL, now()),
(32, 1, 'SELEÇÃO DE PRODUTO', true, NULL, false, false, 'J', NULL, NULL, now()),
(35, 1, 'CAPTURA E CADASTRO', true, NULL, false, false, 'J', NULL, NULL, now()),
(36, 1, 'CAPTURA CONTRATO E CONSTITUIÇÃO DA GARANTIA', true, NULL, false, false, 'J', NULL, NULL, now()),
(37, 1, 'DESBLOQUEIO DE AVALOP PJ COMITÊ AGÊNCIA', true, NULL, true, false, 'J', 'concessao-comercial-pj.desbloqueio-de-avalop-pj-comite-agencia', 'simtr-concessao-comercial-pj_1.1.6', now()),
(40, 1, 'CAPTURA E VERIFICAÇÃO', true, NULL, false, false, 'J', NULL, NULL, '2019-07-15 12:33:01.963422'),
(41, 1, 'DESBLOQUEIO DE AVALOP PJ COMITÊ SR E SUPERIORES', true, NULL, true, false, 'J', 'concessao-comercial-pj.desbloqueio-de-avalop-pj-comite-agencia', 'simtr-concessao-comercial-pj_1.1.6', now());

SELECT pg_catalog.setval('mtr.mtrsq020_processo', 41, true);

-- Tabela: mtrtb006_canal
--

INSERT INTO mtr.mtrtb006_canal (nu_canal, nu_versao, sg_canal, de_canal, co_integracao, ic_canal_caixa, ic_janela_extracao_m0, ic_janela_extracao_m30, ic_janela_extracao_m60, ic_avaliacao_autenticidade, ic_atualizacao_documento, ts_ultima_alteracao) VALUES (5, 1, 'SIMTRBPM', 'Gerenciador de Processos do SIMTR', 715519818, 'AGE', false, true, false, false, false, now());

SELECT pg_catalog.setval('mtr.mtrsq006_canal', 4, true);

-- Tabela: mtrtb009_tipo_documento
--


INSERT INTO mtr.mtrtb009_tipo_documento (nu_tipo_documento, nu_versao, no_tipo_documento, ic_tipo_pessoa, pz_validade_dias, ic_validade_auto_contida, co_tipologia, no_classe_ged, ic_reuso, ic_processo_administrativo, ic_dossie_digital, ic_apoio_negocio, no_arquivo_minuta, de_tags, ic_validacao_cadastral, ic_validacao_documental, ic_extracao_externa, ic_extracao_m0, ts_ultima_alteracao, no_avatar, co_rgb_box, ic_multiplos) VALUES 
 (31, 1, 'NIS - NÚMERO DE IDENTIFICAÇÃO SOCIAL', 'F', NULL, true, NULL, NULL, true, false, false, true, NULL, NULL, false, false, false, false, '2019-06-14 16:21:05.313882', 'glyphicon glyphicon-picture', '#FFCC00', false),
 (32, 1, 'TITULO DE ELEITOR', 'F', NULL, true, NULL, NULL, true, false, false, true, NULL, NULL, false, false, false, false, '2019-06-14 16:23:48.755677', 'glyphicon glyphicon-picture', '#FFCC00', false),
 (33, 1, 'CARTEIRA DE IDENTDADE', 'F', NULL, true, NULL, NULL, true, false, false, true, NULL, NULL, false, false, false, false, '2019-06-14 16:24:35.09854', 'glyphicon glyphicon-picture', '#FFCC00', false),
 (34, 1, 'CTPS - CARTEIRA DE TRABALHO E PREVIDÊNCIA SOCIAL', 'F', NULL, true, NULL, NULL, true, false, false, true, NULL, NULL, false, false, false, false, '2019-06-14 16:25:44.569225', 'glyphicon glyphicon-picture', '#FFCC00', false),
 (35, 1, 'PASSAPORTE', 'F', NULL, true, NULL, NULL, true, false, false, true, NULL, NULL, false, false, false, false, '2019-06-14 16:26:33.94493', 'glyphicon glyphicon-picture', '#FFCC00', false),
 (36, 1, 'CEI - CADASTRO ESPECÍFICO DO INSS', 'F', NULL, true, NULL, NULL, true, false, false, true, NULL, NULL, false, false, false, false, '2019-06-14 16:27:29.688048', 'glyphicon glyphicon-picture', '#FFCC00', false),
 (37, 1, 'CNH - CARTEIRA NACIONAL DE HABILITAÇÃO', 'F', NULL, true, NULL, NULL, true, false, false, true, NULL, NULL, false, false, false, false, '2019-06-14 16:28:27.775247', 'glyphicon glyphicon-picture', '#FFCC00', false),
 (38, 1, 'CERTIDÃO DE NASCIMENTO', 'F', NULL, true, NULL, NULL, true, false, false, true, NULL, NULL, false, false, false, false, '2019-06-14 16:30:33.501324', 'glyphicon glyphicon-picture', '#FFCC00', false),
 (39, 1, 'CERTIDÃO DE ÓBITO', 'F', NULL, true, NULL, NULL, true, false, false, true, NULL, NULL, false, false, false, false, '2019-06-14 16:31:59.772287', 'glyphicon glyphicon-picture', '#FFCC00', false),
 (40, 1, 'PROCURAÇÃO', 'F', NULL, true, NULL, NULL, true, false, false, true, NULL, NULL, false, false, false, false, '2019-06-14 16:34:15.123335', 'glyphicon glyphicon-picture', '#FFCC00', false),
 (42, 1, 'RIC - REGISTRO DE IDENTIDADE CIVIL', 'F', NULL, true, NULL, NULL, true, false, false, true, NULL, NULL, false, false, false, false, '2019-06-14 16:41:33.524048', 'glyphicon glyphicon-picture', '#FFCC00', false),
 (43, 1, 'NIF - NÚMERO DE IDENTIFICAÇÃO FISCAL', 'F', NULL, true, NULL, NULL, true, false, false, true, NULL, NULL, false, false, false, false, '2019-06-14 16:42:58.988397', 'glyphicon glyphicon-picture', '#FFCC00', false),
 (45, 1, 'CARTEIRA FUNCIONAL', 'F', NULL, true, NULL, NULL, true, false, false, true, NULL, NULL, false, false, false, false, '2019-06-14 16:43:47.715722', 'glyphicon glyphicon-picture', '#FFCC00', false),
 (46, 1, 'IDENTIDADE MILITAR', 'F', NULL, true, NULL, NULL, true, false, false, true, NULL, NULL, false, false, false, false, '2019-06-14 16:44:32.07385', 'glyphicon glyphicon-picture', '#FFCC00', false),
 (47, 1, 'CARTEIRA DE IDENTIFICAÇÃO DE ESTRANGEIRO', 'F', NULL, true, NULL, NULL, true, false, false, true, NULL, NULL, false, false, false, false, '2019-06-14 16:45:40.000832', 'glyphicon glyphicon-picture', '#FFCC00', false),
 (48, 1, 'AUXÍLIO ACIDENTE', 'F', NULL, true, NULL, NULL, true, false, false, true, NULL, NULL, false, false, false, false, '2019-06-14 16:55:30.248422', 'glyphicon glyphicon-picture', '#FFCC00', false),
 (49, 1, 'AUXÍLIO DOENÇA E MATERNIDADE', 'F', NULL, true, NULL, NULL, true, false, false, true, NULL, NULL, false, false, false, false, '2019-06-14 16:56:23.879675', 'glyphicon glyphicon-picture', '#FFCC00', false),
 (50, 1, 'COMPROVANTE DE RECEBIMENTO NO EXTERIOR', 'F', NULL, true, NULL, NULL, true, false, false, true, NULL, NULL, false, false, false, false, '2019-06-14 16:58:41.030788', 'glyphicon glyphicon-picture', '#FFCC00', false),
 (51, 1, 'CONTRACHEQUE/HOLLERITH', 'F', NULL, true, NULL, NULL, true, false, false, true, NULL, NULL, false, false, false, false, '2019-06-14 16:59:33.116826', 'glyphicon glyphicon-picture', '#FFCC00', false),
 (52, 1, 'CONTRATO DE ALUGUEL/ARRENDAMENTO', 'F', NULL, true, NULL, NULL, true, false, false, true, NULL, NULL, false, false, false, false, '2019-06-14 17:37:04.070631', 'glyphicon glyphicon-picture', '#FFCC00', false),
 (60, 1, 'CONTRATO DE ESTÁGIO', 'F', NULL, true, NULL, NULL, true, false, false, true, NULL, NULL, false, false, false, false, '2019-06-17 09:39:33.1684', 'glyphicon glyphicon-picture', '#FFCC00', false),
 (61, 1, 'CONTRATO DE PRESTAÇÃO DE SERVIÇOS', 'F', NULL, true, NULL, NULL, true, false, false, true, NULL, NULL, false, false, false, false, '2019-06-17 09:41:22.445888', 'glyphicon glyphicon-picture', '#FFCC00', false),
 (62, 1, 'CONTRIBUÍÇÃO INSS', 'F', NULL, true, NULL, NULL, true, false, false, true, NULL, NULL, false, false, false, false, '2019-06-17 09:42:35.940169', 'glyphicon glyphicon-picture', '#FFCC00', false),
 (63, 1, 'DECLARAÇÃO DE APTIDÃO AO PRONAF (DAP)', 'F', NULL, true, NULL, NULL, true, false, false, true, NULL, NULL, false, false, false, false, '2019-06-17 09:43:40.460426', 'glyphicon glyphicon-picture', '#FFCC00', false),
 (64, 1, 'DECLARAÇÃO DE ASSOCIAÇÃO/COOPERATIVA/SINDICATO', 'F', NULL, true, NULL, NULL, true, false, false, true, NULL, NULL, false, false, false, false, '2019-06-17 09:57:12.968395', 'glyphicon glyphicon-picture', '#FFCC00', false),
 (65, 1, 'DECLARAÇÃO DE IMPOSTO DE RENDA PF', 'F', NULL, true, NULL, NULL, true, false, false, true, NULL, NULL, false, false, false, false, '2019-06-17 09:58:09.749281', 'glyphicon glyphicon-picture', '#FFCC00', false),
 (66, 1, 'DECLARAÇÃO/DEMONSTRATIVO FONTE PAGADORA', 'F', NULL, true, NULL, NULL, true, false, false, true, NULL, NULL, false, false, false, false, '2019-06-17 09:59:21.342932', 'glyphicon glyphicon-picture', '#FFCC00', false),
 (67, 1, 'DECLARAÇÃO/DEMONSTRATIVO ORGÃO PREVIDENCIÁRIO', 'F', NULL, true, NULL, NULL, true, false, false, true, NULL, NULL, false, false, false, false, '2019-06-17 10:00:58.49061', 'glyphicon glyphicon-pictureQ', '#FFCC00', false),
 (69, 1, 'DECORE', 'F', NULL, true, NULL, NULL, true, false, false, true, NULL, NULL, false, false, false, false, '2019-06-17 10:02:14.363887', 'glyphicon glyphicon-picture', '#FFCC00', false),
 (72, 1, 'DECORE COM DARF', 'F', NULL, true, NULL, NULL, true, false, false, true, NULL, NULL, false, false, false, false, '2019-06-17 10:03:06.682783', 'glyphicon glyphicon-picture', '#FFCC00', false),
 (74, 1, 'EXTRATO DE APLICAÇÃO FINANCEIRA/POUPANÇA', 'F', NULL, true, NULL, NULL, true, false, false, true, NULL, NULL, false, false, false, false, '2019-06-17 10:04:12.223577', 'glyphicon glyphicon-picture', '#FFCC00', false),
 (75, 1, 'EXTRATO DE CONTA SALÁRIO/CONTA APOSENTADORIA', 'F', NULL, true, NULL, NULL, true, false, false, true, NULL, NULL, false, false, false, false, '2019-06-17 10:05:30.054661', 'glyphicon glyphicon-picture', '#FFCC00', false),
 (76, 1, 'EXTRATO DE FGTS', 'F', NULL, true, NULL, NULL, true, false, false, true, NULL, NULL, false, false, false, false, '2019-06-17 10:06:34.685922', 'glyphicon glyphicon-picture', '#FFCC00', false),
 (77, 1, 'NOTAS FISCAIS DE VENDAS (ATIVIDADES RURAIS)', 'F', NULL, true, NULL, NULL, true, false, false, true, NULL, NULL, false, false, false, false, '2019-06-17 10:07:39.695099', 'glyphicon glyphicon-picture', '#FFCC00', false),
 (78, 1, 'RECIBO PAGAMENTO AUTÔNOMO (RPA)', 'F', NULL, true, NULL, NULL, true, false, false, true, NULL, NULL, false, false, false, false, '2019-06-17 10:09:02.419449', 'glyphicon glyphicon-picture', '#FFCC00', false),
 (79, 1, 'SENTENÇA JUDICIAL', 'F', NULL, true, NULL, NULL, true, false, false, true, NULL, NULL, false, false, false, false, '2019-06-17 10:10:01.402785', 'glyphicon glyphicon-picture', '#FFCC00', false),
 (80, 1, 'RECOLHIMENTO ISS', 'F', NULL, true, NULL, NULL, true, false, false, true, NULL, NULL, false, false, false, false, '2019-06-17 10:10:54.033824', 'glyphicon glyphicon-picture', '#FFCC00', false),
 (81, 1, 'RECIBO DE PGTO AO PRODUTOR/TRABALHADOR RURAL', 'F', NULL, true, NULL, NULL, true, false, false, true, NULL, NULL, false, false, false, false, '2019-06-17 10:11:54.989125', 'glyphicon glyphicon-picture', '#FFCC00', false),
 (82, 1, 'BOLETO BANCÁRIO DE CONDOMÍNIO', 'F', NULL, true, NULL, NULL, true, false, false, true, NULL, NULL, false, false, false, false, '2019-06-18 11:21:18.283187', 'glyphicon glyohicon-picture', '#FFCC00', false),
 (83, 1, 'BOLETO BANCÁRIO DE FINANCIAMENTO/PARCELAMENTO HABITACIONAL', 'F', NULL, true, NULL, NULL, true, false, false, true, NULL, NULL, false, false, false, false, '2019-06-18 11:23:14.145158', 'glyphicon glyohicon-picture', '#FFCC00', false),
 (85, 1, 'BOLETO BANCÁRIO DE MENSALIDADE DE PLANO DE SAÚDE/ODONTOLÓGICO', 'F', NULL, true, NULL, NULL, true, false, false, true, NULL, NULL, false, false, false, false, '2019-06-18 11:24:46.560664', 'glyphicon glyohicon-picture', '#FFCC00', false),
 (86, 1, 'BOLETO BANCÁRIO DE MENSALIDADE ESCOLAR', 'F', NULL, true, NULL, NULL, true, false, false, true, NULL, NULL, false, false, false, false, '2019-06-18 11:26:54.486264', 'glyphicon glyohicon-picture', '#FFCC00', false),
 (87, 1, 'CARNÊ/BOLETO BANCÁRIO DE FINANCIAMENTO DE BENS DE CONSUMO DURÁVEIS - VEÍCULOS AUTOMOTORES', 'F', NULL, true, NULL, NULL, true, false, false, true, NULL, NULL, false, false, false, false, '2019-06-18 11:28:32.79712', 'glyphicon glyohicon-picture', '#FFCC00', false),
 (88, 1, 'CONTA DE ÁGUA', 'F', NULL, true, NULL, NULL, true, false, false, true, NULL, NULL, false, false, false, false, '2019-06-18 13:29:18.326787', 'glyphicon glyohicon-picture', '#FFCC00', false),
 (89, 1, 'CONTA DE GÁS', 'F', NULL, true, NULL, NULL, true, false, false, true, NULL, NULL, false, false, false, false, '2019-06-18 13:30:43.996838', 'glyphicon glyohicon-picture', '#FFCC00', false),
 (90, 1, 'CONTA DE ENERGIA ELÉTRICA', 'F', NULL, true, NULL, NULL, true, false, false, true, NULL, NULL, false, false, false, false, '2019-06-18 13:31:29.860193', 'glyphicon glyohicon-picture', '#FFCC00', false),
 (92, 1, 'CONTA DE TELEFONE', 'F', NULL, true, NULL, NULL, true, false, false, true, NULL, NULL, false, false, false, false, '2019-06-18 13:32:19.915436', 'glyphicon glyohicon-picture', '#FFCC00', false),
 (94, 1, 'CONTA DE INTERNET BANDA LARGA FIXA', 'F', NULL, true, NULL, NULL, true, false, false, true, NULL, NULL, false, false, false, false, '2019-06-18 13:33:40.409449', 'glyphicon glyohicon-picture', '#FFCC00', false),
 (96, 1, 'CONTA DE TV POR ASSINATURA', 'F', NULL, true, NULL, NULL, true, false, false, true, NULL, NULL, false, false, false, false, '2019-06-18 13:34:48.18462', 'glyphicon glyohicon-picture', '#FFCC00', false),
 (97, 1, 'CONTRACHEQUE EMITIDO POR ORGÃO PÚBLICO', 'F', NULL, true, NULL, NULL, true, false, false, true, NULL, NULL, false, false, false, false, '2019-06-18 13:36:26.143421', 'glyphicon glyohicon-picture', '#FFCC00', false),
 (99, 1, 'CONTRATO DE ALUGUEL', 'F', NULL, true, NULL, NULL, true, false, false, true, NULL, NULL, false, false, false, false, '2019-06-18 13:37:22.664132', 'glyphicon glyohicon-picture', '#FFCC00', false),
 (100, 1, 'DECLARAÇÃO DA ORGANIZAÇÃO MILITAR', 'F', NULL, true, NULL, NULL, true, false, false, true, NULL, NULL, false, false, false, false, '2019-06-18 13:39:45.157056', 'glyphicon glyohicon-picture', '#FFCC00', false),
 (101, 1, 'DECLARAÇÃO DO PROPRIETÁRIO DO IMÓVEL', 'F', NULL, true, NULL, NULL, true, false, false, true, NULL, NULL, false, false, false, false, '2019-06-18 13:44:39.920666', 'glyphicon glyohicon-picture', '#FFCC00', false),
 (102, 1, 'DEMONSTRATIVO/COMUNICADO DO INSS OU DA RFB', 'F', NULL, true, NULL, NULL, true, false, false, true, NULL, NULL, false, false, false, false, '2019-06-18 13:47:01.977837', 'glyphicon glyohicon-picture', '#FFCC00', false),
 (103, 1, 'ESCRITURA OU CERTIDÃO DE ÔNUS DO IMÓVEL', 'F', NULL, true, NULL, NULL, true, false, false, true, NULL, NULL, false, false, false, false, '2019-06-18 13:49:26.267653', 'glyphicon glyohicon-picture', '#FFCC00', false),
 (104, 1, 'EXTRATO DA CONSULTA DE DADOS DE IDENTIFICAÇÃO DO ESTRANGEIRO', 'F', NULL, true, NULL, NULL, true, false, false, true, NULL, NULL, false, false, false, false, '2019-06-18 13:52:16.41152', 'glyphicon glyohicon-picture', '#FFCC00', false),
 (105, 1, 'FATURA DE CARTÃO DE CRÉDITO', 'F', NULL, true, NULL, NULL, true, false, false, true, NULL, NULL, false, false, false, false, '2019-06-18 13:53:10.809584', 'glyphicon glyohicon-picture', '#FFCC00', false),
 (106, 1, 'GUIA/CARNÊ DO IPTU OU IPVA', 'F', NULL, true, NULL, NULL, true, false, false, true, NULL, NULL, false, false, false, false, '2019-06-18 13:54:42.166526', 'glyphicon glyohicon-picture', '#FFCC00', false),
 (107, 1, 'INFRAÇÃO DE TRÂNSITO', 'F', NULL, true, NULL, NULL, true, false, false, true, NULL, NULL, false, false, false, false, '2019-06-18 13:56:00.077348', 'glyphicon glyohicon-picture', '#FFCC00', false),
 (108, 1, 'LAUDO DE AVALIAÇÃO DE IMÓVEL PELA CAIXA', 'F', NULL, true, NULL, NULL, true, false, false, true, NULL, NULL, false, false, false, false, '2019-06-18 13:57:28.492687', 'glyphicon glyohicon-picture', '#FFCC00', false),
 (109, 1, 'TELA DO SIACI', 'F', NULL, true, NULL, NULL, true, false, false, true, NULL, NULL, false, false, false, false, '2019-06-18 13:59:35.14687', 'glyphicon glyohicon-picture', '#FFCC00', false),
 (110, 1, 'TELA DO SIABE', 'F', NULL, true, NULL, NULL, true, false, false, true, NULL, NULL, false, false, false, false, '2019-06-18 14:00:28.418241', 'glyphicon glyohicon-picture', '#FFCC00', false),
 (111, 1, 'TRCT - TERMO DE RECISÃO DE CONTRATO DE TRABALHO', 'F', NULL, true, NULL, NULL, true, false, false, true, NULL, NULL, false, false, false, false, '2019-06-19 17:22:24.61656', 'glyphicon glyohicon-picture', '#FFCC00', false),
 (112, 1, 'DAP - DECLARAÇÃO APTIDÃO AO PRONAF', 'F', NULL, true, NULL, NULL, true, false, false, true, NULL, NULL, false, false, false, false, '2019-06-18 14:03:21.031538', 'glyphicon glyohicon-picture', '#FFCC00', false),
 (113, 1, 'CCIR - CERTIFICADO DE CADASTRO DE IMÓVEL RURAL', 'F', NULL, true, NULL, NULL, true, false, false, true, NULL, NULL, false, false, false, false, '2019-06-18 14:04:54.590052', 'glyphicon glyohicon-picture', '#FFCC00', false),
 (114, 1, 'ITR - IMPOSTO TERRITORIAL RURAL', 'F', NULL, true, NULL, NULL, true, false, false, true, NULL, NULL, false, false, false, false, '2019-06-18 14:10:23.05736', 'glyphicon glyohicon-picture', '#FFCC00', false),
 (115, 1, 'DECLARAÇÃO DO SINDICATO, COOPERATIVA OU ASSOCIAÇÃO', 'F', NULL, true, NULL, NULL, true, false, false, true, NULL, NULL, false, false, false, false, '2019-06-18 14:12:02.64735', 'glyphicon glyohicon-picture', '#FFCC00', false),
 (122, 1, 'COMPROVANTE DE CURATELA', 'F', NULL, true, NULL, NULL, true, false, false, true, NULL, NULL, false, false, false, false, '2019-06-19 11:31:04.695329', 'glyphicon glyohicon-picture', '#FFCC00', false),
 (123, 1, 'COMPROVANTE DE TUTELA', 'F', NULL, true, '   ', NULL, true, false, false, true, NULL, NULL, false, false, false, false, '2019-06-19 11:32:40.711795', 'glyphicon glyohicon-picture', '#FFCC00', false),
 (125, 1, 'RESOLUÇÃO EMITIDA PELA AUTORIADADE COMPETENTE', 'A', NULL, true, NULL, NULL, true, false, false, true, NULL, NULL, false, false, false, false, '2019-06-24 13:43:57.789587', 'glyphicon glyohicon-picture', '#FFCC00', false),
 (126, 1, 'RELATÓRIO SIMULADOR DE ALÇADAS - SIALC OU SIASC', 'A', NULL, true, NULL, NULL, true, false, false, true, NULL, NULL, false, false, false, false, '2019-06-24 13:47:20.594719', 'glyphicon glyohicon-picture', '#FFCC00', false),
 (127, 1, 'PARECER DA MESA DE NEGÓCIOS', NULL, NULL, true, NULL, NULL, true, false, false, true, NULL, NULL, false, false, false, false, '2019-06-24 13:48:09.963098', 'glyphicon glyohicon-picture', '#FFCC00', false),
 (128, 1, 'CERTIDÃO NEGATIVA DE PROTESTOS', NULL, NULL, true, NULL, NULL, true, false, false, true, NULL, NULL, false, false, false, false, '2019-06-24 15:17:13.326583', 'glyphicon glyohicon-picture', '#FFCC00', false),
 (129, 1, 'CERTIDÕES NEGATIVAS DE AÇÕES CÍVEIS E DE EXECUÇÕES', NULL, NULL, true, NULL, NULL, true, false, false, true, NULL, NULL, false, false, false, false, '2019-06-24 15:18:11.821724', 'glyphicon glyohicon-picture', '#FFCC00', false),
 (130, 1, 'PARECER DO JURÍDICO', NULL, NULL, true, NULL, NULL, true, false, false, true, NULL, NULL, false, false, false, false, '2019-06-24 15:20:06.514722', 'glyphicon glyohicon-picture', '#FFCC00', false),
 (131, 1, 'LAUDO DE AVALIAÇÃO DO IMÓVEL', NULL, NULL, true, NULL, NULL, true, false, false, true, NULL, NULL, false, false, false, false, '2019-06-24 15:21:24.753533', 'glyphicon glyohicon-picture', '#FFCC00', false),
 (132, 1, 'APÓLICE DE SEGURO DO IMÓVEL', NULL, NULL, true, NULL, NULL, true, false, false, true, NULL, NULL, false, false, false, false, '2019-06-24 15:22:25.482062', 'glyphicon glyohicon-picture', '#FFCC00', false),
 (133, 1, 'CRLV/CRV - CERTIFICADO DE REGISTRO DE VEÍCULOS', NULL, NULL, true, NULL, NULL, true, false, false, true, NULL, NULL, false, false, false, false, '2019-06-24 15:25:09.270252', 'glyphicon glyohicon-picture', '#FFCC00', false),
 (134, 1, 'TABELA FIPE/LAUDO TÉCNICO', NULL, NULL, true, NULL, NULL, true, false, false, true, NULL, NULL, false, false, false, false, '2019-06-24 15:26:18.229109', 'glyphicon glyohicon-picture', '#FFCC00', false),
 (135, 1, 'APÓLICE DE SEGURO DO VEÍCULO', NULL, NULL, true, NULL, NULL, true, false, false, true, NULL, NULL, false, false, false, false, '2019-06-24 15:27:15.900255', 'glyphicon glyohicon-picture', '#FFCC00', false),
 (136, 1, 'EXTRATO DA CREDENCIADORA E/OU EXTRATO DA CONTA CORRENTE', NULL, NULL, true, NULL, NULL, true, false, false, true, NULL, NULL, false, false, false, false, '2019-06-24 15:29:30.859927', 'glyphicon glyohicon-picture', '#FFCC00', false),
 (137, 1, 'NOTA FISCAL, RECIBO E LAUDO TÉCNICO', NULL, NULL, true, NULL, NULL, true, false, false, true, NULL, NULL, false, false, false, false, '2019-06-24 15:32:03.863756', 'glyphicon glyohicon-picture', '#FFCC00', false),
 (138, 1, 'APÓLICE DE SEGURO DE MÁQUINAS E EQUIPAMENTOS', NULL, NULL, true, NULL, NULL, true, false, false, true, NULL, NULL, false, false, false, false, '2019-06-24 15:32:56.895445', 'glyphicon glyohicon-picture', '#FFCC00', false),
 (139, 1, 'DECLARAÇÃO DO PROPIETÁRIO', NULL, NULL, true, NULL, NULL, true, false, false, true, NULL, NULL, false, false, false, false, '2019-06-24 15:33:43.61581', 'glyphicon glyohicon-picture', '#FFCC00', false),
 (141, 1, 'TELA SIFAP', NULL, NULL, true, NULL, NULL, true, false, false, true, NULL, NULL, false, false, false, false, '2019-07-24 17:52:17.045224', 'glyphicon glyohicon-picture', '#FFCC00', false),
 (142, 1, 'CCB', NULL, NULL, true, NULL, NULL, true, false, false, true, NULL, NULL, false, false, false, false, '2019-07-03 18:48:14.663979', 'glyphicon glyohicon-picture', '#FFCC00', false),
 (146, 1, 'TERMO DE CONSTITUIÇÃO DE GARANTIA', NULL, NULL, true, NULL, NULL, true, false, false, true, NULL, NULL, false, false, false, false, '2019-07-03 18:51:28.932616', 'glyphicon glyohicon-picture', '#FFCC00', false),
 (151, 1, 'MO33638 - TERMO DE OBRIGAÇÕES ESPECIAIS', NULL, NULL, true, NULL, NULL, true, false, false, true, NULL, NULL, false, false, false, false, '2019-07-03 18:54:39.362088', 'glyphicon glyohicon-picture', '#FFCC00', false),
 (152, 1, 'MO 38261 - 2ª VIA DA PROPOSTA DE SEGURO PRESTAMISTA PJ', NULL, NULL, true, NULL, NULL, true, false, false, true, NULL, NULL, false, false, false, false, '2019-07-03 18:58:24.344551', 'glyphicon glyohicon-picture', '#FFCC00', false),
 (153, 1, 'PARECER JURÍDICO - RESSALVA CONTRATUAL', NULL, NULL, true, NULL, NULL, true, false, false, true, NULL, NULL, false, false, false, false, '2019-07-03 19:15:44.662134', 'glyphicon glyohicon-picture', '#FFCC00', false),
 (154, 1, 'CERTIDÃO DE MATRÍCULA DO IMÓVEL AVERBADA', NULL, NULL, true, NULL, NULL, true, false, false, true, NULL, NULL, false, false, false, false, '2019-07-03 19:16:38.302175', 'glyphicon glyohicon-picture', '#FFCC00', false),
 (158, 1, 'GRAVAME', NULL, NULL, true, NULL, NULL, true, false, false, true, NULL, NULL, false, false, false, false, '2019-07-03 19:21:45.568204', 'glyphicon glyohicon-picture', '#FFCC00', false),
 (159, 1, 'MO 37673 - TERMO DE CESSÃO FIDUCIÁRIA DE CHEQUES PRÉ-DATADOS', NULL, NULL, true, NULL, NULL, true, false, false, true, NULL, NULL, false, false, false, false, '2019-07-03 19:22:54.992178', 'glyphicon glyohicon-picture', '#FFCC00', false),
 (160, 1, 'MO 37672 - TERMO DE CESSÃO FIDUCIÁRIA DE DUPLICATAS MERCATINS', NULL, NULL, true, NULL, NULL, true, false, false, true, NULL, NULL, false, false, false, false, '2019-07-03 19:24:19.965856', 'glyphicon glyohicon-picture', '#FFCC00', false),
 (162, 1, 'MINUTA CONTRATUAL', NULL, NULL, true, NULL, NULL, true, false, false, true, NULL, NULL, false, false, false, false, '2019-07-05 16:15:03.785283', 'glyphicon glyohicon-picture', '#FFCC00', false),
 (163, 1, 'DOCUMENTO CONSTITUTIVO - CERIS', 'J', NULL, true, NULL, NULL, true, false, false, true, NULL, NULL, false, false, false, false, '2019-07-09 14:29:02.48785', 'glyphicon glyohicon-picture', '#FFCC00', false),
 (168, 1, 'COMPOSIÇÃO DA GARANTIA', NULL, NULL, true, NULL, NULL, true, false, false, true, NULL, NULL, false, false, false, false, '2019-07-09 20:01:14.946687', 'glyphicon glyohicon-picture', '#FFCC00', false),
 (170, 1, 'COMPROVANTE DE INSCRIÇÃO DO IMÓVEL RURAL NO CAR - CADASTRO AMBIENTAL RURAL', NULL, NULL, true, NULL, NULL, true, false, false, true, NULL, NULL, false, false, false, false, '2019-07-12 09:47:45.468136', 'glyphicon glyphicon-picture', '#FFCC00', false),
 (171, 1, 'CERTIDÃO NEGATIVA DE DÉBITOS DE IMÓVEL RURAL', NULL, NULL, true, NULL, NULL, true, false, false, true, NULL, NULL, false, false, false, false, '2019-07-12 09:48:36.123115', 'glyphicon glyphicon-picture', '#FFCC00', false),
 (172, 1, 'PARECER WORKFLOW', NULL, NULL, true, NULL, NULL, true, false, false, true, NULL, NULL, false, false, false, false, '2019-07-12 10:00:55.584048', 'glyphicon glyphicon-picture', '#FFCC00', false),
 (173, 1, 'NOTA FISCAL OU RECIBO DE PESSOA JURÍDICA', NULL, NULL, true, NULL, NULL, true, false, false, true, NULL, NULL, false, false, false, false, '2019-07-12 10:02:47.590787', 'glyphicon glyphicon-picture', '#FFCC00', false),
 (174, 1, 'LAUDO TÉCNICO DE AVALIAÇÃO DE MÁQUINAS E EQUIPAMENTOS', NULL, NULL, true, NULL, NULL, true, false, false, true, NULL, NULL, false, false, false, false, '2019-07-12 10:05:41.209612', 'glyphicon glyphicon-picture', '#FFCC00', false),
 (175, 1, 'PARECER DA SUEMP', NULL, NULL, true, NULL, NULL, true, false, false, true, NULL, NULL, false, false, false, false, '2019-07-12 10:10:18.682223', 'glyphicon glyphicon-picture', '#FFCC00', false),
 (176, 1, 'CCMEI - CERTIFICADO DA CONDIÇÃO DE MICROEMPREENDEDOR INDIVIDUAL', 'J', NULL, true, NULL, NULL, true, false, false, true, NULL, NULL, false, false, false, false, '2019-07-25 15:07:18.990075', 'glyphicon glyphicon-picture', '#FFCC00', false),
 (177, 1, 'REQUERIMENTO DO EMPRESÁRIO E ATOS DE ALTERAÇÃO', 'J', NULL, true, NULL, NULL, true, false, false, true, NULL, NULL, false, false, false, false, '2019-06-05 13:27:03.558606', 'glyphicon glyphicon-picture', '#FFCC00', false),
 (178, 1, 'CONTRATO SOCIAL E ALTERAÇÕES', 'J', NULL, true, NULL, NULL, true, false, false, true, NULL, NULL, false, false, false, false, '2019-06-05 13:27:03.558606', 'glyphicon glyphicon-picture', '#FFCC00', false),
 (179, 1, 'ESTATUTO SOCIAL', 'J', NULL, true, NULL, NULL, true, false, false, true, NULL, NULL, false, false, false, false, '2019-06-14 12:18:59.902998', 'glyphicon glyphicon-picture', '#FFCC00', false),
 (180, 1, 'ATA DE ASSEMBLÉIA DE CONSTITUIÇÃO', 'J', NULL, true, NULL, NULL, true, false, false, true, NULL, NULL, false, false, false, false, '2019-06-14 12:19:04.163086', 'glyphicon glyphicon-picture', '#FFCC00', false),
 (181, 1, 'ECF - ESCRITURAÇÃO CONTÁBIL FISCAL', 'J', NULL, true, NULL, NULL, true, false, false, true, NULL, NULL, false, false, false, false, '2019-06-14 12:19:07.589454', 'glyphicon glyphicon-picture', '#FFCC00', false),
 (182, 1, 'DEFIS - DECLARAÇÃO DE INFORMAÇÕES SOCIOECONÔMICAS E FISCAIS', 'J', NULL, true, NULL, NULL, true, false, false, true, NULL, NULL, false, false, false, false, '2019-06-14 12:19:11.109697', 'glyphicon glyphicon-picture', '#FFCC00', false),
 (183, 1, 'DASN SIMEI - DECLARAÇÃO ANUAL DO SIMPLES NACIONAL', 'J', NULL, true, NULL, NULL, true, false, false, true, ' ', NULL, false, false, false, false, '2019-06-14 12:19:19.550451', 'glyphicon glyphicon-picture', '#FFCC00', false),
 (184, 1, 'MO 33301 - TERMO DE CONFERÊNCIA DE AUTENTICIDADE DA DOCUMENTAÇÃO', 'J', NULL, true, NULL, NULL, true, false, false, true, NULL, NULL, false, false, false, false, '2019-06-05 13:27:03.558606', 'glyphicon glyphicon-picture', '#FFCC00', false),
 (185, 1, 'MO 33045 - DADOS COMPLEMENTARES PESSOA JURÍDICA', 'J', NULL, true, NULL, NULL, true, false, false, true, NULL, NULL, false, false, false, false, '2019-06-05 13:27:03.558606', 'glyphicon glyphicon-picture', '#FFCC00', false),
 (186, 1, 'MO 33045 - DADOS COMPLEMENTARES PESSOA FÍSICA', 'J', NULL, true, NULL, NULL, true, false, false, true, ' ', NULL, false, false, false, false, '2019-06-05 13:27:03.558606', 'glyphicon glyphicon-picture', '#FFCC00', false),
 (187, 1, 'MO 33045 - MÓDULO 1 - CADASTRO EMPRESA PROPONENTE', 'J', NULL, true, NULL, NULL, true, false, false, true, NULL, NULL, false, false, false, false, '2019-06-05 13:27:03.558606', 'glyphicon glyphicon-picture', '#FFCC00', false),
 (188, 1, 'MO 33045 - MÓDULO 3 - CADASTRO SÓCIO/DIRIGENTE/AVALISTA/REPRESENTANTE LEGAL - PF', 'J', NULL, true, NULL, NULL, true, false, false, true, NULL, NULL, false, false, false, false, '2019-06-24 09:58:25.222112', 'glyphicon glyphicon-picture', '#FFCC00', false),
 (189, 1, 'MO 33355 - DEFINIÇÃO DE CONGLOMERADO', 'J', NULL, true, NULL, NULL, true, false, false, true, NULL, NULL, false, false, false, false, '2019-06-05 13:27:03.558606', 'glyphicon glyphicon-picture', '#FFCC00', false),
 (190, 1, 'AVALIAÇÃO DE RISCO DE CRÉDITO DO TOMADOR - SIRIC', 'J', NULL, true, NULL, NULL, true, false, false, true, NULL, NULL, false, false, false, false, '2019-06-05 13:27:03.558606', 'glyphicon glyphicon-picture', '#FFCC00', false),
 (191, 1, 'MO 33243 - FICHA DE INFORMAÇÕES DAS PARTICIPAÇÕES SOCIETÁRIAS - EMRPESA, SÓCIOS PF/PJ E DIRIGENTES', 'J', NULL, true, NULL, NULL, true, false, false, true, NULL, NULL, false, false, false, false, '2019-06-05 13:27:03.558606', 'glyphicon glyphicon-picture', '#FFCC00', false),
 (192, 1, 'PARECER OU ANÁLISE DE RISCO DE CRÉDITO EMITIDO PELA CERIS', NULL, NULL, true, NULL, NULL, true, false, false, true, NULL, NULL, false, false, false, false, '2019-06-05 13:27:03.558606', 'glyphicon glyphicon-picture', '#FFCC00', false),
 (193, 1, 'AVALIAÇÃO DO TOMADOR (EMPRESA AVALIADA PELA CERIS)', 'J', NULL, true, NULL, NULL, true, false, false, true, NULL, NULL, false, false, false, false, '2019-06-05 13:27:03.558606', 'glyphicon glyphicon-picture', '#FFCC00', false),
 (194, 1, 'DECLARAÇÃO DE INATIVIDADE - EMPRESA INATIVA PARTICIPANTE DO CONGLMERADO', 'J', NULL, true, NULL, NULL, true, false, false, true, NULL, NULL, false, false, false, false, '2019-06-07 18:20:40.979', 'glyphicon glyphicon-picture', '#FFCC00', true),
 (195, 1, 'MO 33045 - MÓDULO 4 - CADASTRO DA EMPRESA - SÓCIO PJ/EMPRESA DE CONGLOMERADO E AVALISTA PJ', 'J', NULL, true, NULL, NULL, true, false, false, true, NULL, NULL, false, false, false, false, '2019-06-05 13:27:03.558606', 'glyphicon glyphicon-picture', '#FFCC00', false),
 (196, 1, 'AVALIAÇÃO DE RISCO DE CRÉDITO DA EMPRESA CONGLOMERADO - SIRIC ', 'J', NULL, true, NULL, NULL, true, false, false, true, NULL, NULL, false, false, false, false, '2019-06-05 13:27:03.558606', 'glyphicon glyphicon-picture', '#FFCC00', false),
 (197, 1, 'LICENÇA AMBIENTAL OU DOCUMENTO DE DISPENSA', NULL, NULL, true, NULL, NULL, true, false, false, true, NULL, NULL, false, false, false, false, '2019-06-05 13:27:03.558606', 'glyphicon glyphicon-picture', '#FFCC00', false),
 (198, 1, 'ANÁLISE SOCIAMBIENTAL DA GERIE', NULL, NULL, true, NULL, NULL, true, false, false, true, NULL, NULL, false, false, false, false, '2019-06-10 15:59:30.864', 'glyphicon glyphicon-picture', '#FFCC00', true),
 (199, 1, 'CERTIDÃO DE MATRÍCULA E CERTIDÃO NEGATIVA DE ÔNUS DO IMÓVEL', NULL, NULL, true, NULL, NULL, true, false, false, true, NULL, NULL, false, false, false, false, '2019-06-05 13:27:03.558606', 'glyphicon glyphicon-picture', '#FFCC00', false),
 (200, 1, 'CARTÃO CNPJ', 'J', NULL, true, NULL, NULL, true, false, false, true, NULL, NULL, false, false, false, false, '2019-06-14 15:11:36.45247', 'glyphicon glyphicon-picture', '#FFCC00', false),
 (201, 1, 'RELATÓRIO DE VISITA', 'J', NULL, true, NULL, NULL, true, false, false, true, NULL, NULL, false, false, false, false, '2019-06-14 15:12:45.53427', 'glyphicon glyphicon-picture', '#FFCC00', false),
 (202, 1, 'TELA DO SICGR', NULL, NULL, true, NULL, NULL, true, false, false, true, NULL, NULL, false, false, false, false, '2019-07-30 12:11:53.112482', 'glyphicon glyohicon-picture', '#FFCC00', false),
 (203, 1, 'DOCUMENTO DE IDENTIFICAÇÃ0', NULL, NULL, false, NULL, NULL, true, false, false, true, NULL, NULL, false, false, false, false, '2019-07-30 12:58:49.95875', 'glyphicon glyohicon-picture', '#FFCC00', false),
 (204, 1, 'DADOS DECLARADOS PF', 'F', 365, false, 'DADOS_DECLARADOS_PF', 'DADOS_DECLARADOS', true, false, true, true, 'dados_declarados', NULL, true, false, false, false, '2019-08-05 18:36:53.232454', 'glyphicon glyphicon-picture', '#FFCC00', false),
 (205, 1, 'NOTA FISCAL OU LAUDO TÉCNICO DE AVALIAÇÃO DE ÔNIBUS', NULL, NULL, false, NULL, NULL, true, false, false, true, NULL, NULL, false, false, false, false, '2019-08-01 18:52:36.905395', 'glyphicon glyphicon-picture', '#FFCC00', false),
 (206, 1, 'DADOS DECLARADOS PJ', 'J', 365, false, 'DADOS_DECLARADOS_PJ', 'DADOS_DECLARADOS', true, false, true, true, 'dados_declarados', NULL, true, false, false, false, '2019-08-05 18:21:57.485015', 'glyphicon glyphicon-picture', '#FFCC00', false),
 (207, 1, 'CERTIDÃO DE EMANCIPAÇÃO', 'F', NULL, true, NULL, NULL, true, false, false, true, NULL, NULL, false, false, false, false, '2019-06-14 15:36:49.245566', 'glyphicon glyphicon-picture', '#FFCC00', false);

UPDATE mtr.mtrtb009_tipo_documento SET ts_ultima_alteracao = now();
SELECT pg_catalog.setval('mtr.mtrsq009_tipo_documento', 207, true);


-- Tabela: mtrtb010_funcao_documental
--

INSERT INTO mtr.mtrtb010_funcao_documental (nu_funcao_documental, nu_versao, no_funcao, ic_processo_administrativo, ic_dossie_digital, ic_apoio_negocio, ts_ultima_alteracao) VALUES 
(11, 1, 'DOCUMENTO CONSTITUTIVO', false, true, false, '2019-06-14 17:38:03.19901'),
(12, 1, 'DOCUMENTO FISCAL/FATURAMENTO', false, true, false, '2019-06-05 13:27:03.558606');

SELECT pg_catalog.setval('mtr.mtrsq010_funcao_documental', 12, true);

UPDATE mtr.mtrtb010_funcao_documental SET ic_apoio_negocio = true WHERE nu_funcao_documental IN (1,2,3);
UPDATE mtr.mtrtb010_funcao_documental SET ts_ultima_alteracao = now();


-- Tabela: mtr.mtrtb011_funcao_documento
--

INSERT INTO mtr.mtrtb011_funcao_documento (nu_tipo_documento, nu_funcao_documental) VALUES 
(47, 3),
(82, 2),
(83, 2),
(85, 2),
(86, 2),
(87, 2),
(88, 2),
(89, 2),
(90, 2),
(92, 2),
(94, 2),
(96, 2),
(97, 2),
(99, 2),
(100, 2),
(101, 2),
(102, 2),
(103, 2),
(104, 2),
(105, 2),
(107, 2),
(108, 2),
(109, 2),
(110, 2),
(111, 2),
(112, 2),
(113, 2),
(114, 2),
(176, 11),
(177, 11),
(178, 11),
(179, 11),
(180, 11),
(181, 12),
(182, 12),
(31, 1),
(32, 1),
(33, 1),
(34, 1),
(35, 1),
(36, 1),
(37, 1),
(38, 1),
(39, 1),
(40, 1),
(42, 1),
(43, 1),
(45, 1),
(46, 1),
(47, 1),
(115, 2),
(65, 2),
(76, 2),
(74, 2),
(61, 2),
(183, 12),
(49, 3),
(50, 3),
(51, 3),
(52, 3),
(60, 3),
(61, 3),
(62, 3),
(63, 3),
(64, 3),
(65, 3),
(66, 3),
(67, 3),
(69, 3),
(72, 3),
(74, 3),
(75, 3),
(76, 3),
(77, 3),
(78, 3),
(79, 3),
(80, 3),
(81, 3);



-- Tabela: mtr.mtrtb012_tipo_situacao_dossie
--

INSERT INTO mtr.mtrtb012_tipo_situacao_dossie (nu_tipo_situacao_dossie, nu_versao, no_tipo_situacao, ic_tipo_inicial, ic_tipo_final, ts_ultima_alteracao) VALUES 
(1, 1, 'Rascunho', true, false, '2019-06-05 13:27:03.558606'),
(2, 1, 'Criado', true, false, '2019-06-05 13:27:03.558606'),
(3, 1, 'Aguardando Tratamento', false, false, '2019-06-05 13:27:03.558606'),
(4, 1, 'Em Tratamento', false, false, '2019-06-05 13:27:03.558606'),
(5, 1, 'Conforme', false, false, '2019-06-05 13:27:03.558606'),
(6, 1, 'Análise Segurança', false, false, '2019-06-05 13:27:03.558606'),
(7, 1, 'Pendente Segurança', false, false, '2019-06-05 13:27:03.558606'),
(8, 1, 'Segurança Finalizado', false, false, '2019-06-05 13:27:03.558606'),
(9, 1, 'Finalizado Conforme', false, true, '2019-06-05 13:27:03.558606'),
(10, 1, 'Finalizado Inconforme', false, true, '2019-06-05 13:27:03.558606'),
(11, 1, 'Cancelado', false, true, '2019-06-05 13:27:03.558606'),
(12, 1, 'Aguardando Alimentação', false, false, '2019-06-05 13:27:03.558606'),
(13, 1, 'Em Alimentação', false, false, '2019-06-05 13:27:03.558606'),
(14, 1, 'Pendente Informação', false, false, '2019-06-05 13:27:03.558606'),
(15, 1, 'Alimentação Finalizada', false, false, '2019-06-05 13:27:03.558606'),
(16, 1, 'Finalizado', false, true, '2019-06-05 13:27:03.558606');

SELECT pg_catalog.setval('mtr.mtrsq012_tipo_situacao_dossie', 16, true);


-- Tabela: mtr.mtrtb022_produto
--

INSERT INTO mtr.mtrtb022_produto (nu_produto, nu_versao, nu_operacao, nu_modalidade, no_produto, ic_contratacao_conjunta, ic_pesquisa_cadin, ic_pesquisa_scpc, ic_pesquisa_serasa, ic_pesquisa_ccf, ic_pesquisa_sicow, ic_pesquisa_receita, ic_tipo_pessoa, ic_dossie_digital, ic_pesquisa_sinad) VALUES 
(3, 1, 193, 0, 'CONSTRUGIRO ANTEC RECEBIVEIS ', false, false, false, false, false, false, false, 'J', false, false),
(4, 1, 194, 0, 'CONTA GARANTIDA CAIXA ', false, false, false, false, false, false, false, 'J', false, false),
(5, 1, 197, 0, 'CHEQUE EMPRESA CAIXA ', false, false, false, false, false, false, false, 'J', false, false),
(6, 1, 215, 0, 'CRED ESP EMP - PARC - FLUT ', false, false, false, false, false, false, false, 'J', false, false),
(7, 1, 275, 0, 'CRED ESP EMP GARANTIA FGO ', false, false, false, false, false, false, false, 'J', false, false),
(8, 1, 277, 0, 'GIROCAIXA REC PIS - GARANTIA FGO ', false, false, false, false, false, false, false, 'J', false, false),
(9, 1, 279, 0, 'CRED ESP EMP   POS GARANTIA FGO ', false, false, false, false, false, false, false, 'J', false, false),
(10, 1, 291, 0, 'GIROCAIXA REC CAIXA   GAR FGO ', false, false, false, false, false, false, false, 'J', false, false),
(11, 1, 465, 0, 'APLIC FUNGETUR ', false, false, false, false, false, false, false, 'J', false, false),
(12, 1, 601, 0, 'CRED EMPRESA-PRE JURO ANTECIP ', false, false, false, false, false, false, false, 'J', false, false),
(13, 1, 605, 0, 'CRED. EMPRESA-PRE.PARC. ', false, false, false, false, false, false, false, 'J', false, false),
(14, 1, 606, 0, 'CRED.EMPRESA-POS PARC.', false, false, false, false, false, false, false, 'J', false, false),
(15, 1, 611, 0, 'CAIXA GIRO SUS ', false, false, false, false, false, false, false, 'J', false, false),
(16, 1, 653, 0, 'CREDFROTA - FINAN DE VEICULOS PJ', false, false, false, false, false, false, false, 'J', false, false),
(17, 1, 625, 0, 'MICROCREDITO PJ ', false, false, false, false, false, false, false, 'J', false, false),
(18, 1, 649, 0, 'BCD - MAQ EQUIPAMENTOS-PRE ', false, false, false, false, false, false, false, 'J', false, false),
(19, 1, 650, 0, 'BCD - MAQ EQUIPAMENTOS-POS ', false, false, false, false, false, false, false, 'J', false, false),
(20, 1, 697, 0, 'PRODUCARD CAIXA - PJ ', false, false, false, false, false, false, false, 'J', false, false),
(21, 1, 702, 0, 'GIROCAIXA - PJ - REC PIS ', false, false, false, false, false, false, false, 'J', false, false),
(22, 1, 704, 0, 'GIROCAIXA RECURS CAIXA ', false, false, false, false, false, false, false, 'J', false, false),
(23, 1, 709, 0, 'BNDES EXIM PRE-EMBARQUE ', false, false, false, false, false, false, false, 'J', false, false),
(24, 1, 710, 0, 'BNDES AUT-NIV ESP-MIC-PEQ-MED EMP. ', false, false, false, false, false, false, false, 'J', false, false),
(25, 1, 711, 0, 'BNDES AUT-NIV PAD-EMP GR PORT ', false, false, false, false, false, false, false, 'J', false, false),
(26, 1, 713, 0, 'BNDES AUTOMATICO  - HOSPITAIS ', false, false, false, false, false, false, false, 'J', false, false),
(27, 1, 714, 0, 'FINAME NIV ESP-MIC-PEQ-MED EMPRESA ', false, false, false, false, false, false, false, 'J', false, false),
(28, 1, 715, 0, 'FINAME NIV PAD-EMP GDE PORTE ', false, false, false, false, false, false, false, 'J', false, false),
(29, 1, 717, 0, 'BNDES GIRO ', false, false, false, false, false, false, false, 'J', false, false),
(30, 1, 731, 0, 'PROGER MICRO PEQ EMPR INV FIXO ', false, false, false, false, false, false, false, 'J', false, false),
(31, 1, 734, 0, 'GIROCAIXA FACIL ', false, false, false, false, false, false, false, 'J', false, false),
(32, 1, 748, 0, 'FINAME EVENTOS ', false, false, false, false, false, false, false, 'J', false, false),
(33, 1, 183, 0, 'GIRO CAIXA INSTANTANEO MULTIP ', false, false, false, false, false, false, false, 'J', false, false),
(34, 1, 767, 0, 'CRED ESP EMPRESA-GRANDES CORPOR ', false, false, false, false, false, false, false, 'J', false, false),
(35, 1, 777, 0, 'CRED ESP EMPRESA-GRANDES CORPOR ', false, false, false, false, false, false, false, 'J', false, false),
(36, 1, 791, 0, 'PARCELADO CARTãO BNDES ', false, false, false, false, false, false, false, 'J', false, false),
(37, 1, 797, 0, 'CARTAO DE CREDITO - PJ ', false, false, false, false, false, false, false, 'J', false, false),
(38, 1, 2540, 0, 'MICROCREDITO PJ ', false, false, false, false, false, false, false, 'J', false, false),
(40, 1, 1048, 0, 'DESCONTO DE DUPLICATAS SINCE ', false, false, false, false, false, false, false, 'J', false, false),
(41, 1, 1049, 0, 'DESCONTO DE CHEQUES PRE-DATADOS SINCE', false, false, false, false, false, false, false, 'J', false, false),
(42, 1, 3001, 0, 'ACC-ACE -ADIANTAMENT.CREDITO EXPORTACAO ', false, false, false, false, false, false, false, 'J', false, false),
(43, 1, 3145, 0, 'FINANC A EXPORTACAO CAIXA-COMP-PJ PRIVAD ', false, false, false, false, false, false, false, 'J', false, false),
(44, 1, 7000, 0, 'FIANCA BANCARIA CAIXA ', false, false, false, false, false, false, false, 'J', false, false),
(45, 1, 7400, 0, 'BCD MAQ EQUIP POS MPE ', false, false, false, false, false, false, false, 'J', false, false),
(46, 1, 7430, 0, 'NCE/CCE - PJ - SETOR PRIVADO - POS ', false, false, false, false, false, false, false, 'J', false, false),
(47, 1, 7600, 0, 'CRED ESP EMP - PRE - FORN GDES CORP -MPE ', false, false, false, false, false, false, false, 'J', false, false),
(48, 1, 7605, 0, 'CRED ESP EMP - PRE -MPE ', false, false, false, false, false, false, false, 'J', false, false),
(49, 1, 7615, 0, 'GIRO CAIXA EMPRESARIAL ', false, false, false, false, false, false, false, 'J', false, false),
(50, 1, 7630, 0, 'CRED ESP EMP   PARC   PRE   FORN GDES CO ', false, false, false, false, false, false, false, 'J', false, false);


SELECT pg_catalog.setval('mtr.mtrsq022_produto', 50, true);


-- Tabela: mtr.mtrtb032_elemento_conteudo
--

INSERT INTO mtr.mtrtb032_elemento_conteudo (nu_elemento_conteudo, nu_versao, nu_elemento_vinculador, nu_produto, nu_processo, nu_tipo_documento, ic_obrigatorio, qt_elemento_obrigatorio, ic_validar, no_campo, de_expressao, no_elemento) VALUES 
(1, 1, NULL, 13, NULL, NULL, false, NULL, false, 'LISTA DE DOCUMENTOS', 'LISTA DE DOCUMENTOS', 'LISTA DE DOCUMENTOS'),
(5, 1, 1, 13, NULL, 22, false, NULL, false, 'LICENÇA AMBIENTAL OU DOCUMENTO DE DISPENSA', 'LICENÇA AMBIENTAL OU DOCUMENTO DE DISPENSA', NULL),
(6, 1, 1, 13, NULL, 23, false, NULL, false, 'ANÁLISE SOCIOAMBIENTAL DA GIRIE', 'ANÁLISE SOCIOAMBIENTAL DA GIRIE', NULL),
(8, 1, 1, 13, NULL, 125, true, NULL, false, 'RESOLUÇÃO EMITIDA PELA AUTORIDADE COMPETENTE', 'RESOLUÇÃO EMITIDA PELA AUTORIDADE COMPETENTE', NULL),
(9, 1, 1, 13, NULL, 126, false, NULL, false, 'RELATÓRIO SIMULADOR DE ALÇADAS - SIALC OU SIASC', 'RELATÓRIO SIMULADOR DE ALÇADAS - SIALC OU SIASC', NULL),
(10, 1, 1, 13, NULL, 127, false, NULL, false, 'PARECER DA MESA DE NEGÓCIOS', 'PARECER DA MESA DE NEGÓCIOS', NULL),
(12, 1, 1, 13, NULL, 141, false, NULL, false, 'TELA SIFAP', 'TELA SIFAP', NULL),
(13, 1, NULL, NULL, 28, NULL, false, NULL, false, 'DOCUMENTOS DA GARANTIA', 'DOCUMENTOS DA GARANTIA', 'DOCUMENTOS DA GARANTIA'),
(15 , 1, 13, NULL, 28, 142, false, NULL, false, 'CCB', 'CCB', 'CCB'),
(18, 1, NULL, 13, NULL, NULL, false, NULL, false, 'LISTA DE DOCUMENTOS PARA AVALAIÇÃO REALIZADA PELA', 'LISTA DE DOCUMENTOS PARA AVALAIÇÃO REALIZADA PELA CERIS', 'LISTA DE DOCUMENTOS - AVALIAÇÃO REALIZADA PELA CERIS'),
(20, 1, 18, 13, NULL, 16, false, NULL, false, 'MO 33243', 'MO 33243', NULL),
(21, 1, 18, 13, NULL, 17, false, NULL, false, 'PARECER CERIS', 'PARECER CERIS', NULL),
(23, 1, 18, 13, NULL, 163, false, NULL, false, 'DOCUMENTO CONSTITUTIVO', 'DOCUMENTO CONSTITUTIVO', NULL),
(24, 1, NULL, 14, NULL, NULL, false, NULL, false, 'LISTA DE DOCUMENTOS', 'LISTA DE DOCUMENTOS', 'LISTA DE DOCUMENTOS'),
(25, 1, 24, 14, NULL, 22, false, NULL, false, 'LICENÇA AMBIENTAL OU DOCUMENTO DE DISPENSA', 'LICENÇA AMBIENTAL OU DOCUMENTO DE DISPENSA', NULL),
(26, 1, 24, 14, NULL, 23, false, NULL, false, 'ANÁLISE SOCIOAMBIENTAL DA GERIE', 'ANÁLISE SOCIOAMBIENTAL DA GERIE', NULL),
(32, 1, 24, 14, NULL, 125, true, NULL, false, 'RESOLUÇÃO EMITIDA PELA AUTORIDADE COMPETENTE', 'RESOLUÇÃO EMITIDA PELA AUTORIDADE COMPETENTE', NULL),
(35, 1, 24, 14, NULL, 126, false, NULL, false, 'RELATÓRIO SIMULADOR DE ALÇADAS - SIALC OU SIASC', 'RELATÓRIO SIMULADOR DE ALÇADAS - SIALC OU SIASC', NULL),
(36, 1, 24, 14, NULL, 127, false, NULL, false, 'PARECER DA MESA DE NEGÓCIOS', 'PARECER DA MESA DE NEGÓCIOS', NULL),
(39, 1, NULL, 14, NULL, NULL, false, NULL, false, 'LISTA DE DOCUMENTOS PARA AVALIAÇÃO REALIZADA PELA ', 'LISTA DE DOCUMENTOS PARA AVALIAÇÃO REALIZADA PELA CERIS', 'LISTA DE DOCUMENTOS - AVALIAÇÃO REALIZADA PELA CERIS'),
(40, 1, 39, 14, NULL, 16, false, NULL, false, 'MO 33243', 'MO 33243', NULL),
(41, 1, 39, 14, NULL, 17, false, NULL, false, 'PARECER CERIS', 'PARECER CERIS', NULL),
(42, 1, 39, 14, NULL, 163, false, NULL, false, 'DOCUMENTO CONSTITUTIVO', 'DOCUMENTOS CONSTITUTIVO', NULL),
(43, 1, 24, 14, NULL, 168, false, NULL, false, 'COMPOSIÇÃO DA GARANTIA', 'COMPOSIÇÃO DA GARANTIA', NULL),
(45, 1, NULL, 1, NULL, NULL, false, NULL, false, 'LISTA DE DOCUMENTOS', 'LISTA DE DOCUMENTOS', 'LISTA DE DOCUMENTOS'),
(46, 1, 45, 1, NULL, 22, false, NULL, false, 'LICENÇA AMBIENTAL OU DOCUMENTO DE DISPENSA', 'LICENÇA AMBIENTAL OU DOCUMENTO DE DISPENSA', NULL),
(48, 1, 45, 1, NULL, 23, false, NULL, false, 'ANALISE SOCIOAMBIENTAL DA GIRIE', 'ANALISE SOCIAMBIENTAL DA GIRIE', NULL),
(49, 1, 45, 1, NULL, 125, true, NULL, false, 'RESOLUÇAO EMITIDA PELA AUTORIADE COMPETENTE', 'RESOLUÇÃO EMITIDA PELA AUTORIDADE COMPETENTE', NULL),
(50, 1, 45, 1, NULL, 126, false, NULL, false, 'RELATÓRIO SIMULADOR DE ALÇADAS - SIALC OU SIASC', 'RELATÓRIO SIMULADOR DE ALÇADAS - SIALC OU SIASC', NULL),
(51, 1, 45, 1, NULL, 127, false, NULL, false, 'PARECER DA MESA DE NEGÓCIOS', 'PARECER DA MESA DE NEGÓCIOS', NULL),
(52, 1, NULL, 1, NULL, NULL, false, NULL, false, 'LISTA DE DOCUMENTOS PARA AVALIAÇÃO REALIZADA PELA ', 'LISTA DE DOCUMENTOS PARA AVALIAÇÃO REALIZADA PELA CERIS', 'LISTA DE DOCUMENTOS - AVALIAÇÃO REALIZADA PELA CERIS'),
(53, 1, 52, 1, NULL, 16, false, NULL, false, 'MO 33243', 'MO 33243', NULL),
(54, 1, 52, 1, NULL, 17, false, NULL, false, 'PARECER CERIS', 'PARECER CERIS', NULL),
(55, 1, 52, 1, NULL, 163, false, NULL, false, 'DOCUMENTO CONSTITUTIVO', 'DOCUMENTO CONSTITUTIVO', NULL),
(56, 1, NULL, 5, NULL, NULL, false, NULL, false, 'LISTA DE DOCUMENTOS', 'LISTA DE DOCUMENTOS', 'LISTA DE DOCUMENTOS'),
(57, 1, 56, 5, NULL, 22, false, NULL, false, 'LICENÇA AMBIENTAL OU DOCUMENTO DE DISPENSA', 'LICENÇA AMBIENTAL OU DOCUMENTO DE DISPENSA', NULL),
(58, 1, 56, 5, NULL, 23, false, NULL, false, 'ANALISE SOCIOAMBIENTAL DA GIRIE', 'ANALISE SOCIO AMBIENTAL DA GIRIE', NULL),
(59, 1, 56, 5, NULL, 125, true, NULL, false, 'RESOLUÇÃO EMITIDA PELA AUTORIDADE COMPETENTE', 'RESOLUÇÃO EMITIDA PELA AUTORIDADE COMPETENTE', NULL),
(60, 1, 56, 5, NULL, 126, false, NULL, false, 'RELATÓRIO SIMULADOR DE ALÇADAS - SIALC SIASC', 'RELATÓRIO SIMULADOR DE ALÇADAS - SIALC SIASC', NULL),
(61, 1, 56, 5, NULL, 127, false, NULL, false, 'PARECER DA MESA DE NEGÓCIOS', 'PARECER DA MESA DE NEGÓCIOS', NULL),
(62, 1, NULL, 5, NULL, NULL, false, NULL, false, 'LISTA DE DOCUMENTOS PARA AVALIAÇÃO REALIZADA PELA ', 'LISTA DE DOCUMENTOS PARA AVALIAÇÃO REALIZADA PELA CERIS', 'LISTA DE DOCUMENTOS - AVALIAÇÃO REALIZADA PELA CERIS'),
(63, 1, 62, 5, NULL, 16, false, NULL, false, 'MO 33243', 'MO 33243', NULL),
(64, 1, 62, 5, NULL, 17, false, NULL, false, 'PARECER CERIS', 'PARECER CERIS', NULL),
(65, 1, 62, 5, NULL, 163, false, NULL, false, 'DOCUMENTO CONSTITUTIVO', 'DOCUMENTO CONSTITUTIVO', NULL),
(66, 1, NULL, 31, NULL, NULL, false, NULL, false, 'LISTA DE DOCUMENTOS', 'LISTA DE DOCUMENTOS', 'LISTA DE DOCUMENTOS'),
(67, 1, 66, 31, NULL, 22, false, NULL, false, 'LICENÇA AMBIENTAL OU DOCUMENTO DE DISPENSA', 'LICENÇA AMBIENTAL OU DOCUMENTO DE DISPENSA', NULL),
(68, 1, 66, 31, NULL, 23, false, NULL, false, 'ANALISE SOCIAMBIENTAL DA GIRIE', 'ANALISE SOCIAMBIENTAL DA GIRIE', NULL),
(69, 1, 66, 31, NULL, 125, true, NULL, false, 'RESOLUÇÃO EMITIDA PELA AUTORIDADE COMPETENTE', 'RESOLUÇÃO EMITDA PELA AUTORIDADE COMPETENTE', NULL),
(70, 1, 66, 31, NULL, 126, false, NULL, false, 'RELATÓRIO SIMULADOR DE ALÇADAS - SIALC OU SIASC', 'RELATÓRIO SIMULADOR DE ALÇADAS - SIALC OU SIASC', NULL),
(71, 1, 66, 31, NULL, 127, false, NULL, false, 'PARECER DA MESA DE NEGÓCIOS', 'PARECER DA MESA DE NEGÓCIOS', NULL),
(72, 1, 66, 31, NULL, 142, false, NULL, false, 'CCB', 'CCB', NULL),
(73, 1, NULL, 31, NULL, NULL, false, NULL, false, 'LISTA DE DOCUMENTOS PARA AVALIAÇÃO REALIZADA PELA ', 'LISTA DE DOCUMENTOS PARA AVALIAÇÃO REALIZADA PELA CERIS', 'LISTA DE DOCUMENTOS - AVALIAÇÃO REALIZADA PELA CERIS'),
(74, 1, 73, 31, NULL, 16, false, NULL, false, 'MO 33243', 'MO 33243 ', NULL),
(75, 1, 73, 31, NULL, 17, false, NULL, false, 'PARECER CERIS', 'PARECER CERIS', NULL),
(76, 1, 73, 31, NULL, 163, false, NULL, false, 'DOCUMENTO CONSTITUTIVO', 'DOCUMENTO CONSTITUTIVO', NULL),
(77, 1, NULL, NULL, 36, NULL, false, NULL, false, 'DOCUMENTOS ACESSÓRIOS À GARANTIA', 'DOCUMENTOS ACESSÓRIOS À GARANTIA', 'DOCUMENTOS ACESSÓRIOS À GARANTIA'),
(78, 1, 77, NULL, 36, 142, false, NULL, false, 'CCB', 'CCB', 'CCB'),
(80, 1, 77, NULL, 36, 146, false, NULL, false, 'TERMO DE CONSTITUIÇÃO DE GARANTIA', 'TERMO DE CONSTITUIÇÃO DE GARANTIA', 'TERMO DE CONSTITUIÇÃO DE GARANTIA'),
(81, 1, 77, NULL, 36, 151, false, NULL, false, 'MO 33638', 'MO 33638', 'MO 33638'),
(84, 1, 77, NULL, 36, 152, false, NULL, false, 'MO 38261', 'MO 38261', 'MO 38261'),
(85, 1, 77, NULL, 36, 153, false, NULL, false, 'PARECER JURÍDICO', 'PARECER JURÍDICO', 'PARECER JURÍDICO'),
(88, 1, 13, NULL, 28, 146, false, NULL, false, 'TERMO DE CONSTITUIÇÃO DE GARANTIA', 'TERMO DE CONSTITUIÇÃO DE GARANTIA', 'TERMO DE CONSTITUIÇÃO DE GARANTIA'),
(89, 1, 13, NULL, 28, 151, false, NULL, false, 'MO 33638', 'MO 33638', 'MO 33638'),
(90, 1, 13, NULL, 28, 152, false, NULL, false, 'MO 38261', 'MO 38261', 'MO 38261'),
(91, 1, 13, NULL, 28, 153, false, NULL, false, 'PARECER JURIDICO', 'PARECER JURIDICO', 'PARECER JURIDICO'),
(92, 1, NULL, 41, NULL, NULL, false, NULL, false, 'LISTA DE DOCUMENTOS', 'LISTA DE DOCUMENTOS', 'LISTA DE DOCUMENTOS'),
(94, 1, 92, 41, NULL, 22, false, NULL, false, 'LICENÇA AMBIENTAL OU DOCUMENTO DE DISPENSA', 'LICENÇA AMBIENTAL OU DOCUMENTO DE DISPENSA', 'LICENÇA AMBIENTAL OU DOCUMENTO DE DISPENSA'),
(95, 1, 92, 41, NULL, 23, false, NULL, false, 'ANÁLISE SOCIOAMBIENTAL DA GIRIE', 'ANÁLISE SOCIOAMBIENTAL DA GIRIE', 'ANÁLISE SOCIOAMBIENTAL DA GIRIE'),
(96, 1, 92, 41, NULL, 125, true, NULL, false, 'RESOLUÇÃO EMITIDA PELA AUTORIDADE COMPETENTE', 'RESOLUÇÃO EMITIDA PELA AUTORIDADE COMPETENTE', 'RESOLUÇÃO EMITIDA PELA AUTORIDADE COMPETENTE'),
(97, 1, 92, 41, NULL, 126, false, NULL, false, 'RELATÓRIO SIMULADOR DE ALÇADAS - SIALC OU SIASC', 'RELATÓRIO SIMULADOR DE ALÇADAS - SIALC OU SIASC', 'RELATÓRIO SIMULADOR DE ALÇADAS - SIALC OU SIASC'),
(98, 1, 92, 41, NULL, 127, false, NULL, false, 'PARECER DA MESA DE NEGÓCIOS', 'PARECER DA MESA DE NEGÓCIOS', 'PARECER DA MESA DE NEGÓCIOS'),
(99, 1, 92, 41, NULL, 141, false, NULL, false, 'TELA SIFAP', 'TELA SIFAP', 'TELA SIFAP'),
(100, 1, NULL, 41, NULL, NULL, false, NULL, false, 'LISTA DE DOCUMENTOS PARA AVALAIÇÃO REALIZADA PELA ', 'LISTA DE DOCUMENTOS PARA AVALAIÇÃO REALIZADA PELA CERIS', 'LISTA DE DOCUMENTOS - AVALIAÇÃO REALIZADA PELA CERIS'),
(101, 1, 100, 41, NULL, 16, false, NULL, false, 'MO 33243', 'MO 33243', 'MO 33243'),
(102, 1, 100, 41, NULL, 17, false, NULL, false, 'PARECER CERIS', 'PARECER CERIS', 'PARECER CERIS'),
(103, 1, 100, 41, NULL, 163, false, NULL, false, 'DOCUMENTO CONSTITUTIVO', 'DOCUMENTO CONSTITUTIVO', 'DOCUMENTO CONSTITUTIVO'),
(104, 1, NULL, 4, NULL, NULL, false, NULL, false, 'LISTA DE DOCUMENTOS', 'LISTA DE DOCUMENTOS', 'LISTA DE DOCUMENTOS'),
(105, 1, 104, 4, NULL, 22, false, NULL, false, 'LICENÇA AMBIENTAL', 'LICENÇA AMBIENTAL', 'LICENÇA AMBIETAL'),
(106, 1, 104, 4, NULL, 23, false, NULL, false, 'ANÁLISE DA GIRIE', 'ANÁLISE DA GIRIE', 'ANÁLISE DA GIRIE'),
(107, 1, 104, 4, NULL, 125, true, NULL, false, 'RESOLUÇÃO', 'RESOLUÇÃO', 'RESOLUÇÃO'),
(108, 1, 104, 4, NULL, 126, false, NULL, false, 'SIMULADOR', 'SIMULADOR', 'SIMULADOR'),
(109, 1, 104, 4, NULL, 127, false, NULL, false, 'PARECER DA MESA', 'PARECER DA MESA', 'PARECER DA MESA'),
(110, 1, 104, 4, NULL, 130, false, NULL, false, 'PARECER DO JURIDICO', 'PARECER DO JURIDICO', 'PARECER DO JURIDICO'),
(113, 1, 104, 4, NULL, 40, false, NULL, false, 'PROCURÇÃO', 'PROCURAÇÃO', 'PROCURAÇÃO'),
(114, 1, 104, 4, NULL, 203, false, NULL, false, 'DOCUMENTO DE IDENTIFICAÇÃO', 'DOC. IDENTIFOICAÇÃO', 'DOC. IDENTIFICAÇÃO'),
(115, 1, NULL, 4, NULL, NULL, false, NULL, false, 'DOCUMENTOS PARA AVALIAÇÃO REALIZADA PELA CERIS ', 'DOCUMENTOS PARA AVALIAÇÃO REALIZADA PELA CERIS ', 'LISTA DE DOCUMENTOS - AVALIAÇÃO REALIZADA PELA CERIS'),
(116, 1, 115, 4, NULL, 16, false, NULL, false, 'MO 33243', NULL, NULL),
(118, 1, 115, 4, NULL, 17, false, NULL, false, 'PARCERE CERIS', NULL, NULL),
(119, 1, 115, 4, NULL, 163, false, NULL, false, 'DOCUMENTO CONSTITUTIVO', NULL, NULL),
(120, 1, NULL, 3, NULL, NULL, false, NULL, false, 'LISTA DE DOCUMENTOS', NULL, 'LISTA DE DOCUMENTOS'),
(121, 1, 120, 3, NULL, 22, false, NULL, false, 'LICENÇA AMBIENTAL', NULL, NULL),
(122, 1, 120, 3, NULL, 23, false, NULL, false, 'ANÁLISE DA GIRIE', NULL, NULL),
(123, 1, 120, 3, NULL, 125, true, NULL, false, 'RESOLUÇÃO', NULL, NULL),
(124, 1, 120, 3, NULL, 126, false, NULL, false, 'SIMULADOR', NULL, NULL),
(125, 1, 120, 3, NULL, 127, false, NULL, false, 'PARECER DA MESA', NULL, NULL),
(126, 1, 120, 3, NULL, 130, false, NULL, false, 'PARECER DO JURIDICO', NULL, NULL),
(127, 1, 120, 3, NULL, 40, false, NULL, false, 'PROCURAÇÃO', NULL, NULL),
(128, 1, 120, 3, NULL, 203, false, NULL, false, 'DOCUMENTO DE IDENTIFICAÇÃO', NULL, NULL),
(129, 1, NULL, 3, NULL, NULL, false, NULL, false, 'LISTA DOCUMENTO CERIS', NULL, 'LISTA DE DOCUMENTOS - AVALIAÇÃO REALIZADA PELA CERIS'),
(130, 1, 129, 3, NULL, 16, false, NULL, false, 'MO 33243', NULL, NULL),
(131, 1, 129, 3, NULL, 17, false, NULL, false, 'PARECER CERIS', NULL, NULL),
(132, 1, 129, 3, NULL, 163, false, NULL, false, 'DOCUMENTO CONSTITUTIVO', NULL, NULL),
(133, 1, NULL, 6, NULL, NULL, false, NULL, false, 'LISTA DE DOCUMENTOS', NULL, 'LISTA DE DOCUMENTOS'),
(135, 1, 133, 6, NULL, 22, false, NULL, false, 'LICENÇA AMBIENTAL', NULL, NULL),
(136, 1, 133, 6, NULL, 23, false, NULL, false, 'ANÁLISE DA GIRIE', NULL, NULL),
(137, 1, 133, 6, NULL, 125, true, NULL, false, 'RESOLUÇÃO', NULL, NULL),
(138, 1, 133, 6, NULL, 126, false, NULL, false, 'SIMULADOR', NULL, NULL),
(139, 1, 133, 6, NULL, 127, false, NULL, false, 'PARECER DA MESA', NULL, NULL),
(140, 1, 133, 6, NULL, 130, false, NULL, false, 'PARECER DO JURIDICO', NULL, NULL),
(141, 1, 133, 6, NULL, 40, false, NULL, false, 'PROCURAÇÃO', NULL, NULL),
(142, 1, 133, 6, NULL, 203, false, NULL, false, 'DOCUMENTO DE IDENTIFICAÇÃO', NULL, NULL),
(143, 1, NULL, 6, NULL, NULL, false, NULL, false, 'LISTA DOCUMENTO CERIS', NULL, 'LISTA DE DOCUMENTOS - AVALIAÇÃO REALIZADA PELA CERIS'),
(144, 1, 143, 6, NULL, 16, false, NULL, false, 'MO 33243', NULL, NULL),
(146, 1, 143, 6, NULL, 17, false, NULL, false, 'PARECER CERIS', NULL, NULL),
(147, 1, 143, 6, NULL, 163, false, NULL, false, 'DOCUMENTO CONSTITUTIVO', NULL, NULL),
(148, 1, NULL, 7, NULL, NULL, false, NULL, false, 'LISTA DE DOCUMENTOS', NULL, 'LISTA DE DOCUMENTOS'),
(149, 1, 148, 7, NULL, 22, false, NULL, false, 'LICENÇA AMBIENTAL', NULL, NULL),
(150, 1, 148, 7, NULL, 23, false, NULL, false, 'ANALISE DA GIRIE', NULL, NULL),
(151, 1, 148, 7, NULL, 125, true, NULL, false, 'RESOLUÇÃO', NULL, NULL),
(152, 1, 148, 7, NULL, 126, false, NULL, false, 'SIMULADOR', NULL, NULL),
(153, 1, 148, 7, NULL, 127, false, NULL, false, 'PARECER DA MESA', NULL, NULL),
(154, 1, 148, 7, NULL, 130, false, NULL, false, 'PARECER DO JURIDICO', NULL, NULL),
(155, 1, 148, 7, NULL, 40, false, NULL, false, 'PROCURAÇÃO', NULL, NULL),
(157, 1, 148, 7, NULL, 203, false, NULL, false, 'DOCUMENTO DE IDENTIFICAÇÃO', NULL, NULL),
(158, 1, NULL, 7, NULL, NULL, false, NULL, false, 'LISTA DOCUMENTO CERIS', NULL, 'LISTA DE DOCUMENTOS - AVALIAÇÃO REALIZADA PELA CERIS'),
(159, 1, 158, 7, NULL, 16, false, NULL, false, 'MO 33243', NULL, NULL),
(160, 1, 158, 7, NULL, 17, false, NULL, false, 'PARECER CERIS', NULL, NULL),
(161, 1, 158, 7, NULL, 163, false, NULL, false, 'DOCUMENTO CONSTITUTIVO', NULL, NULL),
(162, 1, NULL, 8, NULL, NULL, false, NULL, false, 'LISTA DE DOCUMENTOS', NULL, 'LISTA DE DOCUMENTOS'),
(163, 1, 162, 8, NULL, 22, false, NULL, false, 'LICENÇA AMBIENTAL', NULL, NULL),
(164, 1, 162, 8, NULL, 23, false, NULL, false, 'ANALISE DA GIRIE', NULL, NULL),
(165, 1, 162, 8, NULL, 125, true, NULL, false, 'RESOLUÇÃO', NULL, NULL),
(166, 1, 162, 8, NULL, 126, false, NULL, false, 'SIMULADOR', NULL, NULL),
(167, 1, 162, 8, NULL, 127, false, NULL, false, 'PARECER DA MESA', NULL, NULL),
(168, 1, 162, 8, NULL, 130, false, NULL, false, 'PARECER DO JURIDICO', NULL, NULL),
(169, 1, 162, 8, NULL, 40, false, NULL, false, 'PROCURAÇÃO', NULL, NULL),
(170, 1, 162, 8, NULL, 203, false, NULL, false, 'DOCUMENTO DE IDNETIFICAÇÃO', NULL, NULL),
(171, 1, NULL, 8, NULL, NULL, false, NULL, false, 'LISTA DE DOCUMENTO CERIS', NULL, 'LISTA DE DOCUMENTOS - AVALIAÇÃO REALIZADA PELA CERIS'),
(172, 1, 171, 8, NULL, 16, false, NULL, false, 'MO 33243', NULL, NULL),
(173, 1, 171, 8, NULL, 17, false, NULL, false, 'PARECER CERIS', NULL, NULL),
(174, 1, 171, 8, NULL, 163, false, NULL, false, 'DOCUMENTO CONSTITUIÇÃO', NULL, NULL),
(175, 1, NULL, 9, NULL, NULL, false, NULL, true, 'LISTA DE DOCUMENTOS', NULL, 'LISTA DE DOCUMENTOS'),
(176, 1, 175, 9, NULL, 22, false, NULL, false, 'LICENÇA AMBIENTAL', NULL, NULL),
(177, 1, 175, 9, NULL, 23, false, NULL, false, 'ANLISE DA GIRIE', NULL, NULL),
(178, 1, 175, 9, NULL, 125, true, NULL, false, 'RESOLUÇÃO', NULL, NULL),
(179, 1, 175, 9, NULL, 126, false, NULL, false, 'SIMULADOR', NULL, NULL),
(180, 1, 175, 9, NULL, 127, false, NULL, false, 'PARECER DA MESA', NULL, NULL),
(181, 1, 175, 9, NULL, 130, false, NULL, false, 'PARCER DO  JURIDICO', NULL, NULL),
(182, 1, 175, 9, NULL, 40, false, NULL, false, 'PROCURAÇÃO', NULL, NULL),
(183, 1, 175, 9, NULL, 203, false, NULL, false, 'DOCUMENTO DE IDENTIFICAÇÃO', NULL, NULL),
(184, 1, NULL, 9, NULL, NULL, false, NULL, false, 'LISTA DE DOCUMENTOS CERIS', NULL, 'LISTA DE DOCUMENTOS - AVALIAÇÃO REALIZADA PELA CERIS'),
(186, 1, 184, 9, NULL, 16, false, NULL, false, 'MO 33243', NULL, NULL),
(187, 1, 184, 9, NULL, 17, false, NULL, false, 'PARECER CERIS', NULL, NULL),
(189, 1, 184, 9, NULL, 163, false, NULL, false, 'DOCUMENTO CONSTITUIÇÃO', NULL, NULL),
(190, 1, NULL, 10, NULL, NULL, false, NULL, false, 'LISTA DE DOCUMENTOS', NULL, 'LISTA DE DOCUMENTOS'),
(192, 1, 190, 10, NULL, 22, false, NULL, false, 'LICENÇA AMBIENTAL', NULL, NULL),
(193, 1, 190, 10, NULL, 23, false, NULL, false, 'ANALISE DA GIRIE', NULL, NULL),
(194, 1, 190, 10, NULL, 125, true, NULL, false, 'RESOLUÇÃO', NULL, NULL),
(195, 1, 190, 10, NULL, 126, false, NULL, false, 'SIMULADOR', NULL, NULL),
(196, 1, 190, 10, NULL, 127, false, NULL, false, 'PARECER DA MESA', NULL, NULL),
(197, 1, 190, 10, NULL, 130, false, NULL, false, 'PARECER DO JURIDICO', NULL, NULL),
(198, 1, 190, 10, NULL, 40, false, NULL, false, 'PROCURAÇÃO', NULL, NULL),
(199, 1, 190, 10, NULL, 203, false, NULL, false, 'DOCUMENTO DE IDENTICIAÇÃO', NULL, NULL),
(200, 1, NULL, 10, NULL, NULL, false, NULL, false, 'LISTA DE DOCUMENTOS CERIS', NULL, 'LISTA DE DOCUMENTOS - AVALIAÇÃO REALIZADA PELA CERIS'),
(201, 1, 200, 10, NULL, 16, false, NULL, false, 'MO 33243', NULL, NULL),
(202, 1, 200, 10, NULL, 17, false, NULL, false, 'PARECER CERIS', NULL, NULL),
(203, 1, 200, 10, NULL, 163, false, NULL, false, 'DOCUMENTO CONSTITUIÇÃO', NULL, NULL),
(204, 1, NULL, 12, NULL, NULL, false, NULL, false, 'LISTA DE DOCUMENTO', NULL, 'LISTA DE DOCUMENTO'),
(205, 1, 204, 12, NULL, 22, false, NULL, false, 'LICENÇA AMBIENTAL', NULL, NULL),
(207, 1, 204, 12, NULL, 23, false, NULL, false, 'ANALISE GIRIE', NULL, NULL),
(208, 1, 204, 12, NULL, 125, true, NULL, false, 'RESOLUÇÃO', NULL, NULL),
(209, 1, 204, 12, NULL, 126, false, NULL, false, 'SIMULADOR', NULL, NULL),
(210, 1, 204, 12, NULL, 127, false, NULL, false, 'PARECER DA MESA', NULL, NULL),
(211, 1, 204, 12, NULL, 130, false, NULL, false, 'PARECER DO JURIDICO', NULL, NULL),
(212, 1, 204, 12, NULL, 40, false, NULL, false, 'PROCURAÇÃO', NULL, NULL),
(213, 1, 204, 12, NULL, 203, false, NULL, false, 'DOCUMENTO DE IDENTIFICAÇÃO', NULL, NULL),
(214, 1, NULL, 12, NULL, NULL, false, NULL, false, 'LISTA DE DOCUMENTOS CERIS', NULL, 'LISTA DE DOCUMENTOS - AVALIAÇÃO REALIZADA PELA CERIS'),
(216, 1, 214, 12, NULL, 16, false, NULL, false, 'MO 33243', NULL, NULL),
(217, 1, 214, 12, NULL, 17, false, NULL, false, 'PARECER CERIS', NULL, NULL),
(218, 1, 214, 12, NULL, 163, false, NULL, false, 'DOCUMENTO CONSTITUIÇÃO', NULL, NULL),
(219, 1, NULL, 15, NULL, NULL, false, NULL, false, 'LISTA DE DOCUMENTOS', NULL, 'LISTA DE DOCUMENTOS'),
(220, 1, 219, 15, NULL, 22, false, NULL, false, 'LICENÇA AMBIENTAL', NULL, NULL),
(221, 1, 219, 15, NULL, 23, false, NULL, false, 'ANÁLISE GIRIE', NULL, NULL),
(222, 1, 219, 15, NULL, 125, true, NULL, false, 'RESOLUÇÃO', NULL, NULL),
(223, 1, 219, 15, NULL, 126, false, NULL, false, 'SIMULADOR', NULL, NULL),
(224, 1, 219, 15, NULL, 127, false, NULL, false, 'PARECER DA MESA', NULL, NULL),
(226, 1, 219, 15, NULL, 130, false, NULL, false, 'PARECER DO JURIDICO', NULL, NULL),
(227, 1, 219, 15, NULL, 40, false, NULL, false, 'PROCURAÇÃO', NULL, NULL),
(228, 1, 219, 15, NULL, 203, false, NULL, false, 'DOCUMENTO DE IDENTIFICAÇÃO', NULL, NULL),
(229, 1, NULL, 15, NULL, NULL, false, NULL, false, 'LISTA DE DOCUMENTOS CERIS', NULL, 'LISTA DE DOCUMENTOS - AVALIAÇÃO REALIZADA PELA CERIS'),
(230, 1, 229, 15, NULL, 16, false, NULL, false, 'MO 33243', NULL, NULL),
(231, 1, 229, 15, NULL, 17, false, NULL, false, 'PARECER CERIS', NULL, NULL),
(232, 1, 229, 15, NULL, 163, false, NULL, false, 'DOCUMENTO CONSTITUIÇÃO', NULL, NULL),
(233, 1, NULL, 16, NULL, NULL, false, NULL, false, 'LISTA DE DOCUMENTOS', NULL, 'LISTA DE DOCUMENTOS'),
(234, 1, 233, 16, NULL, 22, false, NULL, false, 'LICENÇA AMBIENTAL', NULL, NULL),
(235, 1, 233, 16, NULL, 23, false, NULL, false, 'ANÁLISE GIRIE', NULL, NULL),
(236, 1, 233, 16, NULL, 125, true, NULL, false, 'RESOLUÇÃO', NULL, NULL),
(237, 1, 233, 16, NULL, 126, false, NULL, false, 'SIMULADOR', NULL, NULL),
(238, 1, 233, 16, NULL, 127, false, NULL, false, 'PARECER DA MESA', NULL, NULL),
(239, 1, 233, 16, NULL, 130, false, NULL, false, 'PARECER DO JURIDICO', NULL, NULL),
(240, 1, 233, 16, NULL, 40, false, NULL, false, 'PROCURAÇÃO', NULL, NULL),
(241, 1, 233, 16, NULL, 203, false, NULL, false, 'DOCUMENTO DE IDENTIFICAÇÃO', NULL, NULL),
(242, 1, NULL, 16, NULL, NULL, false, NULL, false, 'LISTA DE DOCUMENTOS CERIS', NULL, 'LISTA DE DOCUMENTOS - AVALIAÇÃO REALIZADA PELA CERIS'),
(243, 1, 242, 16, NULL, 16, false, NULL, false, 'MO 33243', NULL, NULL),
(244, 1, 242, 16, NULL, 17, false, NULL, false, 'PARECER CERIS', NULL, NULL),
(245, 1, 242, 16, NULL, 163, false, NULL, false, 'DOCUMENTO CONSTITUIÇÃO', NULL, NULL),
(246, 1, NULL, 18, NULL, NULL, false, NULL, false, 'LISTA DE DOCUMENTOS', NULL, 'LISTA DE DOCUMENTOS'),
(247, 1, 246, 18, NULL, 22, false, NULL, false, 'LICENÇA AMBIENTAL', NULL, NULL),
(248, 1, 246, 18, NULL, 23, false, NULL, false, 'ANÁLISE GIRIE', NULL, NULL),
(249, 1, 246, 18, NULL, 125, true, NULL, false, 'RESOLUÇÃO', NULL, NULL),
(250, 1, 246, 18, NULL, 126, false, NULL, false, 'SIMULADOR', NULL, NULL),
(251, 1, 246, 18, NULL, 127, false, NULL, false, 'PARECER DA MESA', NULL, NULL),
(252, 1, 246, 18, NULL, 130, false, NULL, false, 'PARECER DO JURIDICO', NULL, NULL),
(253, 1, 246, 18, NULL, 40, false, NULL, false, 'PROCURAÇÃO', NULL, NULL),
(254, 1, 246, 18, NULL, 203, false, NULL, false, 'DOCUMENTO DE IDENTIFICAÇÃO', NULL, NULL),
(257, 1, NULL, 18, NULL, NULL, false, NULL, false, 'LISTA DE DOCUMENTOS CERIS', NULL, 'LISTA DE DOCUMENTOS - AVALIAÇÃO REALIZADA PELA CERIS'),
(258, 1, 257, 18, NULL, 16, false, NULL, false, 'MO 33243', NULL, NULL),
(260, 1, 257, 18, NULL, 17, false, NULL, false, 'PARECER CERIS', NULL, NULL),
(261, 1, 257, 18, NULL, 163, false, NULL, false, 'DOCUMENTO CONSTITUIÇÃO', NULL, NULL),
(262, 1, NULL, 19, NULL, NULL, false, NULL, false, 'LISTA DE DOCUMENTOS', NULL, 'LISTA DE DOCUMENTOS'),
(263, 1, 262, 19, NULL, 22, false, NULL, false, 'LICENÇA AMBIENTAL', NULL, NULL),
(264, 1, 262, 19, NULL, 23, false, NULL, false, 'ANÁLISE GIRIE', NULL, NULL),
(265, 1, 262, 19, NULL, 125, true, NULL, false, 'RESOLUÇÃO', NULL, NULL),
(266, 1, 262, 19, NULL, 126, false, NULL, false, 'SIMULADOR', NULL, NULL),
(267, 1, 262, 19, NULL, 127, false, NULL, false, 'PARECER DA MESA', NULL, NULL),
(268, 1, 262, 19, NULL, 130, false, NULL, false, 'PARECER DO JURIDICO', NULL, NULL),
(269, 1, 262, 19, NULL, 40, false, NULL, false, 'PROCURAÇÃO', NULL, NULL),
(270, 1, 262, 19, NULL, 203, false, NULL, false, 'DOCUMENTO DE IDENTIFICAÇÃO', NULL, NULL),
(271, 1, NULL, 19, NULL, NULL, false, NULL, false, 'LISTA DE DOCUMENTOS CERIS', NULL, 'LISTA DE DOCUMENTOS - AVALIAÇÃO REALIZADA PELA CERIS'),
(272, 1, 271, 19, NULL, 16, false, NULL, false, 'MO 33243', NULL, NULL),
(273, 1, 271, 19, NULL, 17, false, NULL, false, 'PARECER CERIS', NULL, NULL),
(274, 1, 271, 19, NULL, 163, false, NULL, false, 'DOCUMENTO CONSTITUIÇÃO', NULL, NULL),
(275, 1, NULL, 20, NULL, NULL, false, NULL, false, 'LSITA DE DOCUMENTO', NULL, 'LISTA DE DOCUMENTOS'),
(278, 1, 275, 20, NULL, 22, false, NULL, false, 'LICENÇA AMBIENTAL', NULL, NULL),
(281, 1, 275, 20, NULL, 23, false, NULL, false, 'ANÁLISE GIRIE', NULL, NULL),
(282, 1, 275, 20, NULL, 125, true, NULL, false, 'RESOLUÇÃO', NULL, NULL),
(283, 1, 275, 20, NULL, 126, false, NULL, false, 'SIMULADOR', NULL, NULL),
(284, 1, 275, 20, NULL, 127, false, NULL, false, 'PARECER DA MESA', NULL, NULL),
(285, 1, 275, 20, NULL, 130, false, NULL, false, 'PARECER DO JURIDICO', NULL, NULL),
(286, 1, 275, 20, NULL, 40, false, NULL, false, 'PROCURAÇÃO', NULL, NULL),
(287, 1, 275, 20, NULL, 203, false, NULL, false, 'DOCUMENTO DE IDENTIFICAÇÃO', NULL, NULL),
(288, 1, NULL, 20, NULL, NULL, false, NULL, false, 'LISTA DE DOCUMENTOS CERIS', NULL, 'LISTA DE DOCUMENTOS - AVALIAÇÃO REALIZADA PELA CERIS'),
(289, 1, 288, 20, NULL, 16, false, NULL, false, 'MO 33243', NULL, NULL),
(290, 1, 288, 20, NULL, 17, false, NULL, false, 'PARECER CERIS', NULL, NULL),
(291, 1, 288, 20, NULL, 163, false, NULL, false, 'DOCUMENTO CONSTITUIÇÃO', NULL, NULL),
(292, 1, NULL, 21, NULL, NULL, false, NULL, false, 'LSITA DE DOCUMENTOS', NULL, 'LISTA DE DOCUMENTOS'),
(293, 1, 292, 21, NULL, 22, false, NULL, false, 'LICENÇA AMBIENTAL', NULL, NULL),
(294, 1, 292, 21, NULL, 23, false, NULL, false, 'ANÁLISE GIRIE', NULL, NULL),
(295, 1, 292, 21, NULL, 125, true, NULL, false, 'RESOLUÇÃO', NULL, NULL),
(296, 1, 292, 21, NULL, 126, false, NULL, false, 'SIMULADOR', NULL, NULL),
(299, 1, 292, 21, NULL, 127, false, NULL, false, 'PARECER DA MESA', NULL, NULL),
(300, 1, 292, 21, NULL, 130, false, NULL, false, 'PARECER DO JURIDICO', NULL, NULL),
(301, 1, 292, 21, NULL, 40, false, NULL, false, 'PROCURAÇÃO', NULL, NULL),
(302, 1, 292, 21, NULL, 203, false, NULL, false, 'DOCUMENTO DE IDENTIFICAÇÃO', NULL, NULL),
(303, 1, NULL, 21, NULL, NULL, false, NULL, false, 'LISTA DE DOCUMENTOS CERIS', NULL, 'LISTA DE DOCUMENTOS - AVALIAÇÃO REALIZADA PELA CERIS'),
(304, 1, 303, 21, NULL, 16, false, NULL, false, 'MO 33243', NULL, NULL),
(305, 1, 303, 21, NULL, 17, false, NULL, false, 'PARECER CERIS', NULL, NULL),
(306, 1, 303, 21, NULL, 163, false, NULL, false, 'DOCUMENTO CONSTITUIÇÃO', NULL, NULL),
(307, 1, NULL, 22, NULL, NULL, false, NULL, false, 'LISTA DE DOCUMENTO', NULL, 'LISTA DE DOCUMENTOS'),
(308, 1, 307, 22, NULL, 22, false, NULL, false, 'LICENÇA AMBIENTAL', NULL, NULL),
(309, 1, 307, 22, NULL, 23, false, NULL, false, 'ANÁLISE GIRIE', NULL, NULL),
(310, 1, 307, 22, NULL, 125, true, NULL, false, 'RESOLUÇÃO', NULL, NULL),
(311, 1, 307, 22, NULL, 126, false, NULL, false, 'SIMULADOR', NULL, NULL),
(312, 1, 307, 22, NULL, 127, false, NULL, false, 'PARECER DA MESA', NULL, NULL),
(313, 1, 307, 22, NULL, 130, false, NULL, false, 'PARECER DO JURIDICO', NULL, NULL),
(314, 1, 307, 22, NULL, 40, false, NULL, false, 'PROCURAÇÃO', NULL, NULL),
(315, 1, 307, 22, NULL, 203, false, NULL, false, 'DOCUMENTO DE IDENTIFICAÇÃO', NULL, NULL),
(316, 1, NULL, 22, NULL, NULL, false, NULL, false, 'LISTA DE DOCUMENTOS CERIS', NULL, 'LISTA DE DOCUMENTOS - AVALIAÇÃO REALIZADA PELA CERIS'),
(317, 1, 316, 22, NULL, 16, false, NULL, false, 'MO 33243', NULL, NULL),
(318, 1, 316, 22, NULL, 17, false, NULL, false, 'PARECER CERIS', NULL, NULL),
(319, 1, 316, 22, NULL, 163, false, NULL, false, 'DOCUMENTO CONSTITUIÇÃO', NULL, NULL),
(320, 1, NULL, 23, NULL, NULL, false, NULL, false, 'LISTA DE DOCUMENTO', NULL, 'LISTA DE DOCUMENTOS'),
(321, 1, 320, 23, NULL, 22, false, NULL, false, 'LICENÇA AMBIENTAL', NULL, NULL),
(322, 1, 320, 23, NULL, 23, false, NULL, false, 'ANÁLISE GIRIE', NULL, NULL),
(323, 1, 320, 23, NULL, 125, true, NULL, false, 'RESOLUÇÃO', NULL, NULL),
(324, 1, 320, 23, NULL, 126, false, NULL, false, 'SIMULADOR', NULL, NULL),
(325, 1, 320, 23, NULL, 127, false, NULL, false, 'PARECER DA MESA', NULL, NULL),
(326, 1, 320, 23, NULL, 130, false, NULL, false, 'PARECER DO JURIDICO', NULL, NULL),
(327, 1, 320, 23, NULL, 40, false, NULL, false, 'PROCURAÇÃO', NULL, NULL),
(328, 1, 320, 23, NULL, 203, false, NULL, false, 'DOCUMENTO DE IDENTIFICAÇÃO', NULL, NULL),
(329, 1, NULL, 23, NULL, NULL, false, NULL, false, 'LISTA DE DOCUMENTOS CERIS', NULL, 'LISTA DE DOCUMENTOS - AVALIAÇÃO REALIZADA PELA CERIS'),
(330, 1, 329, 23, NULL, 16, false, NULL, false, 'MO 33243', NULL, NULL),
(331, 1, 329, 23, NULL, 17, false, NULL, false, 'PARECER CERIS', NULL, NULL),
(332, 1, 329, 23, NULL, 163, false, NULL, false, 'DOCUMENTO CONSTITUIÇÃO', NULL, NULL),
(333, 1, NULL, 24, NULL, NULL, false, NULL, false, 'LISTA DE DOCUMENTOS', NULL, 'LISTA DE DOCUMENTOS'),
(334, 1, 333, 24, NULL, 22, false, NULL, false, 'LICENÇA AMBIENTAL', NULL, NULL),
(335, 1, 333, 24, NULL, 23, false, NULL, false, 'ANÁLISE GIRIE', NULL, NULL),
(336, 1, 333, 24, NULL, 125, true, NULL, false, 'RESOLUÇÃO', NULL, NULL),
(337, 1, 333, 24, NULL, 126, false, NULL, false, 'SIMULADOR', NULL, NULL),
(338, 1, 333, 24, NULL, 127, false, NULL, false, 'PARECER DA MESA', NULL, NULL),
(339, 1, 333, 24, NULL, 130, false, NULL, false, 'PARECER DO JURIDICO', NULL, NULL),
(340, 1, 333, 24, NULL, 40, false, NULL, false, 'PROCURAÇÃO', NULL, NULL),
(341, 1, 333, 24, NULL, 203, false, NULL, false, 'DOCUMENTO DE IDENTIFICAÇÃO', NULL, NULL),
(342, 1, NULL, 24, NULL, NULL, false, NULL, false, 'LISTA DE DOCUMENTOS CERIS', NULL, 'LISTA DE DOCUMENTOS - AVALIAÇÃO REALIZADA PELA CERIS'),
(343, 1, 342, 24, NULL, 16, false, NULL, false, 'MO 33243', NULL, NULL),
(344, 1, 342, 24, NULL, 17, false, NULL, false, 'PARECER CERIS', NULL, NULL),
(345, 1, 342, 24, NULL, 163, false, NULL, false, 'DOCUMENTO CONSTITUIÇÃO', NULL, NULL),
(346, 1, NULL, 25, NULL, NULL, false, NULL, false, 'LISTA DE DOCUMENTOS', NULL, 'LISTA DE DOCUMENTOS'),
(347, 1, 346, 25, NULL, 22, false, NULL, false, 'LICENÇA AMBIENTAL', NULL, NULL),
(348, 1, 346, 25, NULL, 23, false, NULL, false, 'ANÁLISE GIRIE', NULL, NULL),
(349, 1, 346, 25, NULL, 125, true, NULL, false, 'RESOLUÇÃO', NULL, NULL),
(350, 1, 346, 25, NULL, 126, false, NULL, false, 'SIMULADOR', NULL, NULL),
(351, 1, 346, 25, NULL, 127, false, NULL, false, 'PARECER DA MESA', NULL, NULL),
(352, 1, 346, 25, NULL, 130, false, NULL, false, 'PARECER DO JURIDICO', NULL, NULL),
(353, 1, 346, 25, NULL, 40, false, NULL, false, 'PROCURAÇÃO', NULL, NULL),
(354, 1, 346, 25, NULL, 203, false, NULL, false, 'DOCUMENTO DE IDENTIFICAÇÃO', NULL, NULL),
(355, 1, NULL, 25, NULL, NULL, false, NULL, false, 'LISTA DE DOCUMENTOS CERIS', NULL, 'LISTA DE DOCUMENTOS - AVALIAÇÃO REALIZADA PELA CERIS'),
(360, 1, 355, 25, NULL, 16, false, NULL, false, 'MO 33243', NULL, NULL),
(361, 1, 355, 25, NULL, 17, false, NULL, false, 'PARECER CERIS', NULL, NULL),
(362, 1, 355, 25, NULL, 163, false, NULL, false, 'DOCUMENTO CONSTITUIÇÃO', NULL, NULL),
(363, 1, NULL, 26, NULL, NULL, false, NULL, false, 'LISTA DE DOCUMENTOS', NULL, 'LISTA DE DOCUMENTOS'),
(364, 1, 363, 26, NULL, 22, false, NULL, false, '22', NULL, NULL),
(365, 1, 363, 26, NULL, 23, false, NULL, false, '23', NULL, NULL),
(366, 1, 363, 26, NULL, 125, true, NULL, false, '125', NULL, NULL),
(367, 1, 363, 26, NULL, 126, false, NULL, false, '126', NULL, NULL),
(368, 1, 363, 26, NULL, 127, false, NULL, false, '127', NULL, NULL),
(369, 1, 363, 26, NULL, 130, false, NULL, false, '130', NULL, NULL),
(370, 1, 363, 26, NULL, 40, false, NULL, false, '40', NULL, NULL),
(371, 1, 363, 26, NULL, 203, false, NULL, false, '203', NULL, NULL),
(372, 1, NULL, 26, NULL, NULL, false, NULL, false, 'LISTA DE DOCUMENTOS CERIS', NULL, 'LISTA DE DOCUMENTOS - AVALIAÇÃO REALIZADA PELA CERIS'),
(373, 1, 372, 26, NULL, 16, false, NULL, false, '9', NULL, NULL),
(374, 1, 372, 26, NULL, 17, false, NULL, false, '17', NULL, NULL),
(379, 1, 372, 26, NULL, 163, false, NULL, false, '163', NULL, NULL),
(380, 1, NULL, 27, NULL, NULL, false, NULL, false, 'LISTA DE DOCUMENTOS', NULL, 'LISTA DE DOCUMENTOS'),
(381, 1, 380, 27, NULL, 22, false, NULL, false, '22', NULL, NULL),
(382, 1, 380, 27, NULL, 23, false, NULL, false, '23', NULL, NULL),
(383, 1, 380, 27, NULL, 125, true, NULL, false, '125', NULL, NULL),
(384, 1, 380, 27, NULL, 126, false, NULL, false, '126', NULL, NULL),
(385, 1, 380, 27, NULL, 127, false, NULL, false, '127', NULL, NULL),
(386, 1, 380, 27, NULL, 130, false, NULL, false, '130', NULL, NULL),
(387, 1, 380, 27, NULL, 40, false, NULL, false, '40', NULL, NULL),
(388, 1, 380, 27, NULL, 203, false, NULL, false, '203', NULL, NULL),
(389, 1, NULL, 27, NULL, NULL, false, NULL, false, 'LISTA DE DOCUMENTOS CERIS', NULL, 'LISTA DE DOCUMENTOS - AVALIAÇÃO REALIZADA PELA CERIS'),
(390, 1, 389, 27, NULL, 16, false, NULL, false, '16', NULL, NULL),
(391, 1, 389, 27, NULL, 17, false, NULL, false, '17', NULL, NULL),
(392, 1, 389, 27, NULL, 163, false, NULL, false, '163', NULL, NULL),
(393, 1, NULL, 28, NULL, NULL, false, NULL, false, 'LISTA DE DOCUMENTOS', NULL, 'LISTA DE DOCUMENTOS'),
(394, 1, 393, 28, NULL, 22, false, NULL, false, '22', NULL, NULL),
(395, 1, 393, 28, NULL, 23, false, NULL, false, '23', NULL, NULL),
(396, 1, 393, 28, NULL, 125, true, NULL, false, '125', NULL, NULL),
(397, 1, 393, 28, NULL, 126, false, NULL, false, '126', NULL, NULL),
(398, 1, 393, 28, NULL, 127, false, NULL, false, '127', NULL, NULL),
(399, 1, 393, 28, NULL, 130, false, NULL, false, '130', NULL, NULL),
(400, 1, 393, 28, NULL, 40, false, NULL, false, '40', NULL, NULL),
(403, 1, 393, 28, NULL, 203, false, NULL, false, '203', NULL, NULL),
(404, 1, NULL, 28, NULL, NULL, false, NULL, false, 'LISTA DE DOCUMENTOS CERIS', NULL, 'LISTA DE DOCUMENTOS - AVALIAÇÃO REALIZADA PELA CERIS'),
(405, 1, 404, 28, NULL, 16, false, NULL, false, '16', NULL, NULL),
(406, 1, 404, 28, NULL, 17, false, NULL, false, '17', NULL, NULL),
(407, 1, 404, 28, NULL, 163, false, NULL, false, '163', NULL, NULL),
(408, 1, NULL, 29, NULL, NULL, false, NULL, false, 'LISTA DE DOCUMENTOS', NULL, 'LISTA DE DOCUMENTOS'),
(409, 1, 408, 29, NULL, 22, false, NULL, false, '22', NULL, NULL),
(410, 1, 408, 29, NULL, 23, false, NULL, false, '23', NULL, NULL),
(411, 1, 408, 29, NULL, 125, true, NULL, false, '125', NULL, NULL),
(412, 1, 408, 29, NULL, 126, false, NULL, false, '126', NULL, NULL),
(413, 1, 408, 29, NULL, 127, false, NULL, false, '127', NULL, NULL),
(414, 1, 408, 29, NULL, 130, false, NULL, false, '130', NULL, NULL),
(415, 1, 408, 29, NULL, 40, false, NULL, false, '40', NULL, NULL),
(416, 1, 408, 29, NULL, 203, false, NULL, false, '203', NULL, NULL),
(417, 1, NULL, 29, NULL, NULL, false, NULL, false, 'LISTA DE DOCUMENTOS CERIS', NULL, 'LISTA DE DOCUMENTOS - AVALIAÇÃO REALIZADA PELA CERIS'),
(418, 1, 417, 29, NULL, 16, false, NULL, false, '16', NULL, NULL),
(419, 1, 417, 29, NULL, 17, false, NULL, false, '17', NULL, NULL),
(420, 1, 417, 29, NULL, 163, false, NULL, false, '163', NULL, NULL),
(421, 1, NULL, 32, NULL, NULL, false, NULL, false, 'LISTA DE DOCUMENTOS', NULL, 'LISTA DE DOCUMENTOS'),
(422, 1, 421, 32, NULL, 22, false, NULL, false, '22', NULL, NULL),
(423, 1, 421, 32, NULL, 23, false, NULL, false, '23', NULL, NULL),
(424, 1, 421, 32, NULL, 125, true, NULL, false, '125', NULL, NULL),
(425, 1, 421, 32, NULL, 126, false, NULL, false, '126', NULL, NULL),
(426, 1, 421, 32, NULL, 127, false, NULL, false, '127', NULL, NULL),
(427, 1, 421, 32, NULL, 130, false, NULL, false, '130', NULL, NULL),
(428, 1, 421, 32, NULL, 40, false, NULL, false, '40', NULL, NULL),
(429, 1, 421, 32, NULL, 203, false, NULL, false, '203', NULL, NULL),
(430, 1, NULL, 32, NULL, NULL, false, NULL, false, 'LISTA DE DOCUMENTOS CERIS', NULL, 'LISTA DE DOCUMENTOS - AVALIAÇÃO REALIZADA PELA CERIS'),
(431, 1, 430, 32, NULL, 16, false, NULL, false, '16', NULL, NULL),
(432, 1, 430, 32, NULL, 17, false, NULL, false, '17', NULL, NULL),
(433, 1, 430, 32, NULL, 163, false, NULL, false, '163', NULL, NULL),
(434, 1, NULL, 34, NULL, NULL, false, NULL, false, 'LISTA DE DOCUMENTOS', NULL, 'LISTA DE DOCUMENTOS'),
(438, 1, 434, 34, NULL, 22, false, NULL, false, '22', NULL, NULL),
(439, 1, 434, 34, NULL, 23, false, NULL, false, '23', NULL, NULL),
(440, 1, 434, 34, NULL, 125, true, NULL, false, '125', NULL, NULL),
(441, 1, 434, 34, NULL, 126, false, NULL, false, '126', NULL, NULL),
(442, 1, 434, 34, NULL, 127, false, NULL, false, '127', NULL, NULL),
(443, 1, 434, 34, NULL, 130, false, NULL, false, '130', NULL, NULL),
(446, 1, 434, 34, NULL, 40, false, NULL, false, '40', NULL, NULL),
(447, 1, 434, 34, NULL, 203, false, NULL, false, '123', NULL, NULL),
(448, 1, NULL, 34, NULL, NULL, false, NULL, false, 'LISTA DE DOCUMENTOS CERIS', NULL, 'LISTA DE DOCUMENTOS - AVALIAÇÃO REALIZADA PELA CERIS'),
(449, 1, 448, 34, NULL, 16, false, NULL, false, '16', NULL, NULL),
(452, 1, 448, 34, NULL, 17, false, NULL, false, '17', NULL, NULL),
(453, 1, 448, 34, NULL, 163, false, NULL, false, '163', NULL, NULL),
(454, 1, NULL, 35, NULL, NULL, false, NULL, false, 'LISTA DE DOCUMENTOS', NULL, 'LISTA DE DOCUMENTOS'),
(455, 1, 454, 35, NULL, 22, false, NULL, false, '22', NULL, NULL),
(456, 1, 454, 35, NULL, 23, false, NULL, false, '23', NULL, NULL),
(457, 1, 454, 35, NULL, 125, true, NULL, false, '125', NULL, NULL),
(458, 1, 454, 35, NULL, 126, false, NULL, false, '126', NULL, NULL),
(459, 1, 454, 35, NULL, 127, false, NULL, false, '127', NULL, NULL),
(460, 1, 454, 35, NULL, 130, false, NULL, false, '130', NULL, NULL),
(461, 1, 454, 35, NULL, 40, false, NULL, false, '40', NULL, NULL),
(462, 1, 454, 35, NULL, 203, false, NULL, false, '203', NULL, NULL),
(463, 1, NULL, 35, NULL, NULL, false, NULL, false, 'LISTA DE DOCUMENTOS CERIS', NULL, 'LISTA DE DOCUMENTOS - AVALIAÇÃO REALIZADA PELA CERIS'),
(465, 1, 463, 35, NULL, 16, false, NULL, false, '16', NULL, NULL),
(466, 1, 463, 35, NULL, 17, false, NULL, false, '17', NULL, NULL),
(468, 1, 463, 35, NULL, 163, false, NULL, false, '163', NULL, NULL),
(469, 1, NULL, 36, NULL, NULL, false, NULL, false, 'LISTA DE DOCUMENTOS', NULL, 'LISTA DE DOCUMENTOS'),
(470, 1, 469, 36, NULL, 22, false, NULL, false, '22', NULL, NULL),
(471, 1, 469, 36, NULL, 23, false, NULL, false, '23', NULL, NULL),
(472, 1, 469, 36, NULL, 125, true, NULL, false, '125', NULL, NULL),
(473, 1, 469, 36, NULL, 126, false, NULL, false, '126', NULL, NULL),
(474, 1, 469, 36, NULL, 127, false, NULL, false, '127', NULL, NULL),
(475, 1, 469, 36, NULL, 130, false, NULL, false, '130', NULL, NULL),
(476, 1, 469, 36, NULL, 40, false, NULL, false, '40', NULL, NULL),
(477, 1, 469, 36, NULL, 203, false, NULL, false, '203', NULL, NULL),
(478, 1, NULL, 36, NULL, NULL, false, NULL, false, 'LISTA DE DOCUMENTOS CERIS', NULL, 'LISTA DE DOCUMENTOS - AVALIAÇÃO REALIZADA PELA CERIS'),
(480, 1, 478, 36, NULL, 16, false, NULL, false, '16', NULL, NULL),
(488, 1, 478, 36, NULL, 17, false, NULL, false, '17', NULL, NULL),
(489, 1, 478, 36, NULL, 163, false, NULL, false, '163', NULL, NULL),
(490, 1, NULL, 37, NULL, NULL, false, NULL, false, 'LISTA DE DOCUMENTOS', NULL, 'LISTA DE DOCUMENTOS'),
(492, 1, 490, 37, NULL, 22, false, NULL, false, '22', NULL, NULL),
(493, 1, 490, 37, NULL, 23, false, NULL, false, '23', NULL, NULL),
(494, 1, 490, 37, NULL, 125, true, NULL, false, '125', NULL, NULL),
(495, 1, 490, 37, NULL, 126, false, NULL, false, '126', NULL, NULL),
(496, 1, 490, 37, NULL, 127, false, NULL, false, '127', NULL, NULL),
(497, 1, 490, 37, NULL, 130, false, NULL, false, '130', NULL, NULL),
(498, 1, 490, 37, NULL, 40, false, NULL, false, '40', NULL, NULL),
(499, 1, 490, 37, NULL, 203, false, NULL, false, '203', NULL, NULL),
(500, 1, NULL, 37, NULL, NULL, false, NULL, false, 'LISTA DE DOCUMENTOS CERIS', NULL, 'LISTA DE DOCUMENTOS - AVALIAÇÃO REALIZADA PELA CERIS'),
(502, 1, 500, 37, NULL, 16, false, NULL, false, '16', NULL, NULL),
(503, 1, 500, 37, NULL, 17, false, NULL, false, '17', NULL, NULL),
(504, 1, 500, 37, NULL, 163, false, NULL, false, '163', NULL, NULL),
(505, 1, NULL, 38, NULL, NULL, false, NULL, false, 'LISTA DE DOCUMENTOS', NULL, 'LISTA DE DOCUMENTOS'),
(506, 1, 505, 38, NULL, 22, false, NULL, false, '22', NULL, NULL),
(507, 1, 505, 38, NULL, 23, false, NULL, false, '23', NULL, NULL),
(508, 1, 505, 38, NULL, 125, true, NULL, false, '125', NULL, NULL),
(509, 1, 505, 38, NULL, 126, false, NULL, false, '126', NULL, NULL),
(510, 1, 505, 38, NULL, 127, false, NULL, false, '127', NULL, NULL),
(511, 1, 505, 38, NULL, 130, false, NULL, false, '130', NULL, NULL),
(512, 1, 505, 38, NULL, 40, false, NULL, false, '40', NULL, NULL),
(513, 1, 505, 38, NULL, 203, false, NULL, false, '203', NULL, NULL),
(514, 1, NULL, 38, NULL, NULL, false, NULL, false, 'LISTA DE DOCUMENTOS CERIS', NULL, 'LISTA DE DOCUMENTOS - AVALIAÇÃO REALIZADA PELA CERIS'),
(515, 1, 514, 38, NULL, 16, false, NULL, false, '16', NULL, NULL),
(516, 1, 514, 38, NULL, 17, false, NULL, false, '17', NULL, NULL),
(517, 1, 514, 38, NULL, 163, false, NULL, false, '163', NULL, NULL);

UPDATE mtr.mtrtb032_elemento_conteudo SET de_expressao = NULL;
UPDATE mtr.mtrtb032_elemento_conteudo SET no_elemento = NULL WHERE nu_tipo_documento IS NOT NULL;
SELECT pg_catalog.setval('mtr.mtrsq032_elemento_conteudo', 517, true);

UPDATE mtr.mtrtb032_elemento_conteudo SET nu_produto = 33 WHERE nu_produto = 1;
UPDATE mtr.mtrtb032_elemento_conteudo SET nu_tipo_documento = nu_tipo_documento + 175 WHERE nu_tipo_documento BETWEEN 1 AND 30;
UPDATE mtr.mtrtb032_elemento_conteudo SET nu_tipo_documento = 207 WHERE nu_tipo_documento = 27;


-- Tabela: mtr.mtrtb033_garantia
--

INSERT INTO mtr.mtrtb033_garantia (nu_garantia, nu_versao, nu_garantia_bacen, no_garantia, ic_fidejussoria) VALUES 
(1, 1, 101, 'CESSAO DE DIREITOS CREDITORIOS - DUPLICATAS', false),
(2, 1, 102, 'CESSAO DE DIREITOS CREDITORIOS - CHEQUES', false),
(3, 1, 103, 'CESSAO DE DIREITOS CREDITORIOS - FATURA CARTAO DE CREDITO', false),
(4, 1, 104, 'CESSAO DE DIREITOS CREDITORIOS - APLICACOES FINANCEIRAS RENDA FIXA', false),
(5, 1, 105, 'CESSAO DE DIREITOS CREDITORIOS - APLICACOES FINANCEIRAS RENDA VARIAVEL', false),
(6, 1, 106, 'CESSAO DE DIREITOS CREDITORIOS - ACOES E DEBENTURES', false),
(7, 1, 107, 'CESSAO DE DIREITOS CREDITORIOS - TRIBUTOS E RECEITAS ORCAMENTARIAS', false),
(8, 1, 108, 'CESSAO DE DIREITOS CREDITORIOS - DIREITOS SOBRE ALUGUEIS', false),
(9, 1, 199, 'CESSAO DE DIREITOS CREDITORIOS - NOTAS PROMISSORIAS E OUTROS DIREITOS DE CREDITO', false),
(10, 1, 201, 'CAUCAO - DUPLICATAS', false),
(11, 1, 202, 'CAUCAO - CHEQUES', false),
(12, 1, 203, 'CAUCAO - FATURA CARTAO DE CREDITO', false),
(13, 1, 204, 'CAUCAO - APLICACOES FINANCEIRAS RENDA FIXA', false),
(14, 1, 205, 'CAUCAO - APLICACOES FINANCEIRAS RENDA VARIAVEL', false),
(15, 1, 206, 'CAUCAO - ACOES E DEBENTURES', false),
(16, 1, 207, 'CAUCAO - TRIBUTOS E RECEITAS ORCAMENTARIAS', false),
(17, 1, 208, 'CAUCAO - DIREITOS SOBRE ALUGUEIS', false),
(18, 1, 209, 'CAUCAO - DEPOSITO DE TITULOS EMITIDOS POR ENTIDADES ESPECIFICAS', false),
(19, 1, 210, 'CAUCAO - DEPOSITO A VISTA, A PRAZO, POUPANCA, OURO OU TITULOS PUBLICOS', false),
(20, 1, 299, 'CAUCAO - NOTAS PROMISSORIAS E OUTROS DIREITOS DE CREDITO', false),
(21, 1, 321, 'PENHOR - PRODUTOS AGROPECUARIOS COM WARRANT', false),
(22, 1, 322, 'PENHOR - PRODUTOS AGROPECUARIOS SEM WARRANT', false),
(23, 1, 323, 'PENHOR - EQUIPAMENTOS', false),
(24, 1, 324, 'PENHOR - VEICULOS', false),
(25, 1, 325, 'PENHOR - IMOVEIS', false),
(26, 1, 350, 'PENHOR - CIVIL', false),
(27, 1, 399, 'PENHOR - OUTROS', false),
(28, 1, 423, 'ALIENACAO FIDUCIARIA - EQUIPAMENTOS', false),
(29, 1, 424, 'ALIENACAO FIDUCIARIA - VEICULOS', false),
(30, 1, 426, 'ALIENACAO FIDUCIARIA - BEM IMÓVEL', false),
(31, 1, 427, 'ALIENACAO FIDUCIARIA - OUTROS IMOVEIS', false),
(32, 1, 428, 'ALIENACAO FIDUCIARIA - BENS E DIREITOS INTEGRANTES DE PATRIMONIO DE AFETACAO', false),
(33, 1, 499, 'ALIENACAO FIDUCIARIA - OUTROS', false),
(34, 1, 562, 'HIPOTECA - OUTROS GRAUS', false),
(35, 1, 563, 'HIPOTECA - PRIMEIRO GRAU IMOVEIS RESIDENCIAIS', false),
(36, 1, 564, 'HIPOTECA - PRIMEIRO GRAU OUTROS', false),
(37, 1, 565, 'HIPOTECA - PRIMEIRO GRAU BENS E DIREITTOS INTEGRANTES DE PATRIMONIO DE AFETACAO', false),
(38, 1, 671, 'OPERACAO GARANTIDA PELO GOVERNO FEDERAL', false),
(39, 1, 672, 'OPERACAO GARANTIDA PELO GOVERNO ESTADUAL OU DISTRITAL', false),
(40, 1, 673, 'OPERACAO GARANTIDA PELO GOVERNO MUNICIPAL', false),
(41, 1, 674, 'OPERACAO GARANTIDA POR GARANTIA PRESTADA PELA STN OU BACEN', false),
(42, 1, 799, 'OUTRA GARANTIA NAO FIDEJUSSORIA - OUTRAS', false),
(43, 1, 881, 'SEGURO E ASSEMELHADO - SEGURO RURAL', false),
(44, 1, 882, 'SEGURO E ASSEMELHADO - PROAGRO', false),
(45, 1, 883, 'SEGURO E ASSEMELHADO - SBCE - SOC. BRAS. CRED. EXPORTACAO', false),
(46, 1, 884, 'SEGURO E ASSEMELHADO - FCVS - FUNDO COMP.VARIAC. SALARIAIS', false),
(47, 1, 885, 'SEGURO E ASSEMELHADO - APOLICE DE CREDITO A EXPORTACAO', false),
(48, 1, 886, 'SEGURO E ASSEMELHADO - FUNDO GARANTIDOR / DE AVAL', false),
(49, 1, 887, 'SEGURO E ASSEMELHADO - CCR - CONVENIO DE CREDITOS RECIPROCOS', false),
(50, 1, 888, 'SEGURO E ASSEMELHADO - FGPC - FUNDO GAR. PROM. COMPETIVIDADE', false),
(51, 1, 889, 'SEGURO E ASSEMELHADO - FGTS - FUNDO DE GARANTIA DE TEMPO DE SERVICO', false),
(52, 1, 890, 'SEGURO E ASSEMELHADO - FGI - FUNDO GARANTIDOR PARA INVESTIMENTO', false),
(53, 1, 899, 'SEGURO E ASSEMELHADO - OUTROS', false),
(54, 1, 901, 'GARANTIA FIDEJUSSORIA - PESSOA FISICA', true),
(55, 1, 902, 'GARANTIA FIDEJUSSORIA - PESSOA JURIDICA', true),
(56, 1, 903, 'GARANTIA FIDEJUSSORIA - PESSOA FISICA NO EXTERIOR', true),
(57, 1, 904, 'GARANTIA FIDEJUSSORIA - PESSOA JURIDICA NO EXTERIOR', true),
(58, 1, 1001, 'BEM ARRENDADO - VEICULO AUTOMOTOR', false),
(59, 1, 1002, 'BEM ARRENDADO - OUTROS BENS', false),
(60, 1, 1101, 'GARANTIA INTERNACIONAL - MITIGADORA', false),
(61, 1, 1102, 'GARANTIA INTERNACIONAL - NAO MITIGADORA', false),
(62, 1, 1201, 'OPERACAO GARANTIDA POR OUTRA ENTIDADE - EMD - ENTIDADE MULTILATERAIS DE DESENVOLVIMENTO', false),
(63, 1, 1202, 'OPERACAO GARANTIDA POR OUTRA ENTIDADE - FUNDOS OU MECANISMO COBERTURA RISCO CREDITO', false),
(64, 1, 1203, 'OPERACAO GARANTIDA POR OUTRA ENTIDADE - FGPC - FUNDO GAR. PROM. COMPETIVIDADE', false),
(65, 1, 1204, 'OPERACAO GARANTIDA POR OUTRA ENTIDADE - FUNDOS ESPECIFICOS', false),
(66, 1, 1301, 'ACORDO DE COMPENSACAO - ACORDOS NO AMBITO DO SFN - SIST. FIN. NACIONAL', false),
(67, 1, 8801, 'FIANCA SIMPLES', true),
(68, 1, 8802, 'FIANCA BANCARIA', true),
(69, 1, 8803, 'AVAL', true),
(70, 1, 8899, 'OUTRAS GARANTIAS FIDEJUSSORIAS', true),
(74, 1, 1, 'AVAL/FIANÇA DE TERCEIROS - PF - DOCUMENTO DE IDENTIFICAÇÃO', true),
(77, 1, 3, 'AVAL/FIANÇA DE TERCEIROS - PJ - DOCUMENTO CONSTITUTIVO PJ', true),
(80, 1, 4, 'AVAL/FIANÇA DE TERCEIROS - PJ - MO 33045 - DADOS COMPLEMENTARES PJ', true),
(85, 1, 7, 'ALIENAÇÃO FIDUCIÁRIA DE BEM IMÓVEL - CERTIDÃO NEGATIVA DE PROTESTOS', false),
(83, 1, 5, 'AVAL/FIANÇA DE TERCEIROS - PJ - MO 33045 -  DADOS COMPLEMENTARES PF', true),
(76, 1, 2, 'AVAL/FIANÇA DE TERCEIROS - PF - MO 33045 -  DADOS COMPLEMENTARES PF', true),
(84, 1, 6, 'ALIENAÇÃO FIDUCIÁRIA DE BEM IMÓVEL - CERTIDÃO DE METRÍCULA E CERTIDÃO NEGATIVA DE ÔNUS', false),
(86, 1, 8, 'ALIENAÇÃO FIDUCIÁRIA DE BEM IMÓVEL - CERTIDÃO NEGATIVAS DE AÇÕES CÍVEIS E DE EXECUÇÕES', false),
(88, 1, 10, 'ALIENAÇÃO FIDUCIÁRIA DE BEM IMÓVEL - LAUDO DE AVALIAÇÃO DO IMÓVEL', false),
(89, 1, 11, 'ALIENAÇÃO FIDUCIÁRIA DE BEM IMÓVEL - APÓLICE DO SEGURO DO IMÓVEL', false),
(90, 1, 12, 'ALIENAÇÃO FIDUCIÁRIA DE BEM IMÓVEL - DOCUMENTOS COMPLEMENTARES DE IMÓVEL RURAL', false),
(91, 1, 13, 'ALIENAÇÃO FIDUCIÁRIA DE VEÍCULOS - CRLV/CRV - CERTIFICADO DE REGISTRO DE VEÍCULOS', false),
(87, 1, 9, 'ALIENAÇÃO FIDUCIÁRIA DE BEM IMÓVEL - PARECER JURÍDICO', false),
(92, 1, 14, 'ALIENAÇÃO FIDUCIÁRIA DE VEÍCULOS - TABELA FIPE OU LAUDO TÉCNICO DE AVALIAÇÃO', false),
(93, 1, 15, 'ALIENAÇÃO FIDUCIÁRIA DE VEÍCULOS - APÓLICE DE SEGURO DE VEÍCULO', false),
(94, 1, 16, 'ALIENAÇÃO FIDUCIÁRIA DE MÁQUINAS E EQUIPAMENTEOS - NOTA FISCAL, RECIBO E LAUDO TÉCNICO', false),
(95, 1, 17, 'ALIENAÇÃO FIDUCIÁRIA DE MÁQUINAS E EQUIPAMENTEOS - APÓLICE DE SEGURO - MÁQUINAS E EQUIPAMENTOS', false),
(96, 1, 18, 'ALIENAÇÃO FIDUCIÁRIA DE MÁQUINAS E EQUIPAMENTEOS - DECLARAÇÃO DO PROPRIETÁRIO', false);

SELECT pg_catalog.setval('mtr.mtrsq033_garantia', 96, true);

-- Tabela: mtr.mtrtb015_situacao_documento
--

INSERT INTO mtr.mtrtb015_situacao_documento (nu_situacao_documento, nu_versao, no_situacao, ic_situacao_inicial, ic_situacao_final, ts_ultima_alteracao) VALUES 
(1, 1, 'Criado', true, false, '2019-06-05 13:27:03.558606'),
(3, 1, 'Pendente', false, false, '2019-06-05 13:27:03.558606'),
(5, 1, 'Quarentena', false, false, '2019-06-05 13:27:03.558606'),
(2, 1, 'Rejeitado', false, true, '2019-06-05 13:27:03.558606'),
(6, 1, 'Substituido', false, true, '2019-06-05 13:27:03.558606'),
(7, 1, 'Recusado', false, true, '2019-06-16 11:45:31.925525'),
(8, 1, 'Reprovado', false, true, '2019-06-16 11:48:00.246099'),
(4, 1, 'Conforme', false, false, '2019-07-18 17:06:40.540419'),
(9, 1, 'Ignorado', false, true, '2019-07-18 17:07:05.446924');

SELECT pg_catalog.setval('mtr.mtrsq015_situacao_documento', 9, true);


-- Tabela: mtr.mtrtb027_campo_entrada
--

INSERT INTO mtr.mtrtb027_campo_entrada (nu_campo_entrada, nu_versao, ic_tipo, ic_chave, no_label, de_mascara, de_placeholder, nu_tamanho_minimo, nu_tamanho_maximo) VALUES 
(1, 1, 'CHECKBOX', false, 'LISTA DE PRODUTOS', NULL, NULL, NULL, NULL),
(2, 1, 'TEXT', false, 'CÓDIGO AVALIAÇÃO DO TOMADOR', NULL, NULL, 1, 12),
(3, 1, 'DATE', false, 'DATA DA AVALIAÇÃO', NULL, NULL, NULL, NULL),
(5, 1, 'RADIO', false, 'AVALIAÇÃO APROVADA?', NULL, NULL, NULL, NULL),
(6, 1, 'TEXT', false, 'Avalop', '999999999', '999999999', 1, 9),
(10, 1, 'TEXT', false, 'Número do contrato', '9999999-99', 'Informar número gerado no SIAPI', NULL, NULL),
(11, 1, 'TEXT', false, 'Contrato para liquidação concomitante 1', NULL, NULL, NULL, NULL),
(12, 1, 'TEXT', false, 'Contrato para liquidação concomitante 2', NULL, NULL, NULL, NULL),
(13, 1, 'TEXT', false, 'Contrato para liquidação concomitante 3', NULL, NULL, NULL, NULL),
(14, 1, 'TEXT', false, 'AGÊNCIA/OP/CONTA', '9999.999.99999999-9', '9999.999.99999999-9', 1, 20),
(15, 1, 'DATE', false, 'DATA DE VALIDADE DA AVALIAÇÃO', NULL, NULL, 1, 12),
(16, 1, 'RADIO', false, 'ALIENAÇÃO FIDUCIÁRIA DE BEM IMÓVEL:', NULL, NULL, NULL, NULL),
(18, 1, 'RADIO', false, 'DECLARO QUE LI AS ORIENTAÇÕES ABAIXO:', NULL, NULL, NULL, NULL),
(19, 1, 'RADIO', false, 'ALIENAÇÃO FIDUCIÁRIA DE VEÍCULOS:', NULL, NULL, NULL, NULL),
(20, 1, 'RADIO', false, 'CESSÃO FIDUCIÁRIA DE CHEQUES PRÉ-DATADOS:', NULL, NULL, NULL, NULL),
(21, 1, 'RADIO', false, 'CESSÃO FIDUCIÁRIA DE DUPLICATAS:', NULL, NULL, NULL, NULL),
(22, 1, 'RADIO', false, 'CESSÃO FID. DE DIREITOS CRED. DE APLICAÇÃO FINANCE', NULL, NULL, NULL, NULL),
(23, 1, 'RADIO', false, 'ALIENAÇÃO FIDUCIÁRIA DE MÁQUINAS E EQUIPAMENTOS:', NULL, NULL, NULL, NULL),
(24, 1, 'COLOR', false, 'OPERAÇÃO 0183', NULL, NULL, NULL, NULL),
(25, 1, 'COLOR', false, 'OPERAÇÃO 0197', NULL, NULL, NULL, NULL),
(26, 1, 'COLOR', false, 'OPERAÇÃO 0605', NULL, NULL, NULL, NULL),
(27, 1, 'COLOR', false, 'OPERAÇÃO 0606', NULL, NULL, NULL, NULL),
(28, 1, 'COLOR', false, 'OPERAÇÃO 0734', NULL, NULL, NULL, NULL),
(29, 1, 'COLOR', false, 'OPERAÇÃO 1049', NULL, NULL, NULL, NULL),
(30, 1, 'SELECT', false, 'Modalidade', NULL, NULL, NULL, NULL),
(32, 1, 'SELECT', false, 'Nicho específico', NULL, NULL, NULL, NULL),
(34, 1, 'TEXT', false, 'Código do convênio', NULL, 'Preencher para "Nicho Específico" Correspondente Caixa ou Empresa Lotérica', NULL, NULL),
(35, 1, 'TEXT', false, 'Matrícula do Indicador', NULL, 'Informar matrícula com o dígito para modalidade com seguro prestamista incorporado', NULL, NULL),
(36, 1, 'SELECT', false, 'Reciprocidade 1', NULL, NULL, NULL, NULL),
(37, 1, 'TEXT', false, 'Valor Reciprocidade 1', NULL, NULL, NULL, NULL),
(38, 1, 'TEXT', false, 'Número de empregados', NULL, 'Preencher para reciprocidade  Convênio de Folha  de Pagamento', NULL, NULL),
(39, 1, 'TEXT', false, 'Conta da aplicação', NULL, 'Preencher para reciprocidade  Aplicação Financeira', NULL, NULL),
(40, 1, 'SELECT', false, 'Reciprocidade 2', NULL, NULL, NULL, NULL),
(41, 1, 'TEXT', false, 'Valor reciprocidade 2', NULL, NULL, NULL, NULL),
(42, 1, 'SELECT', false, 'Modalidade', NULL, NULL, NULL, NULL),
(43, 1, 'SELECT', false, 'É renovação com utilização de CCB preexistente?', NULL, NULL, NULL, NULL),
(44, 1, 'COLOR', false, 'Cessão de Direitos Creditórios de Duplicatas', NULL, NULL, NULL, NULL),
(45, 1, 'COLOR', false, 'Cessão de Direitos Creditórios de Cheques', NULL, NULL, NULL, NULL),
(46, 1, 'COLOR', false, 'Cessão de Direitos Cred. de Faturas de Cartão', NULL, NULL, NULL, NULL),
(47, 1, 'COLOR', false, 'Cessão de Direitos Cred. aplicação financeira', NULL, NULL, NULL, NULL),
(60, 1, 'COLOR', false, 'Garantias que necessitam de dados adicionais:', NULL, NULL, NULL, NULL),
(61, 1, 'TEXT', false, 'Código do Cedente', '999999', '999999', 1, 6),
(62, 1, 'TEXT', false, 'Conta de Não Livre Movimentação', '9999.999.99999999-9', '9999.999.99999999-9', NULL, NULL),
(63, 1, 'SELECT', false, 'Bandeira', NULL, NULL, NULL, NULL),
(64, 1, 'TEXT', false, 'Conta', '9999.999.99999999-9', '9999.999.99999999-9', NULL, NULL),
(65, 1, 'TEXT', false, 'Número da Nota', NULL, NULL, NULL, NULL),
(68, 1, 'TEXT', false, 'OBSERVAÇÕES', NULL, NULL, NULL, NULL);

SELECT pg_catalog.setval('mtr.mtrsq027_campo_entrada', 68, true);


-- Tabela: mtr.mtrtb019_campo_formulario
--

INSERT INTO mtr.mtrtb019_campo_formulario (nu_campo_formulario, nu_campo_entrada, nu_ordem, nu_versao, ic_obrigatorio, de_expressao, ic_ativo, no_campo, nu_processo) VALUES 
(1, 1, 1, 1, true, NULL, true, 'CHECKBOX_PRODUTOS', 32),
(2, 2, 2, 1, false, NULL, true, 'COD_AVALIAÇÃO_TOMADOR', 27),
(7, 3, 3, 1, false, NULL, true, 'DATA_AVALIAÇÃO', 27),
(11, 5, 1, 1, true, NULL, true, 'AVALIAÇÃO_APROVADA', 27),
(18, 6, 3, 1, false, NULL, true, 'AVALOP', 4),
(23, 11, 1, 1, false, NULL, true, 'CLC1', 8),
(28, 12, 2, 1, false, NULL, true, 'CLC2', 8),
(29, 13, 3, 1, false, NULL, true, 'CLC3', 8),
(32, 14, 1, 1, true, NULL, true, 'AGÊNCIA/OP/CONTA', 4),
(33, 15, 4, 1, false, NULL, true, 'DATA_VALIDADE_AVALIACAO', 27),
(34, 16, 2, 1, false, NULL, true, 'ALIENAÇÃO DE IMÓVEL', 36),
(35, 18, 1, 1, true, NULL, true, 'TERMO DE ACEITE', 36),
(36, 19, 3, 1, false, NULL, true, 'ALIENAÇÃO  DE VEÍCULOS', 36),
(37, 20, 4, 1, false, NULL, true, 'CESSÃO CHEQUES', 36),
(38, 21, 5, 1, false, NULL, true, 'CESSÃO DUPLICATAS', 36),
(39, 22, 6, 1, false, NULL, true, 'CESSÃO APLIC. FINANCEIRA', 36),
(41, 23, 7, 1, false, NULL, true, 'ALINENAÇÃO MAQ. EQUPAMENTOS', 36),
(48, 24, 2, 1, false, NULL, true, 'OP. 0183', 4),
(51, 25, 4, 1, false, NULL, true, 'OP. 0197', 4),
(52, 6, 5, 1, false, NULL, true, 'AVALOP', 4),
(53, 26, 10, 1, false, NULL, true, 'OP.0605', 4),
(54, 6, 11, 1, false, NULL, true, 'AVALOP', 4),
(55, 10, 12, 1, false, NULL, true, 'NÚMERO DO CONTRATO', 4),
(56, 30, 13, 1, false, NULL, true, 'MODALIDADE', 4),
(57, 32, 14, 1, false, NULL, true, 'NICHO ESPECÍFICO', 4),
(58, 34, 15, 1, false, NULL, true, 'CÓDIGO DO CONVÊNIO', 4),
(59, 35, 16, 1, false, NULL, true, 'MATRPICULA DO INDICADOR', 4),
(64, 40, 26, 1, false, NULL, true, 'RECIPROCIDADE 2', 4),
(65, 41, 27, 1, false, NULL, true, 'VALOR RECIPROCIDADE 2', 4),
(68, 38, 28, 1, false, NULL, true, 'NÚMERO DE EMPREGADOS', 4),
(60, 36, 22, 1, false, NULL, true, 'RECIPROCIDADE 1', 4),
(61, 37, 23, 1, false, NULL, true, 'VALOR RECIPROCIDADE 1', 4),
(62, 38, 24, 1, false, NULL, true, 'NÚMERO DE EMPREGADOS', 4),
(63, 39, 25, 1, false, NULL, true, 'CONTA DA APLICAÇÃO', 4),
(69, 39, 29, 1, false, NULL, true, 'CONTA DA APLICAÇÃO', 4),
(70, 27, 30, 1, false, NULL, true, 'OP. 606', 4),
(71, 10, 32, 1, false, NULL, true, 'NÚMERO DO CONTRATO', 4),
(74, 42, 33, 1, false, NULL, true, 'MODALIDADE 606', 4),
(75, 35, 34, 1, false, NULL, true, 'MATRICULA DO INDICADOR', 4),
(76, 36, 48, 1, false, NULL, true, 'RECIPROCIDADE 1', 4),
(77, 37, 49, 1, false, NULL, true, 'VALOR RECIPROCIDADE', 4),
(78, 38, 50, 1, false, NULL, true, 'NUMERO DE EMPREGADOS', 4),
(79, 39, 51, 1, false, NULL, true, 'CONTA APLICAÇÃO', 4),
(80, 40, 52, 1, false, NULL, true, 'RECIPROCIDADE 2', 4),
(83, 41, 53, 1, false, NULL, true, 'VALOR RECIPROCIDADE 2', 4),
(84, 38, 54, 1, false, NULL, true, 'NÚMERO DE EMPREGADOS', 4),
(85, 39, 55, 1, false, NULL, true, 'CONTA APLICAÇÃO', 4),
(86, 6, 31, 1, false, NULL, true, 'AVALOP', 4),
(87, 28, 56, 1, false, NULL, true, 'OP. 734', 4),
(88, 6, 57, 1, false, NULL, true, 'AVALOP', 4),
(89, 43, 58, 1, false, NULL, true, 'Renovação 734', 4),
(90, 29, 72, 1, false, NULL, true, 'OP.1049', 4),
(91, 6, 73, 1, false, NULL, true, 'AVALOP', 4),
(92, 44, 36, 1, false, NULL, true, 'CESSÃO DE DUPLICATAS', 4),
(93, 45, 39, 1, false, NULL, true, 'CESSÃO DE CHEUES', 4),
(95, 47, 7, 1, false, NULL, true, 'CESSÃO APLIC. FINANCEIRA', 4),
(96, 61, 37, 1, false, NULL, true, 'CÓDIGO CEDENTE', 4),
(97, 62, 21, 1, false, NULL, true, 'CONTA NÃO LIVERE MOV.', 4),
(98, 63, 19, 1, false, NULL, true, 'BANDEIRA', 4),
(99, 64, 8, 1, false, NULL, true, 'CONTA', 4),
(100, 65, 9, 1, false, NULL, true, 'NÚMERO DA NOTA', 4),
(101, 60, 6, 1, false, NULL, true, 'DADOS GARANTIAS', 4),
(102, 60, 17, 1, false, NULL, true, 'DADOS GARANTIAS', 4),
(103, 46, 18, 1, false, NULL, true, 'CESSÃO DE CARTÕES', 4),
(105, 60, 35, 1, false, NULL, true, 'DADOS GARANTIAS', 4),
(107, 62, 38, 1, false, NULL, true, 'CONTA NÃO LIVRE MOV', 4),
(108, 62, 40, 1, false, NULL, true, 'CONTA NÃO LIVRE MOV', 4),
(109, 46, 41, 1, false, NULL, true, 'CESSÃO DE CARTÕES', 4),
(111, 63, 42, 1, false, NULL, true, 'BANDEIRA', 4),
(113, 62, 44, 1, false, NULL, true, 'CONTA NÃO LIVRE MOV', 4),
(114, 47, 45, 1, false, NULL, true, 'CESSÃO PALIC. FNANCEIRA', 4),
(115, 64, 46, 1, false, NULL, true, 'CONTA', 4),
(116, 65, 47, 1, false, NULL, true, 'NÚMERO DA NOTA', 4),
(117, 60, 59, 1, false, NULL, true, 'DADOS GARANTIAS', 4),
(118, 44, 60, 1, false, NULL, true, 'CESSÃO DE DUPLICATAS', 4),
(119, 61, 61, 1, false, NULL, true, 'CÓDIGO CEDENTE', 4),
(120, 62, 62, 1, false, NULL, true, 'CONTA NÃO LIVRE MOV.', 4),
(121, 45, 63, 1, false, NULL, true, 'CESSÃO DE CHEQUES', 4),
(122, 62, 64, 1, false, NULL, true, 'CONTA NÃO LIVRE MOV.', 4),
(123, 46, 65, 1, false, NULL, true, 'CESSÃO DE CARTÕES', 4),
(124, 63, 66, 1, false, NULL, true, 'BANDEIRA', 4),
(126, 62, 68, 1, false, NULL, true, 'CONTA NÃO LIVRE MOV', 4),
(127, 47, 69, 1, false, NULL, true, 'CESSÃO APLIC. FINANCEIRA', 4),
(128, 64, 70, 1, false, NULL, true, 'CONTA', 4),
(129, 65, 71, 1, false, NULL, true, 'NÚMERO DA NOTA', 4),
(130, 63, 20, 1, false, NULL, true, 'BANDEIRA', 4),
(131, 63, 43, 1, false, NULL, true, 'BANDEIRA', 4),
(132, 63, 67, 1, false, NULL, true, 'BANDEIRA', 4),
(133, 68, 74, 1, false, NULL, true, 'OBSERVAÇÕES', 4);

SELECT pg_catalog.setval('mtr.mtrsq019_campo_formulario', 133, true);


-- Tabela: mtr.mtrtb023_produto_processo
--

INSERT INTO mtr.mtrtb023_produto_processo (nu_processo, nu_produto) VALUES 
(2, 13),
(4, 13),
(2, 14),
(2, 33),
(2, 5),
(2, 31),
(2, 41),
(37, 3),
(37, 4),
(37, 6),
(37, 7),
(37, 8),
(37, 9),
(37, 10),
(37, 12),
(37, 15),
(37, 16),
(37, 17),
(37, 18),
(37, 19),
(37, 20),
(37, 21),
(37, 22),
(37, 23),
(37, 24),
(37, 25),
(37, 26),
(37, 27),
(37, 28),
(37, 29),
(37, 32),
(37, 34),
(37, 35),
(37, 36),
(37, 37),
(37, 38),
(37, 40),
(37, 42),
(37, 43),
(37, 44),
(37, 45),
(37, 46),
(37, 47),
(37, 48),
(37, 49),
(37, 50),
(40, 40),
(40, 42),
(40, 44),
(40, 45),
(40, 46),
(40, 47),
(40, 48),
(40, 49),
(40, 50),
(41, 3),
(41, 4),
(41, 6),
(41, 7),
(41, 8),
(41, 9),
(41, 10),
(41, 12),
(41, 15),
(41, 16),
(41, 18),
(41, 19),
(41, 20),
(41, 21),
(41, 22),
(41, 23),
(41, 24),
(41, 25),
(41, 26),
(41, 27),
(41, 28),
(41, 29),
(41, 32),
(41, 34),
(41, 35),
(41, 37),
(41, 36),
(41, 38);

-- Tabela: mtr.mtrtb025_processo_documento
--

INSERT INTO mtr.mtrtb025_processo_documento (nu_processo_documento, nu_versao, nu_processo, nu_funcao_documental, nu_tipo_documento, ic_tipo_relacionamento, ic_obrigatorio, ic_validar) VALUES 
(6, 1, 17, 7, NULL, 'TOMADOR', true, false),
(7, 1, 17, 8, NULL, 'TOMADOR', true, false),
(9, 1, 17, NULL, 10, 'TOMADOR', false, false),
(10, 1, 17, NULL, 12, 'TOMADOR', false, false),
(11, 1, 17, NULL, 11, 'TOMADOR', false, false),
(12, 1, 17, NULL, 13, 'TOMADOR', false, false),
(14, 1, 17, NULL, 26, 'TOMADOR ', false, false),
(16, 1, 17, 7, NULL, 'SOCIO_PJ', true, false),
(26, 1, 17, 1, NULL, 'SOCIO_PF', true, false),
(28, 1, 17, 6, NULL, 'SOCIO_PF', true, false),
(29, 1, 17, NULL, 27, 'SOCIO_PF', false, false),
(31, 1, 17, 7, NULL, 'CONGLOMERADO', true, false),
(32, 1, 17, 8, NULL, 'CONGLOMERADO', true, false),
(34, 1, 17, NULL, 10, 'CONGLOMERADO', false, false),
(35, 1, 17, NULL, 12, 'CONGLOMERADO', false, false),
(36, 1, 17, NULL, 11, 'CONGLOMERADO', false, false),
(37, 1, 17, NULL, 13, 'CONGLOMERADO', false, false),
(39, 1, 17, NULL, 19, 'CONGLOMERADO', false, false),
(42, 1, 17, NULL, 26, 'CONGLOMERADO', false, false),
(43, 1, 17, 1, NULL, 'CURADOR', false, false),
(44, 1, 17, NULL, 122, 'CURADOR', false, false),
(45, 1, 17, 1, NULL, 'TUTOR', false, false),
(46, 1, 17, NULL, 123, 'TUTOR', false, false),
(47, 1, 17, 1, NULL, 'PROCURADOR', false, false),
(48, 1, 17, NULL, 40, 'PROCURADOR', false, false),
(60, 1, 4, 7, NULL, 'TOMADOR', false, false),
(61, 1, 2, 7, NULL, 'TOMADOR', false, false),
(65, 1, 2, 8, NULL, 'TOMADOR', false, false),
(66, 1, 2, NULL, 10, 'TOMADOR', false, false),
(67, 1, 2, NULL, 12, 'TOMADOR ', false, false),
(68, 1, 2, NULL, 11, 'TOMADOR', false, false),
(69, 1, 2, NULL, 13, 'TOMADOR', false, false),
(70, 1, 2, NULL, 14, 'TOMADOR', false, false),
(71, 1, 2, NULL, 26, 'TOMADOR', false, false),
(72, 1, 2, 7, NULL, 'SOCIO_PJ', false, false),
(74, 1, 2, NULL, 10, 'SOCIO_PJ', false, false),
(75, 1, 2, 1, NULL, 'SOCIO_PF', false, false),
(76, 1, 2, 6, NULL, 'SOCIO_PF', false, false),
(77, 1, 2, NULL, 27, 'SOCIO_PF', false, false),
(78, 1, 2, 7, NULL, 'CONGLOMERADO', false, false),
(79, 1, 2, 8, NULL, 'CONGLOMERADO', false, false),
(80, 1, 2, NULL, 10, 'CONGLOMERADO', false, false),
(81, 1, 2, NULL, 12, 'CONGLOMERADO', false, false),
(82, 1, 2, NULL, 11, 'CONGLOMERADO', false, false),
(83, 1, 2, NULL, 13, 'CONGLOMERADO', false, false),
(84, 1, 2, NULL, 19, 'CONGLOMERADO', false, false),
(85, 1, 2, NULL, 26, 'CONGLOMERADO', false, false),
(86, 1, 2, 1, NULL, 'CURADOR', false, false),
(87, 1, 2, NULL, 122, 'CURADOR', false, false),
(88, 1, 2, 1, NULL, 'TUTOR', false, false),
(89, 1, 2, NULL, 123, 'TUTOR', false, false),
(90, 1, 2, 1, NULL, 'PROCURADOR', false, false),
(91, 1, 2, NULL, 40, 'PROCURADOR', false, false),
(19, 1, 17, NULL, 10, 'SOCIO_PJ', false, false),
(92, 1, 37, NULL, 125, 'TOMADOR', true, false),
(93, 1, 37, NULL, 126, 'TOMADOR', false, false),
(94, 1, 37, NULL, 127, 'TOMADOR', false, false),
(95, 1, 41, 7, NULL, 'TOMADOR', false, false),
(96, 1, 41, 8, NULL, 'TOMADOR', false, false),
(97, 1, 17, NULL, 14, 'SOCIO_PJ', true, false),
(98, 1, 17, NULL, 14, 'CONGLOMERADO', true, false),
(99, 1, 17, NULL, 9, 'TOMADOR', false, false),
(100, 1, 41, NULL, 10, 'TOMADOR', false, false),
(101, 1, 41, NULL, 12, 'TOMADOR', false, false),
(102, 1, 41, NULL, 11, 'TOMADOR', false, false),
(103, 1, 41, NULL, 13, 'TOMADOR', false, false),
(104, 1, 41, NULL, 26, 'TOMADOR', false, false),
(108, 1, 41, 1, NULL, 'SOCIO_PF', false, false),
(105, 1, 41, 7, NULL, 'SOCIO_PJ', false, false),
(106, 1, 41, NULL, 10, 'SOCIO_PJ', false, false),
(109, 1, 41, 6, NULL, 'SOCIO_PF', false, false),
(110, 1, 41, NULL, 27, 'SOCIO_PF', false, false),
(113, 1, 41, 8, NULL, 'CONGLOMERADO', false, false),
(111, 1, 41, 7, NULL, 'CONGLOMERADO', false, false),
(114, 1, 41, NULL, 10, 'CONGLOMERADO', false, false),
(115, 1, 41, NULL, 12, 'CONGLOMERADO', false, false),
(116, 1, 41, NULL, 11, 'CONGLOMERADO', false, false),
(117, 1, 41, NULL, 13, 'CONGLOMERADO', false, false),
(118, 1, 41, NULL, 19, 'CONGLOMERADO', false, false),
(119, 1, 41, NULL, 26, 'CONGLOMERADO', false, false),
(120, 1, 41, 1, NULL, 'CURADOR', false, false),
(121, 1, 41, NULL, 122, 'CURADOR', false, false),
(122, 1, 41, 1, NULL, 'TUTOR', false, false),
(123, 1, 41, NULL, 123, 'TUTOR', false, false),
(124, 1, 41, 1, NULL, 'PROCURADOR', false, false),
(125, 1, 41, NULL, 40, 'PROCURADOR', false, false),
(126, 1, 41, NULL, 14, 'SOCIO_PJ', false, false),
(127, 1, 41, NULL, 14, 'CONGLOMERADO', false, false),
(128, 1, 41, NULL, 9, 'TOMADOR', false, false),
(129, 1, 37, NULL, 4, 'TOMADOR', true, false),
(130, 1, 37, NULL, 7, 'TOMADOR', true, false),
(131, 1, 37, NULL, 37, 'SOCIO_PF', true, false),
(132, 1, 37, NULL, 88, 'SOCIO_PJ', true, false),
(135, 1, 37, NULL, 88, 'SOCIO_PF', true, false),
(136, 1, 2, NULL, 88, 'SOCIO_PF', true, false),
(134, 1, 2, NULL, 4, 'TOMADOR', true, false),
(133, 1, 2, NULL, 7, 'TOMADOR', true, false),
(137, 1, 41, NULL, 4, 'TOMADOR', true, false),
(138, 1, 41, NULL, 7, 'TOMADOR', true, false),
(139, 1, 2, NULL, 37, 'SOCIO_PF', true, false),
(140, 1, 41, NULL, 37, 'SOCIO_PF', true, false),
(141, 1, 41, NULL, 88, 'SOCIO_PF', true, false),
(142, 1, 2, NULL, 9, 'TOMADOR', false, false),
(143, 1, 37, NULL, 13, 'TOMADOR', false, false),
(144, 1, 37, NULL, 9, 'TOMADOR', false, false),
(145, 1, 37, NULL, 8, 'TOMADOR', false, false),
(146, 1, 2, NULL, 14, 'CONGLOMERADO', false, false),
(147, 1, 2, NULL, 14, 'SOCIO_PJ', false, false),
(148, 1, 37, 7, NULL, 'CONGLOMERADO', false, false),
(149, 1, 37, 8, NULL, 'CONGLOMERADO', false, false),
(150, 1, 37, NULL, 10, 'CONGLOMERADO', false, false),
(151, 1, 37, NULL, 12, 'CONGLOMERADO', false, false),
(152, 1, 37, NULL, 11, 'CONGLOMERADO', false, false),
(153, 1, 37, NULL, 13, 'CONGLOMERADO', false, false),
(154, 1, 37, NULL, 19, 'CONGLOMERADO', false, false),
(155, 1, 37, NULL, 26, 'CONGLOMERADO', false, false),
(156, 1, 37, NULL, 14, 'CONGLOMERADO', false, false),
(157, 1, 37, 1, NULL, 'CURADOR', false, false),
(158, 1, 37, NULL, 122, 'CURADOR', false, false),
(159, 1, 37, 1, NULL, 'PROCURADOR', false, false),
(160, 1, 37, NULL, 40, 'PROCURADOR', false, false),
(161, 1, 37, 1, NULL, 'SOCIO_PF', false, false),
(162, 1, 37, 6, NULL, 'SOCIO_PF', false, false),
(163, 1, 37, NULL, 27, 'SOCIO_PF', false, false),
(167, 1, 37, NULL, 10, 'SOCIO_PJ', false, false),
(168, 1, 37, NULL, 14, 'SOCIO_PJ', false, false),
(169, 1, 37, 7, NULL, 'SOCIO_PJ', false, false),
(171, 1, 37, 7, NULL, 'TOMADOR', false, false),
(172, 1, 37, 8, NULL, 'TOMADOR', false, false),
(173, 1, 37, NULL, 10, 'TOMADOR', false, false),
(174, 1, 37, NULL, 12, 'TOMADOR', false, false),
(175, 1, 37, NULL, 11, 'TOMADOR', false, false),
(176, 1, 37, NULL, 26, 'TOMADOR', false, false),
(181, 1, 37, NULL, 123, 'TUTOR', false, false),
(182, 1, 37, 1, NULL, 'TUTOR', false, false);

SELECT pg_catalog.setval('mtr.mtrsq025_processo_documento', 182, true);

UPDATE mtr.mtrtb025_processo_documento SET nu_tipo_documento = nu_tipo_documento + 175 WHERE nu_tipo_documento BETWEEN 1 AND 30;
UPDATE mtr.mtrtb025_processo_documento SET nu_tipo_documento = 207 WHERE nu_tipo_documento = 27;
UPDATE mtr.mtrtb025_processo_documento SET nu_funcao_documental = 3 WHERE nu_funcao_documental = 2;
UPDATE mtr.mtrtb025_processo_documento SET nu_funcao_documental = 2 WHERE nu_funcao_documental = 6;
UPDATE mtr.mtrtb025_processo_documento SET nu_funcao_documental = nu_funcao_documental + 4 WHERE nu_funcao_documental IN (7,8);

INSERT INTO mtr.mtrtb025_processo_documento(nu_versao, nu_processo, nu_funcao_documental, nu_tipo_documento, ic_tipo_relacionamento, ic_obrigatorio, ic_validar) VALUES 
(1, 17, null, 206, 'TOMADOR', false, false),
(1, 17, null, 206, 'SOCIO_PJ', false, false),
(1, 17, null, 204, 'SOCIO_PF', false, false),
(1, 17, null, 204, 'PROCURADOR', false, false),
(1, 17, null, 204, 'TUTOR', false, false),
(1, 17, null, 204, 'CURADOR', false, false);


-- Tabela: mtr.mtrtb026_relacao_processo
--

INSERT INTO mtr.mtrtb026_relacao_processo (nu_processo_pai, nu_processo_filho, nu_versao, nu_prioridade, nu_ordem) VALUES 
(16, 2, 1, NULL, NULL),
(16, 17, 1, NULL, NULL),
(16, 37, 1, NULL, NULL),
(16, 41, 1, NULL, NULL),
(2, 4, 1, NULL, 1),
(2, 28, 1, NULL, 2),
(2, 36, 1, NULL, 3),
(2, 8, 1, NULL, 4),
(2, 9, 1, NULL, 5),
(17, 35, 1, NULL, 1),
(17, 27, 1, NULL, 2),
(17, 32, 1, NULL, 3),
(37, 40, 1, NULL, 1),
(41, 40, 1, NULL, 1);



-- Tabela: mtr.mtrtb028_opcao_campo
--

INSERT INTO mtr.mtrtb028_opcao_campo (nu_opcao_campo, nu_versao, nu_campo_entrada, no_value, no_opcao, ic_ativo) VALUES 
(1, 1, 1, '1', '0183', true),
(5, 1, 1, '4', '0194', true),
(7, 1, 1, '5', '0197', true),
(17, 1, 1, '13', '0605', true),
(60, 1, 5, 'SIM', 'SIM', true),
(61, 1, 5, 'NÃO', 'NÃO', true),
(62, 1, 1, '31', '0734 ', true),
(63, 1, 1, '14', '0606', true),
(64, 1, 1, '41', '1049', true),
(65, 1, 16, 'ALIENAÇÃO IMÓVEL', '1.Enviar MATRÍCULA DO IMÓVEL emitida a menos de 30 dias, com o registro da Alienação Fiduciária em favor da CAIXA; 2.Enviar APÓLICE DE SEGURO do imóvel vigente, com cobertura no mínimo igual ao valor do bem e cláusula beneficiária em favor da Caixa.', true),
(68, 1, 18, 'TERMO DE ACEITE', 'Aceite', true),
(69, 1, 19, 'ALIENAÇÃO VEÍCULOS', 'Enviar APÓLICE DE SEGURO do veículo vigente, com cobertura no mínimo igual ao valor do bem.', true),
(70, 1, 20, 'CESSÃO CHEQUES', 'O valor da CUSTÓDIA SIMPLES no SIDEC L6417 deve ser suficiente para compor a garantia no momento da liberação do crédito. Apresentar o Relatório SIDEC L6417.', true),
(71, 1, 21, 'CESSÃO DUPLICATAS', 'O saldo líquido da CARTEIRA DE RECEBÍVEIS deve ser suficiente para compor a garantia no momento da liberação do crédito. Apresentar o extrato da carteira de recebíveis.', true),
(72, 1, 22, 'CESSÃO APLIC. FINANC.', 'A Aplicação Financeira ofertada em garantia deve estar devidamente constituída para bloqueiopela CIOPE. Apresentar instrumento contratual registrado em cartório.', true),
(73, 1, 23, 'ALIENAÇÃO MAQ. EQUIP.', 'Apresentar instrumento contratual registrado em cartório.', true),
(74, 1, 1, '3', '0193', true),
(76, 1, 1, '6', '0215', true),
(77, 1, 1, '7', '0272', true),
(78, 1, 1, '8', '0277', true),
(79, 1, 1, '9', '0279', true),
(80, 1, 1, '10', '0291', true),
(81, 1, 1, '11', '0465', true),
(82, 1, 1, '12', '0601', true),
(83, 1, 1, '15', '0611', true),
(84, 1, 1, '16', '0653', true),
(85, 1, 1, '17', '0625', true),
(86, 1, 1, '18', '0649', true),
(87, 1, 1, '19', '0650', true),
(88, 1, 1, '20', '0697', true),
(89, 1, 1, '21', '0702', true),
(90, 1, 1, '22', '0704', true),
(91, 1, 1, '23', '0709', true),
(92, 1, 1, '24', '0710', true),
(93, 1, 1, '25', '0711', true),
(94, 1, 1, '26', '0713', true),
(95, 1, 1, '27', '0714', true),
(96, 1, 1, '28', '0715', true),
(97, 1, 1, '30', '0731', true),
(100, 1, 1, '32', '0748', true),
(101, 1, 1, '34', '0767', true),
(102, 1, 1, '35', '0777', true),
(103, 1, 1, '36', '0791', true),
(104, 1, 1, '37', '0797', true),
(105, 1, 1, '40', '1048', true),
(108, 1, 1, '38', '2540', true),
(109, 1, 1, '42', '3001', true),
(110, 1, 1, '43', '3145', true),
(111, 1, 1, '44', '7000', true),
(112, 1, 1, '45', '7400', true),
(113, 1, 1, '46', '7430', true),
(114, 1, 1, '47', '7600', true),
(115, 1, 1, '48', '7605', true),
(116, 1, 1, '49', '7615', true),
(119, 1, 1, '50', '7630', true),
(120, 1, 30, '002 - AVAL + FCC', '002 - AVAL + FCC', true),
(121, 1, 30, '019 - AVAL + Contrato/Convênio', '019 - AVAL + Contrato/Convênio', true),
(122, 1, 30, '029 - AVAL + Contrato/Convênio +  Prestamista', '029 - AVAL + Contrato/Convênio +  Prestamista', true),
(123, 1, 30, '032- AVAL + FCC + Prestamista', '032- AVAL + FCC + Prestamista', true),
(124, 1, 32, 'Correspondente Bancário', 'Correspondente Bancário', true),
(125, 1, 32, 'Empresa Lotérica', 'Empresa Lotérica', true),
(126, 1, 32, 'Farmácia Popular', 'Farmácia Popular', true),
(127, 1, 32, 'Fornecedor Caixa', 'Fornecedor Caixa', true),
(128, 1, 36, 'Aplicação Financeira', 'Aplicação Financeira', true),
(129, 1, 36, 'Cartão de Crédito Caixa Empresarial', 'Cartão de Crédito Caixa Empresarial', true),
(130, 1, 36, 'Cobrança Bancária', 'Cobrança Bancária', true),
(131, 1, 36, 'Convênio de Folha de Pagamento', 'Convênio de Folha de Pagamento', true),
(132, 1, 36, 'GiroCaixa Instantâneo Múltiplo', 'GiroCaixa Instantâneo Múltiplo', true),
(133, 1, 36, 'Seguro de Vida Empresarial', 'Seguro de Vida Empresarial', true),
(134, 1, 36, 'Seguro Multirrisco', 'Seguro Multirrisco', true),
(135, 1, 36, 'Seguro Prestamista', 'Seguro Prestamista', true),
(136, 1, 36, 'Operação de desconto de Cheques', 'Operação de desconto de Cheques', true),
(137, 1, 36, 'Operação de Desconto de Duplicatas', 'Operação de Desconto de Duplicatas', true),
(138, 1, 40, 'Aplicação Financeira', 'Aplicação Financeira', true),
(139, 1, 40, 'Cartão de Crédito Caixa Empresarial', 'Cartão de Crédito Caixa Empresarial', true),
(140, 1, 40, 'Cobrança Bancária', 'Cobrança Bancária', true),
(142, 1, 40, 'Convênio de Folha de Pagamento', 'Convênio de Folha de Pagamento', true),
(143, 1, 40, 'GiroCaixa Instantâneo Múltiplo', 'GiroCaixa Instantâneo Múltiplo', true),
(144, 1, 40, 'Seguro de Vida Empresarial', 'Seguro de Vida Empresarial', true),
(145, 1, 40, 'Seguro Multirrisco', 'Seguro Multirrisco', true),
(146, 1, 40, 'Seguro Prestamista', 'Seguro Prestamista', true),
(147, 1, 40, 'Operação de desconto de Cheques', 'Operação de desconto de Cheques', true),
(148, 1, 40, 'Operação de Desconto de Duplicatas', 'Operação de Desconto de Duplicatas', true),
(149, 1, 42, '009 - AVAL + CO230', '009 - AVAL + CO230', true),
(150, 1, 42, '017 - AVAL + CO230 + Prestamista', '017 - AVAL + CO230 + Prestamista', true),
(151, 1, 42, '018 - AVAL + 100% Aplicação/Imóvel+ Prestamista', '018 - AVAL + 100% Aplicação/Imóvel+ Prestamista', true),
(152, 1, 42, '019 - AVAL + 100% Aplicação/Imóvel', '019 - AVAL + 100% Aplicação/Imóvel', true),
(153, 1, 43, 'SIM', 'SIM', true),
(154, 1, 43, 'NÃO', 'NÃO', true),
(170, 1, 63, 'Mastercard', 'Mastercard', true),
(172, 1, 63, 'Visa', 'Visa', true),
(173, 1, 63, 'Diners', 'Diners', true),
(174, 1, 63, 'Elo', 'Elo', true),
(175, 1, 63, 'American Express', 'American Express', true),
(176, 1, 63, 'Hipercard', 'Hipercard', true),
(177, 1, 63, 'Banese', 'Banese', true),
(178, 1, 63, 'Banricompras', 'Banricompras', true),
(179, 1, 63, 'Cabal', 'Cabal', true),
(180, 1, 63, 'CredZ', 'CredZ', true),
(181, 1, 63, 'Sicred', 'Sicred', true),
(182, 1, 63, 'Sorocred', 'Sorocred', true),
(184, 1, 63, 'VerdeCard', 'VerdeCard', true),
(185, 1, 63, 'CredSystem', 'CredSystem', true),
(186, 1, 63, 'Banestes', 'Banestes', true);

SELECT pg_catalog.setval('mtr.mtrsq028_opcao_campo', 186, true);


-- Tabela: mtr.mtrtb029_campo_apresentacao
--

INSERT INTO mtr.mtrtb029_campo_apresentacao (nu_campo_apresentacao, nu_versao, nu_largura, ic_dispositivo, nu_campo_formulario) VALUES 
(1, 1, 6, 'W', 1),
(2, 1, 5, 'W', 23),
(3, 1, 5, 'W', 28),
(4, 1, 5, 'W', 29);

SELECT pg_catalog.setval('mtr.mtrsq029_campo_apresentacao', 4, true);

-- Tabela: mtr.mtrtb021_unidade_autorizada
--
INSERT INTO mtr.mtrtb021_unidade_autorizada(nu_processo, nu_unidade) VALUES 
(2,5401),
(2,5402),
(2,7010),
(2,7829),
(4,5402),
(4,7829),
(16,5401),
(16,5402),
(16,7010),
(16,7829),
(17,5401),
(17,5402),
(17,7010),
(17,7829),
(27,5401),
(27,5402),
(27,7829),
(28,5401),
(28,5402),
(28,7829),
(32,5401),
(32,5402),
(32,7829),
(35,5401),
(35,5402),
(35,7829),
(37,5402),
(37,7829),
(40,5402),
(40,7829);

-- Tabela: mtr.mtrtb034_garantia_produto
--

INSERT INTO mtr.mtrtb034_garantia_produto (nu_produto, nu_garantia) VALUES 
(13, 30),
(13, 31),
(13, 29),
(13, 2),
(13, 1),
(13, 3),
(13, 4),
(13, 28),
(13, 9),
(33, 69),
(5, 69),
(5, 30),
(5, 31),
(5, 4),
(14, 1),
(13, 69),
(14, 2),
(14, 3),
(14, 4),
(14, 9),
(14, 28),
(14, 29),
(14, 30),
(14, 31),
(14, 69),
(31, 1),
(31, 2),
(31, 3),
(31, 4),
(31, 9),
(31, 28),
(31, 29),
(31, 30),
(31, 31),
(31, 69),
(41, 1),
(41, 2),
(41, 3),
(41, 4),
(41, 9),
(41, 28),
(41, 29),
(41, 30),
(41, 31),
(41, 69),
(3, 69),
(3, 30),
(3, 29),
(3, 28),
(3, 35),
(4, 69),
(4, 30),
(4, 29),
(4, 28),
(4, 35),
(6, 69),
(6, 30),
(6, 29),
(6, 28),
(6, 35),
(7, 69),
(7, 30),
(7, 29),
(7, 28),
(7, 35),
(8, 69),
(8, 30),
(8, 29),
(8, 28),
(8, 35),
(9, 69),
(9, 30),
(9, 29),
(9, 28),
(9, 35),
(10, 69),
(10, 30),
(10, 29),
(10, 28),
(10, 35),
(11, 69),
(11, 30),
(11, 29),
(11, 28),
(11, 35),
(12, 69),
(12, 30),
(12, 29),
(12, 28),
(12, 35),
(17, 69),
(17, 30),
(17, 29),
(17, 28),
(17, 35),
(20, 69),
(20, 30),
(20, 29),
(20, 28),
(20, 35),
(21, 69),
(21, 30),
(21, 29),
(21, 28),
(21, 35),
(22, 69),
(22, 30),
(22, 29),
(22, 28),
(22, 35),
(34, 69),
(34, 30),
(34, 29),
(34, 28),
(34, 35),
(35, 69),
(35, 30),
(35, 29),
(35, 28),
(35, 35),
(36, 69),
(36, 30),
(36, 29),
(36, 28),
(36, 35),
(37, 69),
(37, 30),
(37, 29),
(37, 28),
(37, 35),
(38, 69),
(38, 30),
(38, 29),
(38, 28),
(38, 35),
(40, 69),
(40, 30),
(40, 29),
(40, 28),
(40, 35),
(44, 69),
(44, 30),
(44, 29),
(44, 28),
(44, 35),
(47, 69),
(47, 30),
(47, 29),
(47, 28),
(47, 35),
(48, 69),
(48, 30),
(48, 29),
(48, 28),
(48, 35),
(49, 69),
(49, 30),
(49, 29),
(49, 28),
(49, 35),
(50, 69),
(50, 30),
(50, 29),
(50, 28),
(50, 35);


-- Tabela: mtr.mtrtb043_documento_garantia
--

INSERT INTO mtr.mtrtb043_documento_garantia (nu_garantia, nu_tipo_documento, nu_processo, nu_documento_garantia, nu_funcao_documental, nu_versao) VALUES 
(69, NULL, 4, 41, 1, 1),
(69, 11, 4, 42, NULL, 1),
(69, NULL, 4, 43, 7, 1),
(69, 10, 4, 44, NULL, 1),
(30, 24, 4, 46, NULL, 1),
(30, 128, 4, 47, NULL, 1),
(30, 129, 4, 48, NULL, 1),
(30, 130, 4, 49, NULL, 1),
(30, 131, 4, 50, NULL, 1),
(30, 132, 4, 51, NULL, 1),
(31, 170, 4, 52, NULL, 1),
(31, 171, 4, 53, NULL, 1),
(31, 130, 4, 54, NULL, 1),
(31, 127, 4, 55, NULL, 1),
(29, 133, 4, 56, NULL, 1),
(29, 134, 4, 57, NULL, 1),
(29, 137, 4, 58, NULL, 1),
(29, 135, 4, 59, NULL, 1),
(28, 172, 4, 60, NULL, 1),
(28, 173, 4, 61, NULL, 1),
(28, 174, 4, 62, NULL, 1),
(28, 138, 4, 63, NULL, 1),
(28, 139, 4, 64, NULL, 1),
(9, 175, 4, 65, NULL, 1),
(30, 24, 36, 68, NULL, 1),
(30, 131, 36, 69, NULL, 1),
(30, 114, 36, 70, NULL, 1),
(29, 133, 36, 71, NULL, 1),
(29, 158, 36, 72, NULL, 1),
(29, 135, 36, 73, NULL, 1),
(2, 159, 36, 74, NULL, 1),
(1, 160, 36, 75, NULL, 1),
(28, 138, 36, 76, NULL, 1),
(31, 104, 4, 80, NULL, 1),
(69, NULL, 41, 85, 1, 1),
(69, 11, 41, 88, NULL, 1),
(69, NULL, 41, 89, 7, 1),
(69, 10, 41, 90, NULL, 1),
(30, 24, 41, 96, NULL, 1),
(30, 128, 41, 97, NULL, 1),
(30, 129, 41, 98, NULL, 1),
(30, 130, 41, 99, NULL, 1),
(30, 131, 41, 100, NULL, 1),
(30, 170, 41, 101, NULL, 1),
(30, 171, 41, 102, NULL, 1),
(30, 127, 41, 103, NULL, 1),
(29, 133, 41, 104, NULL, 1),
(29, 134, 41, 105, NULL, 1),
(29, 205, 41, 106, NULL, 1),
(28, 127, 41, 107, NULL, 1),
(28, 137, 41, 108, NULL, 1),
(28, 174, 41, 109, NULL, 1),
(28, 139, 41, 110, NULL, 1),
(35, 24, 41, 111, NULL, 1),
(35, 128, 41, 112, NULL, 1),
(35, 129, 41, 113, NULL, 1),
(35, 130, 41, 114, NULL, 1),
(35, 131, 41, 115, NULL, 1),
(35, 172, 41, 116, NULL, 1),
(35, 127, 41, 117, NULL, 1);

SELECT pg_catalog.setval('mtr.mtrsq043_documento_garantia', 117, true);

UPDATE mtr.mtrtb043_documento_garantia SET nu_tipo_documento = nu_tipo_documento + 175 WHERE nu_tipo_documento BETWEEN 1 AND 30;
UPDATE mtr.mtrtb043_documento_garantia SET nu_tipo_documento = 207 WHERE nu_tipo_documento = 27;
UPDATE mtr.mtrtb043_documento_garantia SET nu_funcao_documental = 3 WHERE nu_funcao_documental = 2;
UPDATE mtr.mtrtb043_documento_garantia SET nu_funcao_documental = 2 WHERE nu_funcao_documental = 6;
UPDATE mtr.mtrtb043_documento_garantia SET nu_funcao_documental = nu_funcao_documental + 4 WHERE nu_funcao_documental IN (7,8);


-- Tabela: mtr.mtrtb045_atributo_extracao
--

INSERT INTO mtr.mtrtb045_atributo_extracao (nu_atributo_extracao, nu_versao, nu_tipo_documento, no_atributo_negocial, no_atributo_retorno, ic_ativo, ic_ged, no_atributo_ged, ic_calculo_data, ic_campo_sicpf, ic_modo_sicpf, no_atributo_documento, ic_tipo_ged, ic_obrigatorio_ged, ic_tipo_campo, ic_obrigatorio, no_atributo_sicli, no_objeto_sicli, ic_tipo_sicli, ic_tipo_geral, pc_alteracao_permitido, ic_modo_partilha, nu_atributo_partilha, ic_identificador_pessoa, ic_estrategia_partilha, ic_presente_documento, vr_padrao, de_orientacao) VALUES 
(283, 1, 206, 'Carteira na Agência', 'carteira_agencia', true, false, NULL, false, NULL, NULL, 'carteira_agencia', NULL, NULL, 'TEXT', false, NULL, NULL, NULL, 'STRING', NULL, NULL, NULL, false, NULL, false, NULL, 'Informar a carteira de enquadramento do cliente composta de Segmento + Código. Ex: FX10'),
(284, 1, 206, 'Telefone', 'telefone', true, false, NULL, false, NULL, NULL, 'telefone', NULL, NULL, 'TEXT', false, NULL, NULL, NULL, 'STRING', NULL, NULL, NULL, false, NULL, false, NULL, 'Informar telefone com 8 ou 9 digitos no formato (99) 99999-9999'),
(285, 1, 206, 'E-Mail', 'email', true, false, NULL, false, NULL, NULL, 'email', NULL, NULL, 'TEXT', false, NULL, NULL, NULL, 'STRING', NULL, NULL, NULL, false, NULL, false, NULL, 'Indicar a Declaração de propositos conforme manual normativo para inclusão no Cadastro CAIXA'),
(286, 1, 204, 'Sexo', 'sexo', true, false, NULL, false, NULL, NULL, 'sexo', NULL, NULL, 'SELECT', false, NULL, NULL, NULL, 'STRING', NULL, NULL, NULL, false, NULL, false, NULL, NULL),
(287, 1, 204, 'Naturalidade', 'naturalidade', true, false, NULL, false, NULL, NULL, 'naturalidade', NULL, NULL, 'TEXT', false, NULL, NULL, NULL, 'STRING', NULL, NULL, NULL, false, NULL, false, NULL, NULL),
(288, 1, 204, 'Estado Civil', 'estado_civil', true, false, NULL, false, NULL, NULL, 'estado_civil', NULL, NULL, 'SELECT', false, NULL, NULL, NULL, 'STRING', NULL, NULL, NULL, false, NULL, false, NULL, NULL),
(289, 1, 204, 'CPF Conjuge', 'cpf_conjuge', true, false, NULL, false, NULL, NULL, 'cpf_conjuge', NULL, NULL, 'TEXT', false, NULL, NULL, NULL, 'STRING', NULL, NULL, NULL, false, NULL, false, NULL, NULL),
(290, 1, 204, 'Grau de Instrução', 'grau_instrucao', true, false, NULL, false, NULL, NULL, 'grau_instrucao', NULL, NULL, 'SELECT', false, NULL, NULL, NULL, 'STRING', NULL, NULL, NULL, false, NULL, false, NULL, NULL),
(291, 1, 204, 'Ocupação Comercial', 'ocupacao_comercial', true, false, NULL, false, NULL, NULL, 'ocupacao_comercial', NULL, NULL, 'SELECT', false, NULL, NULL, NULL, 'STRING', NULL, NULL, NULL, false, NULL, false, NULL, NULL),
(292, 1, 204, 'Telefone', 'telefone', true, false, NULL, false, NULL, NULL, 'telefone', NULL, NULL, 'TEXT', false, NULL, NULL, NULL, 'STRING', NULL, NULL, NULL, false, NULL, false, NULL, 'Informar telefone com 8 ou 9 digitos no formato (99) 99999-9999'),
(293, 1, 204, 'E-Mail', 'email', true, false, NULL, false, NULL, NULL, 'email', NULL, NULL, 'TEXT', false, NULL, NULL, NULL, 'STRING', NULL, NULL, NULL, false, NULL, false, NULL, 'Indicar a Declaração de propositos conforme manual normativo para inclusão no Cadastro CAIXA'),
(294, 1, 204, 'Carteira na Agência', 'carteira_agencia', true, false, NULL, false, NULL, NULL, 'carteira_agencia', NULL, NULL, 'TEXT', false, NULL, NULL, NULL, 'STRING', NULL, NULL, NULL, false, NULL, false, NULL, 'Informar a carteira de enquadramento do cliente composta de Segmento + Código. Ex: FX10');

SELECT pg_catalog.setval('mtr.mtrsq045_atributo_extracao', 294, true);


-- Tabela: mtr.mtrtb051_checklist
--

INSERT INTO mtr.mtrtb051_checklist (nu_checklist, nu_versao, no_checklist, nu_unidade_responsavel, ic_verificacao_previa) VALUES 
(2, 1, 'Declaração de Inatividade - Conglomerado', 5402, false),
(4, 1, 'Documento Fiscal (DASN SIMEI)', 5402, false),
(5, 1, 'Documento Constitutivo - Conglomerado', 5402, false),
(8, 1, 'Análise Socioambiental da GERIE', 5402, false),
(13, 1, 'Documento Fiscal (ECF)', 5402, false),
(16, 1, 'Avaliação de Risco de Crédito da Operação - SIRIC', 5402, false),
(19, 1, 'Simulador de Alçadas - SIALC ou SIASC', 5402, false),
(20, 1, 'Parecer da Mesa de Negócios', 5402, false),
(23, 1, 'Licença Ambiental ou Documento de Dispensa - Empresas com CNAE listado no MN AE124', 5402, false),
(27, 1, 'MO 33045 - Dados Complementares Pessoa Física', 5402, false),
(30, 1, 'MO 33045 - Módulo 1 - Cadastro Empresa Proponente', 5402, false),
(35, 1, 'MO 33355 - Definição de Conglomerado', 5402, false),
(36, 1, 'Documento Fiscal (DEFIS)', 5402, false),
(42, 1, 'MO 33045 - Módulo 3 - Cadastro Sócio/Dirigente/Avalista/Representante Legal - PF', 5402, false),
(45, 1, 'MO 33045 - Dados Complementares Pessoa Jurídica', 5402, false),
(47, 1, 'Documento Constitutivo', 5402, false),
(49, 1, 'Certidão de Matrícula e/ou Certidão Negativa de Ônus', 5402, false),
(50, 1, 'Relatório de Visita', 5402, false),
(51, 1, 'MO 33045 - Dados Complementares Pessoa Jurídica - Conglomerado', 5402, false),
(52, 1, 'MO 33045 - Dados Complementares Pessoa Física - Conglomerado', 5402, false),
(54, 1, 'Relatório de Visita  - Conglomerado', 5402, false),
(55, 1, 'Comprovante de Emancipação', 5402, false),
(60, 1, 'Comprovante de endereço', 5402, false),
(61, 1, 'Documento de Identificação', 5402, false),
(62, 1, 'Procuração', 5402, false),
(63, 1, 'Comprovante de Curatela', 5402, false),
(64, 1, 'Comprovante de Tutela', 5402, false),
(65, 1, 'Checklist não documental - Originação', 5402, false),
(66, 1, 'Avançar', 5402, false),
(67, 1, 'Resolução emitida pela Autoridade Competente', 5402, false),
(68, 1, 'Nota Fiscal ou Recibo de Pessoa Jurídica', 5402, false),
(69, 1, 'Apólice de Seguro de Máquinas e Equipamentos', 5402, false),
(70, 1, 'Declaração do proprietário', 5402, false),
(71, 1, 'Extrato da credenciadora e/ou Extrato da conta corrente', 5402, false),
(72, 1, 'Apólice de seguro do veículo', 5402, false),
(73, 1, 'Tabela Fipe', 5402, false),
(74, 1, 'CRLV/CRV - Certificado de registro de veículos', 5402, false),
(75, 1, 'Apólice de seguro do imovel', 5402, false),
(76, 1, 'Laudo de avaliação do imóvel', 5402, false),
(77, 1, 'Parecer do Jurídico', 5402, false),
(78, 1, 'Certidões negativas de ações cíveis e de execuções', 5402, false),
(79, 1, 'Certidão negativa de protestos', 5402, false),
(80, 1, 'Cessão fiduciária de direitos creditórios sobre recebíveis de cartão de crédito - NÃO DOCUMENTAL', 5402, false),
(81, 1, 'Cessão fiduciária de duplicatas - NÃO DOCUMENTAL', 5402, false),
(82, 1, 'Cessão fiduciária de cheques pré-datados - NÃO DOCUMENTAL', 5402, false),
(83, 1, 'Enquadramento de Modalidade', 5402, false),
(84, 1, 'Tela do SIFAP', 5402, false),
(85, 1, 'Enquadramento de Taxa de Juros', 5402, false),
(86, 1, 'Cadastramento de Contrato', 5402, false),
(87, 1, 'Cessão fiduciária de direitos creditórios de aplicação financeira renda fixa', 5402, false),
(88, 1, 'CCB', 5402, false),
(89, 1, 'Termo de Constituição de Garantia', 5402, false),
(92, 1, 'MO 33638 - Termo de Obrigações Especiais', 5402, false),
(93, 1, 'MO 38261 - 2ª Via de Proposta de Seguro Prestamista PJ', 5402, false),
(94, 1, 'Parecer Jurídico - Ressalva Contratual', 5402, false),
(95, 1, 'Certidão de Matrícula do Imóvel Averbada em favor da caixa', 5402, false),
(96, 1, 'CRLV/CRV - Certificado de Registro de Veículos com Alienação à CAIXA', 5402, false),
(97, 1, 'Gravame', 5402, false),
(98, 1, 'MO 37673 - Termo de Cessão Fiduciária de Cheques Pré-Datados', 5402, false),
(99, 1, 'MO 37672 - Termo de Cessão Fiduciária de Duplicatas Mercantis', 5402, false),
(100, 1, 'Cessão Fiduciária de Direitos Creditórios de Aplicação Financeira - Renda Fixa', 5402, false),
(101, 1, 'Cessão Ficuciária de Direitos Creditórios sobre Recebíveis de Cartão de Crédito', 5402, false),
(102, 1, 'MO 33423 - Ficha de Informações das Participações Societárias', 5402, false),
(103, 1, 'Parecer de Análise de Risco de Crédito da CERIS', 5402, false),
(104, 1, 'Composição da Garantia', 5402, false),
(113, 1, 'Laudo de avaliação do imóvel - Constituição da garantia', 5402, false),
(114, 1, 'Apólice de Seguro do Imóvel - Constituição da Garantia', 5402, false),
(115, 1, 'Apólice de Seguro do Veículo - Constituição de Garantia', 5402, false),
(118, 1, 'Avaliação de Risco de Crédito da Operação - SIRIC - Regime de Alçada PJ', 5402, false),
(108, 1, 'Comprovante de inscrição do imóvel no CAR - Cadastro Ambiental Rural', 5402, false),
(109, 1, 'Certidão Negativa de Débitos de Imóvel rural', 5402, false),
(110, 1, 'Parecer workflow', 5402, false),
(111, 1, 'Laudo técnico de avaliação de máquinas e equipamentos', 5402, false),
(112, 1, 'Parecer da SUEMP', 5402, false),
(116, 1, 'Verificação da Alçada competente', 5402, false),
(119, 1, 'MO 33301 - Termo de Conferência de Autenticidade da Documentação', 5402, false),
(120, 1, 'MO 33045 - Dados Complementares Pessoa Física - Avalistas/Fiadores Externos PF', 5402, false),
(121, 1, 'MO 33045 - Dados Complementares Pessoa Jurídica - Avalista PJ', 5402, false),
(122, 1, 'MO 33045 - Dados Complementares Pessoa Física - Sócios/sirigentes/representantes legais do Avalista PJ', 5402, false),
(124, 1, 'Nota Fiscal ou Laudo Técnico de Avalição de Ônibus', 5402, false),
(125, 1, 'Parecer Workflow - Esteira Negocial  PJ MPE', 5402, false),
(126, 1, 'Conferir envio de documentos - Empresa Proponente', 5402, false),
(127, 1, 'Conferir envio de documentos - Conglomerado', 5402, false),
(128, 1, 'Conferir envio de documentos - Geral', 5402, false),
(129, 1, 'Conferir envio de documentos - Garantias', 5402, false),
(130, 1, 'Conferir envio de documentos - Op.605 e Op.606', 5402, false),
(131, 1, 'Conferir envio de documentos - Constituição das Garantias', 5402, false);

SELECT pg_catalog.setval('mtr.mtrsq051_checklist', 131, true);


-- Tabela: mtr.mtrtb052_apontamento
--

INSERT INTO mtr.mtrtb052_apontamento (nu_apontamento, nu_versao, nu_checklist, no_apontamento, de_apontamento, de_orientacao, ic_informacao, ic_rejeicao, ic_seguranca, nu_ordem, co_tecla_atalho) VALUES 
(6,1,2,'Consta Declaração que comprove a situação de inatividade, visto que consta informação de empresa inativa no MO33355 ou no MO33045?','"1 - A inatividade é comprovada por meio de Declaração de Inatividade emitida pela Receita Federal ou EFC com faturamento zerado ou documento assinado pelo contador da empresa. 
2 - Empresas que não tenham atividade operacional/faturamento mas possuem participações em outras sociedades, não são consideradas inativas."','Enviar a Declaração de Inatividade emitida pela Receita Federal ou EFC com faturamento zerado ou documento assinado pelo contador da empresa, que comprove a situação de inatividade, visto que consta informação de empresa inativa no MO33355 ou no MO33045.',false,true,false,1,NULL),
(8,1,2,'Documento legível?','','Enviar documento legível.',false,true,false,1,NULL),
(9,1,2,'Documento sem rasura?','','Enviar documento sem rasura.',false,true,false,1,NULL),
(16,1,4,'Consta Documento Fiscal do último exercício encerrado?','','Enviar comprovante de faturamento fiscal do último exercício encerrado (DASN SIMEI).',false,true,false,1,NULL),
(18,1,4,'Consta Recibo de entrega à Receita Federal?','','Enviar Recibo de entrega à Receita Federal.',false,true,false,1,NULL),
(19,1,4,'Documento legível?','','Enviar documento legível.',false,true,false,1,NULL),
(20,1,4,'Documento sem rasura?','','Enviar documento sem rasura.',false,true,false,1,NULL),
(21,1,5,'Consta documento constitutivo da empresa com todas as alterações ou consolidação?','','Enviar documento de constituição da empresa com todas as alterações ou consolidação.',false,true,false,1,NULL),
(23,1,5,'Documento legível?','','Enviar documento legível.',false,true,false,1,NULL),
(24,1,5,'Documento registrado em orgão competente?','','Enviar documento registrado em órgão competente, conforme MN CR015.',false,true,false,1,NULL),
(25,1,5,'Documento sem rasura?','','Enviar documento sem rasura.',false,true,false,1,NULL),
(34,1,8,'Consta Análise Socioambiental da GERIE?','Obrigatório para operações de crédito de valor igual ou superior a R$ 10 milhões, destinada a Média Empresa, Grande Empresa e Corporativo que desenvolva atividade sujeita ao licenciamento ambiental.','Enviar Análise Socioambiental feita pela GERIE.',false,true,false,1,NULL),
(35,1,8,'Documento datado?','','Enviar documento datado.',false,true,false,1,NULL),
(36,1,8,'Documento enviado é favorável à contratação?','','Enviar documento favorável à contratação.',false,true,false,1,NULL),
(37,1,8,'Documento legível?','','Enviar documento legível.',false,true,false,1,NULL),
(38,1,8,'Documento sem rasura?','','Enviar documento sem rasura.',false,true,false,1,NULL),
(39,1,13,'Consta Documento Fiscal do último exercíco encerrado?','O comprovante de faturamento do último exercício fiscal encerrado (ECF) deve ser apresentado inclusive quando há antecipação de faturamento por meio do PGDAS ou do MO33045.','Enviar comprovante de faturamento fiscal do último exercício encerrado (ECF).',false,true,false,1,NULL),
(41,1,13,'Constam os blocos da ECF, conforme exigido no Anexo I do MN CR015?','','Enviar blocos mínimos da ECF ( Blocos "0" e "Y", com o Registro Y540 preenchimento), exigidos no Anexo I do MN CR015.',false,true,false,1,NULL),
(42,1,13,'Consta Recibo de entrega à Receita Federal?','','Enviar Recibo de entrega à Receita Federal.',false,true,false,1,NULL),
(43,1,13,'Documento legível?','','Enviar documento legível.',false,true,false,1,NULL),
(44,1,13,'Documento sem rasura?','','Enviar documento sem rasura.',false,true,false,1,NULL),
(60,1,16,'Avaliação dentro do prazo de validade?','','Realizar nova Avaliação da Operação, visto que a avaliação constante no SIRIC está vencida.',false,true,false,1,NULL),
(61,1,16,'Consta avaliação da operação no SIRIC?','','Realizar Avaliação da Operação no SIRIC.',false,true,false,1,NULL),
(67,1,19,'CNPJ constante no documento é o mesmo da AVALOP?','','Enviar Relatório Simulador de Alçadas para o CNPJ constante na Avaliação da Operação.',false,true,false,1,NULL),
(68,1,19,'CNPJ constante no documento é o mesmo da Resolução?','','Enviar Relatório Simulador de Alçadas para o CNPJ constante na Resolução.',false,true,false,1,NULL),
(69,1,19,'Código e Nome da Operação constates no documento são os mesmos da AVALOP?','','Enviar Relatório Simulador de Alçadas com o Código e Nome da OPERAÇÃO constante na Avaliação da Operação.',false,true,false,1,NULL),
(70,1,19,'Código e Nome da Operação constates no documento são os mesmos da Resolução?','','Enviar Relatório Simulador de Alçadas com o Código e Nome da OPERAÇÃO constante na Resolução.',false,true,false,1,NULL),
(71,1,19,'Consta assinatura e identificação do gerente?','','Enviar Relatório Simulador de Alçadas com assinatura sob carimbo do gerente responsável.',false,true,false,1,NULL),
(72,1,19,'Consta Simulador de Alçadas?','1 - Para empresas do Segmento MGE e Corporativo. 2 - No caso de empresa CATEGORIZADA DO ESCOPO VICOP utilizar o SIASC ao invés de SIALC.','Enviar o Simulador de Alçadas.',false,true,false,1,NULL),
(73,1,19,'Documento legível?','','Enviar documento legível.',false,true,false,1,NULL),
(74,1,19,'Documento sem rasura?','','Enviar documento sem rasura.',false,true,false,1,NULL),
(75,1,19,'Nome e valor da GARANTIA constantes no documento são os mesmo da AVALOP?','1 - Verificar o valor somente se constar valor de garantia no SIRIC.2 - A verificação do Nome da Garantia pode ser feita por similaridade, desde que seja possível identificar a garantia.','Enviar Relatório Simulador de Alçadas com o nome e valor da GARANTIA correspondente ao constante na Avaliação da Operação.',false,true,false,1,NULL),
(76,1,19,'Nome e valor da GARANTIA constantes no documento são os mesmo da Resolução?','A verificação do Nome da Garantia pode ser feita por similaridade, desde que seja possível identificar a garantia.','Enviar Relatório Simulador de Alçadas com o nome e valor da GARANTIA correspondente ao constante na Resolução.',false,true,false,1,NULL),
(77,1,19,'Valor da operação constante no documento é igual ou inferior ao valor da Resolução?','','Enviar Relatório Simulador de Alçadas com o VALOR DA OPERAÇÃO  no mínimo, igual ao constante na Resolução.',false,true,false,1,NULL),
(78,1,20,'Consta CE/Parecer favorável da Mesa de Negócios?','1 - Para o segmento Média/Grande Empresa e Corporativo. 2 - Apontar somente se constar no Relatório Simulador de Alçadas a necessidade de apresentação do Parecer da Mesa de Negócios.','Enviar CE/Parecer favorável da Mesa de Negócios, conforme necessidade indicada no Relatório Simulador de Alçadas.',false,true,false,1,NULL),
(79,1,20,'Documento datado?','','Enviar documento datado.',false,true,false,1,NULL),
(80,1,20,'Documento legível?','','Enviar documento legível',false,true,false,1,NULL),
(81,1,20,'Documento sem rasura?','','Enviar documento sem rasura.',false,true,false,1,NULL),
(87,1,23,'Consta Licença Ambiental ou documento de dispensa?','A licença ambiental ou o documento de dispensa devem ser apresentados somente para as empresas com CNAE listado no MN AE124.','Enviar Licença Ambiental ou documento de dispensa visto que empresa possui CNAE listado no AE124.',false,true,false,1,NULL),
(88,1,23,'Documento assinado?','Apontar apenas quando constar campo específico para assinatura do emissor.','Enviar documento assinado.',false,true,false,1,NULL),
(89,1,23,'Documento enviado contempla a atividade do(s) CNAE secundário(s) do tomador?','','Enviar Licença Ambiental que contemple a atividade do(s) CNAE secundário(s) do tomador.',false,true,false,1,NULL),
(90,1,23,'Documento legível?','','Enviar documento legível.',false,true,false,1,NULL),
(91,1,23,'Documento sem rasura?','','Enviar documento sem rasura.',false,true,false,1,NULL),
(92,1,23,'Documento vigente?','Apontar apenas se constar data de validade e estiver vencido.','Enviar documento vigente.',false,true,false,1,NULL),
(93,1,23,'RAZÃO SOCIAL e CNPJ da empresa estão corretos?','','Enviar documento com RAZÃO SOCIAL e CNPJ da empresa corretos.',false,true,false,1,NULL),
(94,1,27,'Campos NOME COMPLETO e CPF preenchidos corretamente?','','Preencher corretamente campo(s) NOME e/ou CPF do sócio / dirigente / representante, conforme a alteração contratual mais recente.',false,true,false,1,NULL),
(96,1,27,'Consta MO 33.045 - Dados Complementares Pessoa Física para todos os sócios / dirigentes / representantes legais?','O MO33045 – parte “Dados Complementares Pessoa Física” deve ser preenchido para os sócios PF, dirigentes e representantes legais da empresa.','Enviar MO 33.045 - Dados Complementares Pessoa Física.',false,true,false,1,NULL),
(97,1,27,'Formulário datado?','','Enviar documento datado.',false,true,false,1,NULL),
(98,1,27,'Formulário assinado?','','Colher assinatura do sócio / dirigente / representante legal.',false,true,false,1,NULL),
(99,1,27,'Documento legível?','','Enviar documento legível.',false,true,false,1,NULL),
(100,1,27,'Documento sem rasura?','','Enviar documento sem rasura.',false,true,false,1,NULL),
(101,1,27,'Quadro PARTICIPAÇÕES SOCIETÁRIAS preenchido?','1 - Solicitar se a opção "Sim" foi marcada para a pergunta "Esta pessoa física possui participação e/ou atua como dirigente em empresas?"2 - Não apontar no caso de MO apresentado para Avalaista/Fiador Externo.','Preencher o quadro PARTICIPAÇÕES SOCIETÁRIAS, pois consta marcada a opção "Sim" para a pergunta "Esta pessoa física possui participação e/ou atua como dirigente em empresas".',false,true,false,1,NULL),
(102,1,30,'Campo COMPOSIÇÃO SOCIETÁRIA E ADMINISTRATIVA preenchido corretamente?','Quando constar informação na Avaliação do Tomador - campo "Composição Societária" de pessoas que não participam do quadro societário, mas que ocupam cargo de direção na empresa, os dados devem ser relacionados no MO 33045 campo COMPOSIÇÃO SOCIETÁRIA E ADMINISTRATIVA.','Enviar versão atualizada do MO33045, visto que o campo COMPOSIÇÃO SOCIETÁRIA E ADMINISTRATIVA não consta preenchido ou está com preenchimento incorreto na versão apresentada.',false,true,false,1,NULL),
(103,1,30,'Campo DATA DA ÚLTIMA ALTERAÇÃO CONTRATUAL preenchido corretamente?','','Enviar versão atualizada do MO33045, visto que o campo DATA DA ÚLTIMA ALTERAÇÃO CONTRATUAL não consta preenchido ou está com preenchimento incorreto na versão apresentada.',false,true,false,1,NULL),
(104,1,30,'Campos RAZÃO SOCIAL E CNPJ  preenchidos corretamente?','','Enviar versão atualizada do MO33045, visto que o(s) campo(s) RAZÃO SOCIAL e/ou CNPJ não consta(m) preenchido(s) ou está(ão) com preenchimento incorreto na versão apresentada.',false,true,false,1,NULL),
(105,1,30,'Consta assinatura e identificação do gerente?','','Enviar documento com identificação e assinatura do gerente.',false,true,false,1,NULL),
(106,1,30,'Consta nome, CPF, assinatura do sócio/dirigente/ representante legal da empresa?','','Enviar versão atualizada do MO33045, visto que não consta nome / CPF / assinatura do representante legal da empresa, na versão apresentada.',false,true,false,1,NULL),
(107,1,30,'Dados dos dirigentes preenchidos corretamente?','','Enviar versão atualizada do MO33045, visto que o(s) dados do(s) dirigente(s) não consta(m) informado(s) ou está (ão) com preenchimento incorreto no campo COMPOSIÇÃO SOCIETÁRIA E ADMINISTRATIVA, na versão apresentada.',false,true,false,1,NULL),
(108,1,30,'Data preenchida é anterior ou igual à Avaliação de Risco do Tomador?','','Enviar versão atualizada do MO33045, visto que na versão apresentada não consta data ou a data é posterior à Avaliação de Risco do Tomador.',false,true,false,1,NULL),
(109,1,30,'Documento legível?','','Enviar documento legível.',false,true,false,1,NULL),
(110,1,30,'Documento sem rasura?','','Enviar versão atualizada do MO33045, visto que o documento apresentado possui rasura.',false,true,false,1,NULL),
(111,1,30,'Quadro PARTICIPAÇÕES SOCIETÁRIAS preenchido?','','Enviar versão atualizada do MO33045, visto que está selecionada a opção "Sim" para a pergunta "Possui participação em outras empresas?" na versão apresentada, e o quadro PARTICIPAÇÕES SOCIETÁRIAS não consta preenchido.',false,true,false,1,NULL),
(124,1,35,'Consta MO33355?','Deve ser solicitado quando for identificada por meio dos documentos apresentados a existência de sócio PJ e/ou a participação da empresa proponente / sócios em outras empresas.','Enviar o documento MO33355, pois foi identificada a existência de sócio PJ e/ou a participação da empresa proponente/sócios em outras empresas .',false,true,false,1,NULL),
(125,1,35,'Documento legível?','','Enviar documento legível.',false,true,false,1,NULL),
(126,1,35,'Documento sem rasura?','','Enviar documento sem rasura.',false,true,false,1,NULL),
(127,1,35,'Campos RAZÃO SOCIAL e CNPJ  preenchidos corretamente?','','Preencher corretamente o(s) campo(s) RAZÃO SOCIAL e CNPJ.',false,true,false,1,NULL),
(128,1,35,'Empresa tomadora selecionada como proponente?','','Selecionar a empresa tomadora como Proponente.',false,true,false,1,NULL),
(129,1,35,'Campos FATURAMENTO FISCAL ANUAL e ANO DO FATURAMENTO FISCAL preenchidos corretamente?','','Preencher o(s) campo(s) FATURAMENTO FISCAL ANUAL e/ou ANO DO FATURAMENTO FISCAL,  conforme ECF, DASN SIMEI, DEFIS ou MO33045.',false,true,false,1,NULL),
(130,1,35,'ANO DO FATURAMENTO FISCAL das empresas participantes do conglomerado é o mesmo da empresa proponente?','','Preencher corretamente o campo “ANO DO FATURAMENTO FISCAL das empresas participantes do conglomerado” com o mesmo ano do exercício fiscal da proponente, conforme documento fiscal apresentado.',false,true,false,1,NULL),
(131,1,35,'Campos COMPOSIÇÃO SOCIETÁRIA, CNPJ/CPF, PERCENTUAL DE PARTICIPAÇÃO E DIRIGENTE preenchidos corretamente?','','Preencher o campo(s) COMPOSIÇÃO SOCIETÁRIA, CNPJ/CPF, PERCENTUAL DE PARTICIPAÇÃO E DIRIGENTE, conforme alteração contratual mais recente e MO33045.',false,true,false,1,NULL),
(132,1,35,'Colunas "D" e "E" preenhidas?','','Preencher as colunas "D" e "E" da parte II do formulário.',false,true,false,1,NULL),
(133,1,35,'Consta assinatura sob carimbo do gerente?','','Enviar documento com assinatura, sob carimbo, do gerente responsável.',false,true,false,1,NULL),
(135,1,36,'Consta Documento Fiscal do último exercício encerrado?','O comprovante de faturamento do último exercício fiscal encerrado (DEFIS) deve ser apresentado inclusive quando há antecipação de faturamento por meio do PGDAS ou do MO33045.','Enviar comprovante de faturamento fiscal do último exercício encerrado (DEFIS)',false,true,false,1,NULL),
(136,1,36,'Consta extrato gerado pelo PGDAS - D ou Extrato do Simples Nacional, contendo a data e horário da transmissão, npuemro do recibo e autenticação?','','enviar o extrato gerado pelo PGDAS – D ou Extrato do Simples Nacional, contendo a data e horário da transmissão, número do recibo e autenticação',false,true,false,1,NULL),
(138,1,36,'Consta Recibo de entrega à Receita Federal?','','Enviar Recibo de entrega à Receita Federal.',false,true,false,1,NULL),
(139,1,36,'Documento legível?','','Enviar documento legível.',false,true,false,1,NULL),
(140,1,36,'Documento sem rasura?','','Enviar documento sem rasura.',false,true,false,1,NULL),
(163,1,42,'Campo DADOS DO CÔNJUGE/COMPANHEIRO preenchidos corretamente?','Solicitar apenas quando o estado civil informando for “casado” ou "união estável".','Enviar versão atualizada do MO33045, visto que o campo DADOS DO CÔNJUGE/COMPANHEIRO não consta preenchido ou está com preenchimento incorreto, na versão apresentada.',false,true,false,1,NULL),
(164,1,42,'Campo ESTADO CIVIL preenchido corretamente?','','Enviar versão atualizada do MO33045, visto que o campo ESTADO CIVIL não está preenchido, na versão apresentada.',false,true,false,1,NULL),
(165,1,42,'Campo(s) NOME e/ou CPF do sócio / dirigente / representante preenchidos corretamente?','','Enviar versão atualizada do MO33045, visto que o(s) campo(s) NOME e/ou CPF do sócio / dirigente / representante legal não consta (m) preenchido(s) ou está (ão) com preenchimento incorreto na versão apresentada.',false,true,false,1,NULL),
(166,1,42,'Campos RAZÃO SOCIAL E CNPJ  preenchidos corretamente?','','Enviar versão atualizada do MO33045, visto que o(s) campo(s) RAZÃO SOCIAL e/ou CNPJ não consta(m) preenchido(s) ou está(ão) com preenchimento incorreto na versão apresentada.',false,true,false,1,NULL),
(167,1,42,'Consta assinatura e identificação do gerente?','','Enviar documento com identificação e assinatura do gerente.',false,true,false,1,NULL),
(168,1,42,'Consta nome, CPF, assinatura do sócio/dirigente/ representante legal da empresa?','','Enviar versão atualizada do MO33045, visto que não consta nome, CPF, assinatura do sócio/dirigente/ representante legal da empresa, na versão apresentada.',false,true,false,1,NULL),
(169,1,42,'Data preenchida é anterior ou igual à Avaliação de Risco do Tomador?','','Enviar versão atualizada do MO33045, visto que na versão apresentada não consta data ou a data é posterior à Avaliação de Risco do Tomador.',false,true,false,1,NULL),
(170,1,42,'Documento legível?','','Enviar documento legível.',false,true,false,1,NULL),
(171,1,42,'Documento sem rasura?','','Enviar versão atualizada do MO33045, visto que o documento apresentado possui rasura.',false,true,false,1,NULL),
(172,1,42,'Quadro PARTICIPAÇÕES SOCIETÁRIAS preenchido?','','Enviar versão atualizada do MO33045, visto que está selecionada a opção "Sim" para a pergunta "Possui participação em outras empresas?", na versão apresentada, e o quadro PARTICIPAÇÕES SOCIETÁRIAS não consta preenchido.',false,true,false,1,NULL),
(185,1,45,'Os Campos RAZÃO SOCIAL E CNPJ estão  preenchidos?','','Preencher corretamente os campo(s) RAZÃO SOCIAL e CNPJ.',false,true,false,1,NULL),
(187,1,45,'Consta MO 33045 - Dados Complementares Pessoa Jurídica?','','Enviar MO 33.045 - Dados Complementares Pessoa Jurídica',false,true,false,1,NULL),
(188,1,45,'Formulário datado?','','Enviar documento datado.',false,true,false,1,NULL),
(189,1,45,'Formulário assinado pelo Representante legal da empresa?','','Colher assinatura do titular / Representante legal / Responsável legal da empresa.',false,true,false,1,NULL),
(190,1,45,'Documento legível?','','Enviar documento legível.',false,true,false,1,NULL),
(191,1,45,'Documento sem rasura?','','Enviar documento sem rasura.',false,true,false,1,NULL),
(192,1,45,'Campo NOME e CPF do representante legal da empresa preenchido?','','Preencher nome e CPF do representante legal da empresa.',false,true,false,1,NULL),
(193,1,45,'Quadro PARTICIPAÇÕES SOCIETÁRIAS preenchido?','"1 - Solicitar se a opção ""Sim"" foi marcada para a pergunta ""Esta empresa possui participação em outras empresas?""
2 - Não apontar no caso de MO apresentado para Avalista PJ."','preencher o quadro PARTICIPAÇÕES SOCIETÁRIAS, pois consta marcada a opção "Sim" para a pergunta "Esta empresa possui participação em outras empresas?"',false,true,false,1,NULL),
(194,1,45,'Quadro RECEITA FISCAL - ÚLTIMO EXERCÍCIO ENCERRADO preenchido?','Solicitar se a opção "Sim" foi marcada para a pergunta "A empresa pretende antecipar a informação de receita fiscal do último exercício encerrado?','Preencher todos os campos do quadro RECEITA FISCAL - ÚLTIMO EXERCÍCIO ENCERRADO, pois consta marcada a opção “Sim” para a pergunta “A empresa pretende antecipar a informação de receita fiscal do último exercício encerrado?”.',false,true,false,1,NULL),
(195,1,47,'Consta documento constitutivo da empresa com todas as alterações contratuais?','','Enviar documento de constituição da empresa com todas as alterações ou consolidação.',false,true,false,1,NULL),
(197,1,47,'Documento legível?','','Enviar documento legível.',false,true,false,1,NULL),
(198,1,47,'Documento registrado em orgão competente?','','Enviar documento registrado em órgão competente, conforme MN CR015.',false,true,false,1,NULL),
(199,1,47,'Documento sem rasura?','','Enviar documento sem rasura.',false,true,false,1,NULL),
(201,1,50,'Consta Relatório de Visita?','','Enviar Relatório de Visita, conforme modelo Apensado CR015',false,true,false,1,NULL),
(203,1,50,'Documento Legível?','','Enviar documento legível',false,true,false,1,NULL),
(206,1,50,'Documento sem rasura?','','Enviar documento sem rasura',false,true,false,1,NULL),
(207,1,50,'Documento datado?','','Enviar documento com data',false,true,false,1,NULL),
(210,1,50,'Consta assinatura sob carimbo do empregado responsável pela visita?','','Enviar documento carimbado e assinado pelo empregado responsável pela visita',false,true,false,1,NULL),
(213,1,54,'Consta Relatório de Visita?','','Enviar Relatório de Visita, conforme modelo Apensado CR015.',false,true,false,1,NULL),
(214,1,54,'Documento legível?','','Enviar documento legível.',false,true,false,1,NULL),
(215,1,54,'Documento sem rasura?','','Enviar documento sem rasura.',false,true,false,1,NULL),
(216,1,54,'Documento datado?','','Enviar documento datado.',false,true,false,1,NULL),
(219,1,54,'Consta assinatura sob carimbo do empregado responsável pela visita?','','Enviar documento carimbado e assinado pelo empregado responsável pela visita',false,true,false,1,NULL),
(220,1,52,'Consta MO 33.045 - Dados Complementares Pessoa Física para todos os sócios / dirigentes / representantes legais?','O MO33045 – parte “Dados Complementares Pessoa Física” deve ser preenchido para os sócios PF, dirigentes e representantes legais da empresa.','Enviar MO 33.045 - Dados Complementares Pessoa Física',false,true,false,1,NULL),
(221,1,52,'Documento legível?','','Enviar documento legível',false,true,false,1,NULL),
(222,1,52,'Documento sem rasura?','','Enviar documento sem rasura',false,true,false,1,NULL),
(224,1,52,'Campos NOME COMPLETO e CPF preenchidos corretamente?','','Preencher corretamente campo(s) NOME e/ou CPF do sócio / dirigente / representante, conforme a alteração contratual mais recente',false,true,false,1,NULL),
(225,1,52,'Quadro PARTICIPAÇÕES SOCIETÁRIAS preenchido?','Solicitar se a opção "Sim" foi marcada para a pergunta "Esta pessoa física possui participação e/ou atua como dirigente em empresas?"','Preencher o quadro PARTICIPAÇÕES SOCIETÁRIAS, pois consta marcada a opção "Sim" para a pergunta "Esta pessoa física possui participação e/ou atua como dirigente em empresas"',false,true,false,1,NULL),
(226,1,52,'Formulário datado?','','Enviar documento datado',false,true,false,1,NULL),
(227,1,52,'Formulário assinado?','','Colher assinatura do sócio / dirigente / representante legal',false,true,false,1,NULL),
(228,1,51,'Consta MO 33.045 - Dados Complementares Pessoa Jurídica?','','Enviar MO 33.045 - Dados Complementares Pessoa Jurídica.',false,true,false,1,NULL),
(229,1,51,'Documento legível?','','Enviar documento legível.',false,true,false,1,NULL),
(230,1,51,'Documento sem rasura?','','Enviar documento sem rasura.',false,true,false,1,NULL),
(231,1,51,'O(s) campo(s) RAZÃO SOCIAL e CNPJ estão preenchidos?','','Preencher corretamente o(s) campo(s) RAZÃO SOCIAL e CNPJ.',false,true,false,1,NULL),
(232,1,51,'Quadro PARTICIPAÇÕES SOCIETÁRIAS preenchido?','Solicitar se a opção "Sim" foi marcada para a pergunta "Esta empresa possui participação em outras empresas?"','Preencher o quadro PARTICIPAÇÕES SOCIETÁRIAS, pois consta marcada a opção "Sim" para a pergunta "Esta empresa possui participação em outras empresas?".',false,true,false,1,NULL),
(233,1,51,'Quadro RECEITA FISCAL - ÚLTIMO EXERCÍCIO ENCERRADO preenchido?','Solicitar se a opção "Sim" foi marcada para a pergunta "A empresa pretende antecipar a informação de receita fiscal do último exercício encerrado?','Preencher todos os campos do quadro RECEITA FISCAL - ÚLTIMO EXERCÍCIO ENCERRADO, pois consta marcada a opção “Sim” para a pergunta “A empresa pretende antecipar a informação de receita fiscal do último exercício encerrado?”.',false,true,false,1,NULL),
(235,1,51,'Formulário datado?','','Enviar documento datado.',false,true,false,1,NULL),
(236,1,51,'Campo NOME e CPF do Representante Legal preenchido?','','Preencher nome e CPF do representante legal da empresa.',false,true,false,1,NULL),
(237,1,51,'Formulário assinado pelo Representante legal da empresa?','','Colher assinatura do titular / Representante legal / Responsável legal da empresa.',false,true,false,1,NULL),
(238,1,61,'Consta documento de identificação?','','Enviar documento de identificação.',false,true,false,1,NULL),
(239,1,61,'Documento legível?','','Enviar documento legível.',false,true,false,1,NULL),
(240,1,61,'Documento com rasura?','','Enviar documento sem rasura',false,true,false,1,NULL),
(241,1,60,'Consta comprovante de endereço dos sócios / dirigentes / representantes legais?','','Enviar comprovante de endereço dos sócios / dirigentes / representantes legais.',false,true,false,1,NULL),
(242,1,60,'Documento legível?','','Enviar documento legível.',false,true,false,1,NULL),
(244,1,60,'Documento sem rasura?','','Enviar documento sem rasura',false,true,false,1,NULL),
(248,1,55,'Documento legível?','','Enviar documento legível',false,true,false,1,NULL),
(249,1,55,'Documento sem rasura?','','Enviar documento sem rasura',false,true,false,1,NULL),
(250,1,62,'Documento legível?','','Enviar documento legível.',false,true,false,1,NULL),
(251,1,62,'Documento sem rasura?','','Enviar documento sem rasura.',false,true,false,1,NULL),
(253,1,62,'Número da Identidade e CPF do procurador estão corretos?','','Enviar procuração com números corretos de identidade e CPF do procurador.',false,true,false,1,NULL),
(254,1,62,'Procuração por instrumento público?','','Enviar procuração por instrumento público.',false,true,false,1,NULL),
(255,1,62,'Procuração com poderes expressos e específicos para contrair empréstimo junto à CAIXA','','Enviar procuração com poderes expressos e específicos para contrair empréstimo junto à CAIXA.',false,true,false,1,NULL),
(256,1,62,'Procuração com data de validade vencida?','Apontar apenas se constar data de validade','Enviar procuração vigente.',false,true,false,1,NULL),
(257,1,62,'Procurador é pessoa física?','','Procurador não é pessoa física.',false,true,false,1,NULL),
(258,1,62,'Firma do tabelião reconhecida no município em que está sendo feita a concessão do crédito?','Apontar apenas para procuração outorgada em outro Município','Reconhecer firma do tabelião oficial no Município em que está sendo feita a concessão de crédito.',false,true,false,1,NULL),
(259,1,62,'Firma do cônsul reconhecida?','Apontar apenas para procuração outorgada no exterior','Reconhecer firma do Cônsul que assinou o instrumento.',false,true,false,1,NULL),
(264,1,63,'Documento legível?','','Enviar documento de identificação legível.',false,true,false,1,NULL),
(265,1,63,'Documento sem rasura?','','Enviar documento sem rasura.',false,true,false,1,NULL),
(267,1,64,'Documento legível?','','Enviar documento de identificação legível.',false,true,false,1,NULL),
(269,1,64,'Documento sem rasura?','','Enviar documento sem rasura.',false,true,false,1,NULL),
(271,1,65,'Faturamento corretamente incluído no cadastro.caixa?','','Corrigir faturamento no no cadastro.caixa.',false,true,false,1,NULL),
(274,1,66,'Deseja avançar?','','Não avançar',false,true,false,1,NULL),
(276,1,16,'Pelo menos 51% do quadro societário figura como avalista da operação?','','Realizar nova avaliação da operação no SIRIC, visto que devem comparecer como avalistas, no mínimo, 51% do quadro societário',false,true,false,1,NULL),
(279,1,16,'Avaliação migrou para o SICDC?','Somente para a operação 734.','Realizar nova avaliação da operação, caso a avaliação atual não tenha migrado para o SICDC até o prazo de 2 dias úteis.',false,true,false,1,NULL),
(280,1,67,'Consta Resolução emitida pela alçada competente?','Especificar no campo observações a alçada competente para a deliberação da operação.','Enviar Resolução emitida pela autoridade competente.',false,true,false,1,NULL),
(281,1,67,'Documento legível?','','Enviar documento legível.',false,true,false,1,NULL),
(282,1,67,'Documento sem rasura?','','Enviar documento sem rasura.',false,true,false,1,NULL),
(283,1,67,'Consta segmento ou faturamento da empresa tomadora?','','Enviar Resolução com a informação do segmento ou faturamento da empresa tomadora.',false,true,false,1,NULL),
(285,1,67,'Consta a expressão APROVAR OU AUTORIZAR?','','Enviar Resolução com a expressão APROVAR ou AUTORIZAR.',false,true,false,1,NULL),
(286,1,67,'NOME do tomador está correto?','O nome do tomador pode estar abreviado/reduzido na Avaliação da Operação','Enviar Resolução com o NOME do tomador constante na Avaliação da Operação.',false,true,false,1,NULL),
(287,1,67,'CNPJ está correto?','','Enviar Resolução para o CNPJ constante na Avaliação da Operação.',false,true,false,1,NULL),
(288,1,67,'Código e Nome da Operação estão corretos?','Havendo divergência no código e/ou nome da operação constante na Avaliação da Operação, decorrente da divergência da tabela SIRIC x SIICO, os dados do produto são verificados na ementa conforme a numeração e nomenclatura do SIRIC, com a manutenção do preenchimento do campo operação/produto no SIATD.','Enviar Resolução com o Código e Nome da OPERAÇÃO constantes na Avaliação da Operação.',false,true,false,1,NULL),
(289,1,67,'Valor da operação é igual ou superior ao informado na AVALOP?','','Enviar Resolução com VALOR DA OPERAÇÃO, no mínimo, igual ao constante na Avaliação da Operação.',false,true,false,1,NULL),
(292,1,67,'Nome e valor da Garantia estão corretos?','"1 - Verificar o valor somente se constar valor de garantia no AVALOP.
2 - A verificação do Nome da Garantia pode ser feita por similaridade, desde que seja possível identificar a garantia."','Enviar Resolução com nome e valor da GARANTIA correspondentes ao constante na AVALOP.',false,true,false,1,NULL),
(295,1,67,'Consta identificação e assinatura do Presidente do Comitê?','"1 - Pode ser aceita Resolução sem assinatura do presidente do comitê, desde que a minuta seja digitalizada com o encadeamento de mensagem proveniente da Caixa Postal da SEGER encaminhando a Resolução à Diretoria Regional. 
2 - Pode ser aceita Resolução assinada por meio de Certificado Digital ICP - Brasil, de acordo com previsão constante no AD 197. Neste caso não há necessidade de encaminhamento da Resolução por meio do fluxo SEGER - Diretoria Regional - CICOB."','Enviar Resolução com identificação e assinatura do Presidente do Comitê.',false,true,false,1,NULL),
(298,1,67,'Resolução foi emitida no SIATD?','"1 - Não apontar para as Resoluções dos Colegiados da Matriz. 
2 - A identificação da emissão feita pelo SIATD é feita por meio de informação do número do documento seguido da expressão ""Proposição SIATD"", constante no rodapé do documento. Em caso de contingência, no cabeçalho da Resolução deve constar o número do documento acompanhado da letra A, por exemplo: ""Resolução do Comitê de Avaliação de Negócios e Renegociação da SR Tocantins nº 28A""."','Enviar Resolução emitida no SIATD.',false,true,false,1,NULL),
(299,1,70,'Consta declaração emitida pelo proprietário de que a perda, por força da garantia prestada, não compromete o funcionamento da empresa?','Deve constar na declaração a informação de que a perda, por força da garantia prestada, não comprometerá o funcionamento e as atividades fins da empresa e que a mesma possui outros bens que podem desempenhar os compromissos, contratos e obras assumidos.','Enviar declaração emitida pelo proprietário informando que a perda, por força da garantia prestada, não compromete o funcionamento e as atividades fins e que possui outros bens que podem desempenhar os compromissos, contratos e obras assumidos.',false,true,false,1,NULL),
(300,1,70,'Documento legível?','','Enviar documento legível.',false,true,false,1,NULL),
(301,1,70,'Documento sem rasura?','','Enviar documento sem rasura.',false,true,false,1,NULL),
(302,1,70,'Documento datado?','','Enviar documento datado.',false,true,false,1,NULL),
(303,1,70,'Documento assinado pelo Representante Legal?','','Enviar documento assinado pelo representante legal da empresa',false,true,false,1,NULL),
(305,1,69,'Consta apólice de seguro ou proposta com comprovante de pagamento para o bem ofertado em garantia?','Caso a apólice do seguro seja apresentada a CICOB efetua a verificação. No entanto, a ausência do documento ou eventuais inconformidades, nesta etapa, não figura impedimento para prosseguimento do processo.','Enviar apólice de seguro ou proposta com comprovante de pagamento, para o bem ofertado em garantia.',false,true,false,1,NULL),
(306,1,69,'Documento legível?','','Enviar documento legível.',false,true,false,1,NULL),
(307,1,69,'Documento sem rasura?','','Enviar documento sem rasura.',false,true,false,1,NULL),
(308,1,69,'Valor da cobertura igual ou superior ao valor do bem ofertado em garantia?','','Enviar apólice com cobertura no mínimo igual ao valor de avaliação do bem ofertado em garantia.',false,true,false,1,NULL),
(314,1,68,'Consta Nota Fiscal do bem ofertado em garantia ou Recibo de Pessoa Jurídica ?','"1 - Na ausência de Nota Fiscal pode ser apresentado Recibo de Pessoa Jurídica. 
2 - O Recibo deve estar assinado pelo RLA e autenticado em cartório e conter a descrição do bem, identificando marca, modelo e outros elementos que permitam individualizar a garantia.
3 - Para MPE: No caso de máquinas/equipamentos que ultrapassarem 120 dias da data de emissão da NF ou não possuírem NF, será apresentado recibo de pessoa jurídica assinado pelo RLA e autenticado em cartório ou CRV se houver, bem como o laudo técnico de avaliação do bem.
4 - Para MGE: A nota fiscal pode ser substituída por recibo, em caso de aquisição de máquinas ou equipamentos adquiridos de pessoa física, autenticado pelo Cartório ou por empregado CAIXA. 
5 - A Nota Fiscal ou Recibo deve conter a descrição do bem, identificando marca, modelo e outros elementos que permitam individualizar a garantia"','Enviar Nota Fiscal ou Recibo de Pessoa Jurídica assinado pelo RLA e autenticado em cartório, com a descrição do bem, identificando marca, modelo e outros elementos que permitam individualizar a garantia',false,true,false,1,NULL),
(316,1,68,'Documento legível?','','Enviar documento legível.',false,true,false,1,NULL),
(317,1,68,'Documento sem rasura?','','Enviar documento sem rasura.',false,true,false,1,NULL),
(319,1,68,'O recibo está assinado pelo RLA da empresa emitente e autenticado em cartório?','Apontar caso seja apresentado Recibo.','Enviar recibo de pessoa jurídica assinado pelo RLA e autenticado em cartório, com a descrição do bem, identificando marca, modelo e outros elementos que permitam individualizar a garantia, na inexistência de Nota Fiscal.',false,true,false,1,NULL),
(325,1,68,'O bem ofertado consta no rol de máquinas e equipamentos aceitos, conforme CO230?','Bens aceitos como garantia:  Betoneira;  Carregadeira  Empilhadeira elétrica;  Empilhadeira hidráulica;  Escavadeira;  Guindaste hidráulico; Guindaste veicular;  Minicarregadeira;  Motoniveladora;  Pá carregadeira;  Retroescavadeira;  Rolo compactador;  Trator e frizadeira de asfalto;  Trator de esteira;  Lança articulada/telescópica;  Máquina extrusora','Substituir garantia visto que bem ofertado não consta no rol de máquinas e equipamentos aceitos, conforme CO230.',false,true,false,1,NULL),
(326,1,71,'Consta extrato da credenciadora ou da conta corrente com informação do fluxo de recebíveis da bandeira ofertada em garantia?','Enviar extrato dos últimos 4 meses. Na ausência de fluxo de recebíveis em 1 ou mais meses a ser analisado, enviar extrato dos últimos 6 meses.','Enviar extrato dos últimos 4 meses, da credenciadora ou da conta corrente,com informação do fluxo de recebíveis da bandeira ofertada em garantia. Na ausência de fluxo de recebíveis em 1 ou mais meses a ser analisado, enviar extrato dos últimos 6 meses.',false,true,false,1,NULL),
(327,1,71,'Consta no extrato o Nome e CNPJ da empresa tomadora?','','Enviar extrato da credenciadora e/ou conta corrente com informações de Nome e CNPJ da empresa tomadora do crédito. ',false,true,false,1,NULL),
(328,1,71,'Documento legível?','','Enviar documento legível.',false,true,false,1,NULL),
(329,1,71,'Documento sem rasura?','','Enviar documento sem rasura.',false,true,false,1,NULL),
(330,1,71,'O valor de garantia informado na AVALOP é compatível com o fluxo de recebíveis apurado nos extratos da credenciadora e/ou da conta corrente?','1- Não apontar se a média apurada for superior ao valor da garantia na Avalop. 2- Incluir no campo "observações" a média apurada, se for necessário marcar o apontamento. 3 - Considerar 4 meses para fluxo constante e 6 meses caso haja ausência de fluxo em 1 ou mais meses','Realizar nova Avaliação da Operação informando o valor de garantia compatível com o fluxo de recebíveis apurado nos extratos da credenciadora e/ou da conta corrente',false,true,false,1,NULL),
(333,1,69,'Apólice ou endosso com cláusula beneficiária em favor da Caixa?','','Enviar apólice ou endosso com cláusula beneficiária em favor da Caixa.',false,true,false,1,NULL),
(336,1,83,'O valor de garantia é igual ou superior a 1 prestação da operação?','Apontar apenas para as modalidades 002 e 032','Realizar nova Avaliação da Operação informando o valor de garantia igual ou superior a 1 prestação da operação.',false,true,false,1,NULL),
(339,1,83,'Consta informação do nicho específico do cliente e código do convênio/contrato?','Apontar apenas se op mod 19 ou 29 e não constar informação na aba formulário do SIMTR.','Informar na aba "Formulário" do SIMTR o nicho específico do cliente e código do convênio/contrato.',false,true,false,1,NULL),
(340,1,83,'Consta código do convênio ativo?','Apontar apenas para mod 19 e 29 pertencentes ao nicho Empresas Lotéricas e Correspondentes Caixa','Informar na aba  “Formulário” código do convênio ativo, visto que o cliente pertence ao nicho Empresas Lotéricas e Correspondentes Caixa',false,true,false,1,NULL),
(342,1,83,'Cliente possui contrato de fornecedor ativo?','"1 - Apontar apenas para mod 19 e 29 pertencentes ao nicho Fornecedor Caixa. 
2 - Verifica por meio do endereço http://contratos.caixa/fornecedores/ se o cliente possui contrato de fornecedor ativo."','Rever a modalidade visto que o cliente não possui contrato de fornecedor ativo',false,true,false,1,NULL),
(345,1,84,'Consta tela do SIFAP?','"1 - Para cliente do nicho Farmácia Popular.
2 - A tela do SIPAF deve conter o campo “Dados Bancários indicado para recebimento de depósitos” com os dados da conta de relacionamento devidamente atualizados, no formato BANCO.AGÊNCIA.OPERAÇÃO.CONTA (104.XXXX.XXX.XXXXXXXX-X)."""','Envia tela do SIFAP contendo o campo “Dados Bancários indicado para recebimento de depósitos” com os dados da conta de relacionamento devidamente atualizados, no formato BANCO.AGÊNCIA.OPERAÇÃO.CONTA (104.XXXX.XXX.XXXXXXXX-X), visto que o cliente pertence ao nicho Farmácia Popular',false,true,false,1,NULL),
(346,1,85,'A taxa de juros constante na resolução é compatível com o segmento da empresa e modalidade da operação?','Verificar no BDCaixa se a taxa está na faixa permitida para o seguimento e modalidade','Rever enquadramento de taxa de juros, visto que a taxa constante na resolução é incompatível com o segmento da empresa e modalidade da operação',false,true,false,1,NULL),
(347,1,86,'Consta informação do número do contrato SIAPI para formalização da operação? ','Contrato deve estar no formato "SUREG.AGÊNCIA.OPERAÇÃO.NÚMERO-DV"','Informar na opção “Comentários” disponível no SICTD o número do contrato SIAPI para formalização da operação, no formato "SUREG.AGÊNCIA.OPERAÇÃO.NÚMERO-DV".',false,true,false,1,NULL),
(349,1,86,'Consta informação da modalidade da operação a ser contratada?','','Informar na opção “Comentários” disponível no SICTD a modalidade da operação a ser contratada',false,true,false,1,NULL),
(350,1,86,'Foi possível incluir o pré-contrato, em virtude de ausência do erro 236- CLIENTE POSSUI CONTRATO EM RENEGOCIAÇÃO".?','','Solicitar ao Comitê da Alçada competente cadastramento de excepcionação no SIAPI, após confirmação das exigências previstas no CO230 e manual do produto. A inclusão do pré contrato não foi possível em virtude de mensagem de erro "236- CLIENTE POSSUI CONTRATO EM RENEGOCIAÇÃO".',false,true,false,1,NULL),
(351,1,86,'Foi possível incluir o pré-contrato, em virtude do erro 334-VALOR CONTR.(PJ)/PREST.(PF) > CAPACID.PGTO.AUTORIZADO”?','','Solicitar ao Comitê da Alçada competente cadastramento de excepcionação no SIAPI, após confirmação das exigências previstas no CO230 e manual do produto. A inclusão do pré contrato não foi possível em virtude de mensagem de erro "334-VALOR CONTR.(PJ)/PREST.(PF) > CAPACID.PGTO.AUTORIZADO”',false,true,false,1,NULL),
(356,1,49,'Consta Certidão Negativa de Ônus do Imóvel?','A informação de ônus do imóvel pode estar inserida na Certidão de Matrícula. Neste caso não há necessidade de apresentar certidão negativa de ônus individualizada. ','Enviar a Certidão Negativa de Ônus do imóvel.',false,true,false,1,NULL),
(357,1,49,'Certidão de ônus com data de emissão inferior a 30 dias?','1 - Considerar a data da verificação.','Enviar certidão livre de ônus com data de emissão inferior a 30 dias.',false,true,false,1,NULL),
(358,1,49,'Documento legível?','','Enviar documento legível.',false,true,false,1,NULL),
(360,1,49,'Documento sem rasura?','','Enviar documento sem rasura.',false,true,false,1,NULL),
(362,1,49,'Imóvel livre de ônus?','"1 - Não apontar quando a operação anterior estiver em situação de liquidada ou quando tratar-se de concessão/renovação de operação com liquidação concomitante do contrato anterior ao qual o bem já esteja alienado em favor da CAIXA.
2 - No caso de renovação da operação à qual o bem já esteja vinculado (em continuidade ou superposição ao contrato), fica dispensada a desalienação e, portanto, a apresentação da certidão livre de ônus. 
2.1 - Para isso, é obrigatório constar na Matrícula do imóvel o número de contrato renovado e a alienação em favor da própria Caixa. 
2.2 - No caso da operação 197, o número do contrato é composto por AGÊNCIA.003.NÚMEROCONTA-DV:
a) O campo AGÊNCIA é composto por quatro dígitos; 
b) É facultado o preenchimento de zeros à esquerda no campo NÚMEROCONTA, até o limite total de oito dígitos; 
c) O campo DV é composto por um dígito."','Solicitar ao cliente a baixa do ônus gravado na matrícula ou substituição da garantia ofertada',false,true,false,1,NULL),
(363,1,49,'Consta na Avaliação da Operação o número do contrato ao qual o bem está alienado na relação dos contratos a serem liquidados/renovados? ','Em caso de análise pela CERIS, a liquidação concomitante constará no PA CERIS e não no relatório da AVALOP no SIRIC','Realizar nova Avaliação da Operação incluindo o número do contrato ao qual o bem está alienado na relação dos contratos a serem liquidados/renovados.',false,true,false,1,NULL),
(366,1,79,'Consta Certidão Negativa de Protestos (emitida pelo Cartório de Protestos) em nome dos proprietários do imóvel?','A Certidão Negativa de Protestos em nome dos propritários do imóvel deve ser emitida pelo Cartório de Protestos.','Enviar Certidão Negativa de Protestos (emitida pelo Cartório de Protestos) em nome dos proprietários do imóvel',false,true,false,1,NULL),
(367,1,79,'Certidão está válida?','Para os documentos que não apresentem vigência, a validade é de 30 dias a partir da sua emissão, considerando como referência a data da verificação.','Enviar Certidão Negativa de Protestos (emitida pelo Cartório de Protestos)  com data de emissão inferior a 30 dias. ',false,true,false,1,NULL),
(370,1,78,'Consta Certidões Negativas de Ações Cíveis e de Execuções (emitidas pela Justiça Estadual/Comum e pela Justiça Federal) em nome dos proprietários do imóvel?','As Certidões Negativas de Ações Cíveis e de Execuções em nome dos proprietários do imóvel devem ser emitidas pela Justiça Estadual/Comum e pela Justiça Federal.','Enviar  Certidões Negativas de Ações Cíveis e de Execuções (emitidas pela Justiça Estadual/Comum e pela Justiça Federal) em nome dos proprietários do imóvel.',false,true,false,1,NULL),
(371,1,78,'Certidão está válida?','Para os documentos que não apresentem o vigência, a validade é de 30 dias a partir da sua emissão Mediante a apresentação de certidão de matrícula do imóvel atualizada contendo o registro de operação 734 nos mesmos parâmetros da AVALOP pendente de desbloqueio, as certidões podem ser aceitas se estiverem válidas na data do registro. Verificar apenas os parâmetros que estiverem reproduzidos na matrícula."','Enviar Certidão Negativa e Ações Cíveis e de Execuções (emitidas pela Justiça Estadual/Comum e pela Justiça Federal)  com data de emissão inferior a 30 dias.',false,true,false,1,NULL),
(372,1,77,'Consta Parecer do Jurídico favorável à contratação?','Especificar no campo "observações" a Certidão que possui restrições.','Enviar parecer do jurídico favorável à contratação, pois constam apontamentos na(s) Certidão(ões) encaminhada(s)',false,true,false,1,NULL),
(373,1,76,'Consta Laudo de Avaliação do Imóvel?','O Laudo de Avaliação do Imóvel pode ser substituído por Relatório de Vistoria e o Relatório de Valoração, este último executado pela GIHAB.','Enviar Laudo de Avaliação do imóvel.',false,true,false,1,NULL),
(374,1,76,'Documento legível?','','Enviar documento legível.',false,true,false,1,NULL),
(375,1,76,'Documento sem rasura?','','Enviar documento sem rasura.',false,true,false,1,NULL),
(376,1,76,'É possível correlacionar os dados do imóvel informado no Laudo com os dados constantes na Certidão de Matricula/Ônus?','','Enviar Laudo de Avaliação que permita correlacionar os dados do imóvel informado no Laudo com os dados constantes na Certidão de Matrícula/Ônus. ',false,true,false,1,NULL),
(377,1,76,'Consta no documento o valor de avaliação do imóvel?','','Enviar Laudo de Avaliação que conste valor de avaliação do imóvel.',false,true,false,1,NULL),
(378,1,76,'É possível identificar o valor de avaliação da construção averbada?','Quando constar parte não averbada na matrícula.','Enviar Laudo de Avaliação que permita identificar o valor de avaliação da construção averbada na matrícula, visto que consta parte não averbada.',false,true,false,1,NULL),
(379,1,76,'O valor de garantia informado na AVALOP é compatível com o valor de avaliação do imóvel constante no laudo de avaliação?','"1 - Considerar apenas os valores de terreno e de área edificada efetivamente averbada na matrícula.
2-  Não apontar no casos de avaliação realizada pela CERIS, cuja liquidação está prevista no PA CERIS"','Realizar nova Avaliação da Operação informando valor de garantia compatível com o valor de avaliação do imóvel constante no laudo de avaliação, considerando apenas os valores de terreno e de área edificada efetivamente averbada na matrícula.',false,true,false,1,NULL),
(381,1,76,'Imóvel aceito como garantia?','','Solicitar ao cliente substituição da garantia ofertada, visto que, conforme Laudo de Avaliação, imóvel não aceito como garantia.',false,true,false,1,NULL),
(382,1,76,'Imóvel com área construída totalmente não averbada e a diferença entre o valor total do imóvel e o valor do terreno é maior que 50% do valor do terreno?','1 - O resultado da subtração do valor total do imóvel (terreno+construção) - valor do terreno não pode ser maior do que 50% do valor do terreno. 2 - Apontar apenas quando o laudo de avaliação apresentar emissão a partir de 22/06/2018, conforme CE GEPME039/2019.','Solicitar ao cliente substituição da garantia ofertada, visto que, conforme Laudo de Avaliação, imóvel com área construída totalmente não averbada e a diferença entre o valor total do imóvel e o valor do terreno é maior que 50% do valor do terreno',false,true,false,1,NULL),
(385,1,76,'Laudo está dentro do prazo de validade para nova concessão?','Apontar apenas em caso de nova concessão. Verificar na AVALOP ou PA CERIS, se for o caso. Para nova concessão o prazo de validade do Laudo é de 180 dias.','Enviar Laudo de Avaliação com até 180 dias de emissão.',false,true,false,1,NULL),
(386,1,76,'Laudo está dentro do prazo de validade para renovação/repactuação de operação?','Apontar apenas em casorenovação/repactuação. Verificar na AVALOP ou PA CERIS, se for o caso. Para renovação/repactuação o prazo de validade do Laudo é de 36 meses.','Enviar Laudo de Avaliação com até 36 meses de emissão.',false,true,false,1,NULL),
(387,1,76,'Consta assinatura do engenheiro/arquiteto responsável pela emissão do Laudo?','','Solicitar assinatura do engenheiro/arquiteto responsável pela emissão do Laudo de Avaliação.',false,true,false,1,NULL),
(390,1,75,'Consta apólice de seguro ou proposta com respectivo comprovante de pagamento para o bem ofertado em garantia?','','Enviar apólice de seguro ou proposta com respectivo comprovante de pagamento, para o bem ofertado em garantia.',false,true,false,1,NULL),
(391,1,75,'Documento legível?','','Enviar documento legível.',false,true,false,1,NULL),
(392,1,75,'Documento sem rasura?','','Enviar documento sem rasura.',false,true,false,1,NULL),
(393,1,75,'Valor da Cobertura é igual ou superior ao valor do bem ofertado em garantia?','','Enviar apólice com cobertura no mínimo igual ao valor de avaliação do bem ofertado em garantia.',false,true,false,1,NULL),
(394,1,75,'Apólice ou endosso com cláusula beneficiária em favor da Caixa?','','Enviar apólice ou endosso com cláusula beneficiária em favor da Caixa.',false,true,false,1,NULL),
(397,1,74,'Consta CRLV/CRV do veículo ofertado em garantia?','A Nota fiscal pode ser aceita em substituição ao CRLV para veículo 0km, ainda sem emissão de CRLV.','Enviar CRLV/CRV do veículo ofertado em garantia',false,true,false,1,NULL),
(398,1,74,'Documento legível?','','Enviar documento legível.',false,true,false,1,NULL),
(399,1,74,'Documento sem rasura?','','Enviar documento sem rasura.',false,true,false,1,NULL),
(400,1,74,'Veículo livre de ônus?','A baixa do gravame pode ser consultada no SICGR, tela consulta CETIP.','Solicitar ao cliente baixa do gravame em favor de instituição financeira distinta da CAIXA ou substituição da garantia ofertada.',false,true,false,1,NULL),
(401,1,74,'Consta na Avaliação da Operação o número do contrato ao qual o bem está alienado na relação dos contratos a serem liquidados/renovados? ','','Realizar nova Avaliação da Operação incluindo o número do contrato ao qual o bem está alienado na relação dos contratos a serem liquidados/renovados',false,true,false,1,NULL),
(402,1,74,'Veículo com prazo de fabricação inferior a 10 anos?','O veículo ofertado em garantia de alienação fiduciária, seja na concessão, renovação ou repactuação, até o término da operação de crédito, não poderá ter tempo de fabricação superior a dez anos, sendo considerado o último dia do ano como a data final para completar os dez anos.','Solicitar ao cliente a troca do veículo ofertado em garantia ou ajustar o prazo de contratação da operação visto que este completa 10 anos de fabricação em anos anteriores ao término da operação de crédito.',false,true,false,1,NULL),
(403,1,74,'O proprietário do veículo figura como avalista na AVALOP?','"1 - Quando se tratar de veículos de terceiros.
2 - O veículo que possui CRLV em nome de terceiro pode ser considerado de propriedade do tomador, desde que exista DUT preenchido e assinado, demonstrando que a transferência da propriedade do bem para o tomador está em curso."','Realizar nova Avaliação da Operação informando o proprietário do veículo como avalista da operação, visto que o veículo ofertado em garantia não é o tomador do crédito',false,true,false,1,NULL),
(404,1,73,'Consta Tabela FIPE ?','','Enviar Tabela FIPE do bem.',false,true,false,1,NULL),
(405,1,73,'Consulta à Tabela FIPE realizada em mês igual ou anterior ao da AVALOP?','','Enviar consulta à Tabela FIPE do mês igual ou anterior em que a AVALOP foi realizada.',false,true,false,1,NULL),
(408,1,73,'Documento legível?','','Enviar documento legível.',false,true,false,1,NULL),
(409,1,73,'Documento sem rasura?','','Enviar documento sem rasura.',false,true,false,1,NULL),
(410,1,73,'O valor de garantia informado na AVALOP é compatível com a consulta de preço do veículo na Tabela FIPE?','','Realizar nova Avaliação da Operação informando o valor de garantia compatível com a consulta de preço do veículo na Tabela FIPE.',false,true,false,1,NULL),
(411,1,72,'Consta apólice de seguro ou proposta com respectivo comprovante de pagamento para o bem ofertado em garantia?','1 - Caso a apólice do seguro seja apresentada a CICOB efetua a verificação. No entanto, a ausência do documento ou eventuais inconformidades, nesta etapa, não figura impedimento para prosseguimento do processo.','Enviar apólice de seguro ou proposta com respectivo comprovante de pagamento, para o bem ofertado em garantia.',false,true,false,1,NULL),
(412,1,72,'Seguro vigente?','','Enviar documento vigente.',false,true,false,1,NULL),
(413,1,72,'Documento legível?','','Enviar documento legível.',false,true,false,1,NULL),
(414,1,72,'Documento sem rasura?','','Enviar documento sem rasura.',false,true,false,1,NULL),
(415,1,72,'Valor da cobertura igual ou superior ao valor do bem ofertado em garantia?','1- Não apontar caso a cobertura seja 100% do valor referenciado de mercado ( Tabela FIPE, Molicar). 2- Para ônibus, a apólice deve ser exclusivamente por valor determinado. ','Enviar apólice com cobertura no mínimo igual ao valor de avaliação do bem ofertado em garantia.',false,true,false,1,NULL),
(416,1,72,'Apólice ou endosso com cláusula beneficiária em favor da Caixa?','Não apontar caso exista cláusula geral que preveja o pagamento à instituição credora em caso de sinistro.','Enviar apólice com cláusula beneficiária em favor da CAIXA, podendo ser dispensada mediante apresentação de apólice com cláusula geral que preveja o pagamento ao credor da operação em caso de sinistro.',false,true,false,1,NULL),
(418,1,82,'Consta informação do número da conta corrente NLM – Não Livre Movimentação, para operação com valor superior à R$ 20.000,00?','','Informar na aba "Frmulário" no SIMTR o número da conta corrente NLM – Não Livre Movimentação, para operação com valor superior à R$ 20.000,00. ',false,true,false,1,NULL),
(419,1,82,'A carteira de recebíveis  está constituída em valor maior ou igual ao valor/percentual autorizado pela alçada competente?','A carteira pode ser constituída até o momento da habilitação do limite.','Solicitar ao cliente a constituição da carteira de recebíveis em valor maior ou igual ao valor/percentual autorizado pela alçada competente',false,true,false,1,NULL),
(420,1,81,'Consta informação do número da conta corrente NLM – Não Livre Movimentação, para operação com valor superior à R$ 20.000,00? ','','Informar na aba "Formulário" do SIMTR o número da conta corrente NLM – Não Livre Movimentação, para operação com valor superior a R$ 20.000,00. ',false,true,false,1,NULL),
(421,1,81,'Consta  o número/código do cedente ATIVO que será utilizado para inclusão da garantia ofertada?',' ','Informar na aba "Formulário" do SIMTR o número/código do cedente ATIVO que será utilizado para inclusão da garantia ofertada',false,true,false,1,NULL),
(422,1,81,'Consta instrução de protesto no SIGCB?','"1 - Apontar caso no SIGCB não conste instrução de protesto para o código do cedente indicado para garantia
2 - O prazo definido para o protesto dos títulos vencidos e não pagos é de até cinco dias úteis após o seu vencimento"','Incluir instrução de protesto no SIGCB, informando prazo definido para o protesto dos títulos vencidos e não pagos é de até cinco dias úteis após o seu vencimento',false,true,false,1,NULL),
(423,1,81,'A carteira de recebíveis está constituída em valor maior ou igual ao valor/percentual autorizado pela alçada competente?','"1 - A carteira pode ser constituída até o momento da habilitação do limite.
2 - A consulta da constituição da carteira é feita por meio do endereço cobranca.caixa"','Solicitar ao cliente a constituição da carteira de recebíveis em valor maior ou igual ao valor/percentual autorizado pela alçada competente',false,true,false,1,NULL),
(428,1,80,'Consta informação do número da conta corrente de crédito dos recebíveis?','','Informar na aba "Formulário" o número da conta corrente de crédito dos recebíveis.',false,true,false,1,NULL),
(429,1,80,'Consta informação da bandeira do cartão ofertada em garantia?','','Informar na aba  “Formulário” disponível a bandeira do cartão ofertada em garantia.',false,true,false,1,NULL),
(430,1,80,'Domicílio bancário da(s) bandeira(s) ofertadas em garantia é a CAIXA?','Consultar no 5.22 - 5 - SCG','Transferir para Caixa o domicílio bancário da(s) bandeira(s) ofertadas em garantia"',false,true,false,1,NULL),
(432,1,87,'Consta dados da aplicação financeira?','Devem ser informados número da conta, tipo de aplicação/número da nota','Informar na aba "Formulário"  o número da conta, tipo de aplicação/número da nota.',false,true,false,1,NULL),
(433,1,87,'Aplicação financeira é Renda Fixal?','Apontar se aplicação for fundo de investimento em renda variável ou cambial','Informar na aba “Formulário”  uma aplicação financeira diferente de fundo de investimento em renda variável ou cambial.',false,true,false,1,NULL),
(434,1,87,'O valor da garantia constituída por depósito em caderneta de poupança está acrescido do valor equivalente à 40 salários mínimos?','O salário mínimo vigente a partir de 01/01/2019 é de R$ 998, conforme DECRETO Nº 9661 DE 01/01/2019.','Atentar que o valor da garantia de aplicação financeira constituída por depósito em caderneta de poupança será formalizada no Termo de Constituição da Garantia - TCG com acréscimo do valor equivalente à 40 salários mínimos.',false,true,false,1,NULL),
(441,1,88,'Consta CCB disponibilizada pela CICOB?','Deve ser apresentado o MO33031 ou minuta gerada no SIAPI, conforme disponibilizado pela CICOB. ','enviar documento disponibilizado pela CICOB no SICTD.',false,true,false,1,NULL),
(442,1,88,'A via encaminhada é da Agência?','','Enviar via da Agência/PA do documento disponibilizado pela CICOB no SICTD',false,true,false,1,NULL),
(443,1,88,'Documento completo?','','Enviar documento completo',false,true,false,1,NULL),
(444,1,88,'Documento legível?','','Enviar documento legível',false,true,false,1,NULL),
(445,1,88,'Documento sem rasura?','','Enviar documento sem rasura',false,true,false,1,NULL),
(446,1,88,'Documento registrado em cartório?','1 – O registro em cartório é necessário para as garantias alienação fiduciária de imóveis (cartório de registro de imóveis), aplicação financeira (cartório de títulos de documentos), alienação fiduciária de máquinas e equipamentos (cartório de títulos de documentos) e cessão fiduciária de direitos creditórios representados por recebíveis (cartório de títulos de documentos).2- para a garantia imóvel, caso conste na matrícula a alienação fiduciária em favor da Caixa com o registro dos dados do contrato atual, a ausência de chancela do cartório no documento não é impedimento.','Enviar documento registrado em cartório competente',false,true,false,1,NULL),
(447,1,88,'Consta assinatura do(s) representante(s) legal(is)?','O documento deve estar assinado em campo específico e rubricado nas demais páginas pelo(s) representante(s) legal(is) da empresa','Enviar documento assinado em campo específico e rubricado nas demais páginas pelo(s) representante(s) legal(is)',false,true,false,1,NULL),
(448,1,88,'Consta assinatura do(s) avalista(s) / fiduciante(s)?','O documento deve estar assinado em campo específico e rubricado nas demais páginas pelo(s) avalista(s) / fiduciante (s) da operação','Enviar documento assinado em campo específico e rubricado nas demais páginas pelo(s) avalista(s) / fiduciante(s)',false,true,false,1,NULL),
(450,1,88,'Consta assinatura do(s) cônjuge(s) do(s) avalista(s)/fiduciante(s)','1 - Apontar para avalistas qualificados como casado ou em união estável, exceto se casado com separação total de bens. 2 - deve constar assinatura em campo específico e rubica nas demais páginasdo documento.','Enviar documento assinado em campo específico e rubricado nas demais páginas pelo(s) cônjuge(s) do(s) avalista(s)/fiduciante(s)',false,true,false,1,NULL),
(451,1,88,'Consta assinatura das testemunhas?','Apontar apenas se CCB apresentar campo para assinatura das testemunhas','Apontar apenas se CCB apresentar campo para assinatura das testemunhas',false,true,false,1,NULL),
(452,1,88,'Documento datado?','','Enviar documento datado.',false,true,false,1,NULL),
(453,1,88,'Consta assinatura sob carimbo do gerente concessor em página específica?','Deve ser apresentada página de "Identificação do Gerente Concessor/Conferência de Assinaturas " preenchida e assinada sob carimbo.','Enviar página de "Identificação do Gerente Concessor/Conferência de Assinaturas " preenchida e assinada sob carimbo',false,true,false,1,NULL),
(454,1,89,'Consta Termo de Constituição de Garantia?','1-Deve ser apresentado o MO33425 para a garantia alienação fiduciária de imóveis e o MO33426 para as demais garantias.','Enviar documento disponibilizado pela CICOB no SICTD',false,true,false,1,NULL),
(455,1,89,'A via encaminhada é da Agência?','','Enviar via da Agência/PA do documento disponibilizado pela CICOB no SICTD. ',false,true,false,1,NULL),
(457,1,89,'Documento completo?','','Enviar documento completo',false,true,false,1,NULL),
(458,1,89,'Documento legível?','','Enviar documento legível',false,true,false,1,NULL),
(459,1,89,'Documento sem rasura?','','Enviar documento sem rasura',false,true,false,1,NULL),
(460,1,89,'Documento registrado em cartório?','1 – o registro em cartório é necessário para as garantias alienação fiduciária de imóveis (cartório de registro de imóveis), aplicação financeira (cartório de títulos de documentos), alienação fiduciária de máquinas e equipamentos (cartório de títulos de documentos) e cessão fiduciária de direitos creditórios representados por recebíveis (cartório de títulos de documentos) 2- para a garantia imóvel, caso conste na matrícula a alienação fiduciária em favor da Caixa com o registro dos dados do contrato atual, a ausência de chancela do cartório no documento não é impedimento','Enviar documento registrado em cartório competente',false,true,false,1,NULL),
(461,1,89,'Consta assinatura do(s) representante(s) legal(is)?','O documento deve estar assinado em campo específico e rubricado nas demais páginas pelo(s) representante(s) legal(is) da empresa','Enviar documento assinado em campo específico e rubricado nas demais páginas pelo(s) representante(s) legal(is)',false,true,false,1,NULL),
(462,1,89,'Consta assinatura do(s) avalista(s)/cedentes(s)/fiduciante(s)','O documento deve estar assinado em campo específico e rubricado pelo(s) avalista(s)/cedentes(s)/fiduciante(s)','Enviar documento assinado em campo específico e rubricado nas demais páginas pelo(s) avalista(s)/cedentes(s)/fiduciante(s)',false,true,false,1,NULL),
(463,1,89,'Consta assinatura do(s) cônjuge(s) do(s) avalista(s)/cedentes(s)/fiduciante(s)?','1 - apontar para avalista(s)/cedentes(s)/fiduciante(s) qualificados como casado ou em união estável, exceto se casado com separação total de bens. 2 -  o documento deve estar assinado em campo específico e rubricado pelo(s) cônjuge do(s) avalista(s)/cedentes(s)/fiduciante(s)','Enviar documento assinado em campo específico e rubricado nas demais páginas pelo(s) cônjuge(s) do(s) avalista(s)/cedentes(s)/fiduciante(s)',false,true,false,1,NULL),
(464,1,89,'Consta assinatura das testemunhas?','','Enviar documento assinado pelas testemunhas',false,true,false,1,NULL),
(465,1,89,'Documento datado?','','Enviar documento datado',false,true,false,1,NULL),
(466,1,89,'Consta assinatura sob carimbo do gerente concessor em página específica?','Deve ser apresentada página de "Identificação do Gerente Concessor/Conferência de Assinaturas " preenchida e assinada sob carimbo.','Enviar página de "Identificação do Gerente Concessor/Conferência de Assinaturas " preenchida e assinada sob carimbo',false,true,false,1,NULL),
(467,1,92,'Consta MO33638 - Termo de Obrigações Especiais?','','Enviar documento disponibilizado pela CICOB no SICTD',false,true,false,1,NULL),
(468,1,92,'Documento legível?','','Enviar documento legível',false,true,false,1,NULL),
(469,1,92,'Documento sem rasura?','','Enviar documento sem rasura',false,true,false,1,NULL),
(470,1,92,'Consta assinatura do(s) representante(s) legal(is)?','O documento deve estar assinado em campo específico e rubricado nas demais páginas pelo(s) representante(s) legal(is) da empresa','Enviar documento assinado em campo específico e rubricado nas demais páginas pelo(s) representante(s) legal(is)',false,true,false,1,NULL),
(472,1,92,'Consta assinatura do(s) avalista(s)?','O documento deve estar assinado em campo específico e rubricado nas demais páginas pelo(s) avalista(s)','Enviar documento assinado em campo específico e rubricado nas demais páginas pelo(s) avalista(s)',false,true,false,1,NULL),
(473,1,92,'Consta assinatura do(s) cônjuge(s) do(s) avalista(s)','O documento deve estar assinado em campo específico e rubricado nas demais páginas pelo(s) cônjuge(s) do(s) avalista(s)','Enviar documento assinado em campo específico pelo(s) cônjuge(s) do(s) avalista(s) e rubricado nas demais páginas',false,true,false,1,NULL),
(475,1,92,'Documento assinado pelo gerente concessor?','','Enviar documento assinado sob carimbo pelo Gerente Concessor',false,true,false,1,NULL),
(476,1,93,'Consta documento?','','Enviar documento disponibilizado pela CICOB no SICTD',false,true,false,1,NULL),
(477,1,93,'Documento legível?','','Enviar documento legível',false,true,false,1,NULL),
(478,1,93,'Documento sem rasura?','','Enviar documento sem rasura',false,true,false,1,NULL),
(480,1,93,'Documento assinado?','','Enviar documento assinado',false,true,false,1,NULL),
(481,1,94,'Consta parecer do jurídico, em caso de ressalva contratual?','','Apontar quando constra ressalva no instrumento contratual',false,true,false,1,NULL),
(484,1,94,'Documento legível?','','Enviar documento legível',false,true,false,1,NULL),
(485,1,94,'Documento sem rasura?','','Enviar documento sem rasura',false,true,false,1,NULL),
(486,1,95,'Consta certidão de matrícula válida?','A certidão de matrícula do imóvel deve ter data de emissão inferior a 30 dias','Enviar certidão de matrícula do imóvel com data de emissão inferior a 30 dias',false,true,false,1,NULL),
(487,1,95,'Consta alienação fiduciária em favor da caixa para o contrato atual?','1- para a garantia imóvel, caso conste na matrícula a alienação fiduciária em favor da Caixa com o registro dos dados do contrato atual, a ausência de chancela do cartório na CCB/TCG não é impedimento.','Enviar certidão de matrícula do imóvel com alienação fiduciária em favor da Caixa referente ao contrato atual',false,true,false,1,NULL),
(490,1,95,'Documento legível?','','Enviar documento legível.',false,true,false,1,NULL),
(493,1,95,'Documento sem rasura?','','Enviar documento sem rasura',false,true,false,1,NULL),
(494,1,96,'Consta CRLV/CRV do veículo ofertado em garantia com alienação fiduciária em favor da CAIXA?','1 - O veículo que possui CRLV em nome de terceiro pode ser considerado de propriedade do tomador, desde que exista DUT preenchido e assinado, demonstrando que a transferência da propriedade do bem para o tomador está em curso.','Enviar CRLV com alienação fiduciária em favor da Caixa para efetivação/habilitação do contrato, visto que veículo ofertado em garantia é de propriedade de terceiros. Gravame efetuado',false,true,false,1,NULL),
(495,1,96,'Documento legível?','','Enviar documento legível',false,true,false,1,NULL),
(496,1,96,'Documento sem rasura?','','Enviar documento sem rasura',false,true,false,1,NULL),
(497,1,97,'O SICGR apresenta mensagem de restrição financeira cadastrada no BIN, RENAJUD, ou outros órgãos?','','Regularizar a situação do veículo ofertado em garantia perante o DETRAN, visto que o SICGR apresenta mensagem de restrição financeira cadastrada no BIN, RENAJUD, ou outros órgãos.',false,true,false,1,NULL),
(498,1,98,'Consta MO 37673 - Termo de Cessão Fiduciária de Cheques Pré-Datados?','','Enviar o MO 37673.',false,true,false,1,NULL),
(499,1,98,'Documento completo?','','Enviar documento completo',false,true,false,1,NULL),
(500,1,98,'Documento legível?','','Enviar documento legível.',false,true,false,1,NULL),
(501,1,98,'Documento sem rasura?','','Enviar documento sem rasura',false,true,false,1,NULL),
(502,1,98,'Documento assinado?','','Enviar o MO37673 assinado pela creditada.',false,true,false,1,NULL),
(503,1,98,'Carteira de recebíveis constituída em valor maior ou igual ao valor/percentual pactuado no Termo de Constituição da Garantia - TCG?','','Solicitar ao cliente a constituição da carteira de recebíveis em valor maior ou igual ao valor/percentual pactuado no Termo de Constituição da Garantia - TCG',false,true,false,1,NULL),
(507,1,99,'Consta MO 37672 - Termo de Cessão Fiduciária de Duplicatas Mercantis?','','Enviar o MO37672 disponibilizado pela CICOB no SICTD',false,true,false,1,NULL),
(508,1,99,'Consta Extrato da Carteira de Recebíveis?','','Enviar o Extrato da Carteira de Recebíveis',false,true,false,1,NULL),
(509,1,99,'Documento legível?','','Enviar documento legível',false,true,false,1,NULL),
(510,1,99,'Documento sem rasura?','','Enviar documento sem rasura',false,true,false,1,NULL),
(511,1,99,'Documento assinado?','','Enviar o MO37672 assinado pela creditada/cedente',false,true,false,1,NULL),
(512,1,99,'Carteira de recebíveis constituída em valor maior ou igual ao valor/percentual pactuado no Termo de Constituição da Garantia - TCG?','','Solicitar ao cliente a constituição da carteira de recebíveis em valor maior ou igual ao valor/percentual pactuado no Termo de Constituição da Garantia - TCG',false,true,false,1,NULL),
(513,1,100,'Valor disponível em aplicação financeira para constituição da garantia ofertada?','O valor deve ser bloqueado pela CICOB','Disponibilizar valor em aplicação financeira para bloqueio pela CICOB, com o objetivo de constituir a garantia ofertada',false,true,false,1,NULL),
(514,1,101,'O domicílio bancário da(s) bandeira(s) ofertadas em garantia é a CAIXA?','1- Verificar do SCG 2-A trava é realizada pela CICOB. Apontar apenas caso o domicílio não esteja na caixa','Transferir para Caixa o domicílio bancário da(s) bandeira(s) ofertadas em garantia',false,true,false,1,NULL),
(515,1,101,'Na tentativa de efetuar o comando no SCG o sistema retornou a mensagem "CLIENTE COM BANDEIRA E PRODUTO JA CADASTRADOS"?','','Certificar-se que o domicílio bancário para a bandeira ofertada em garantia esteja disponível para trava, visto que ao tentar efetuar o comando no SCG o sistema recusa pelo motivo "CLIENTE COM BANDEIRA E PRODUTO JA CADASTRADOS"',false,true,false,1,NULL),
(518,1,84,'Documento legível?','','Enviar documento legível.',false,true,false,1,NULL),
(519,1,84,'Documento sem rasura?','','Enviar documento sem rasura.',false,true,false,1,NULL),
(529,1,79,'Documento legível?','','Enviar documento legível.',false,true,false,1,NULL),
(530,1,79,'Documento sem rasura?','','Enviar documento sem rasura.',false,true,false,1,NULL),
(531,1,77,'Documento legível?','','Enviar documento legível.',false,true,false,1,NULL),
(532,1,77,'Documento sem rasura?','','Enviar documento sem rasura.',false,true,false,1,NULL),
(534,1,69,'Seguro vigente?','','Enviar apólice de sguro vigente.',false,true,false,1,NULL),
(535,1,102,'Consta MO 33243 preenchido para a empresa, sócios, dirigentes e representante legal?','','Enviar MO 33243 preenchido',false,true,false,1,NULL),
(536,1,102,'Documento legível?','','Enviar documento legível',false,true,false,1,NULL),
(539,1,102,'Documento sem rasura?','','Enviar documento sem rasura',false,true,false,1,NULL),
(540,1,102,'Nome/Razão Social e CPF/CNPJ preenchidos corretamente?','','Preencher corretamente o(s) campo(s) Nome/Razão Social e CPF/CNPJ',false,true,false,1,NULL),
(541,1,102,'Formulário datado?','','Enviar formulário datado',false,true,false,1,NULL),
(542,1,102,'Formulário com data anterior ou igual a do Parecer/Análise de Risco da CERIS?','','Enviar formulário com data anterior ou igual a do Parecer/Análise de Risco da CERIS',false,true,false,1,NULL),
(543,1,102,'Nome e CPF do representante legal da empresa preenchidos?','Marcar somente se os dados não estiverem preenchidos no MO33243 da empresa','Preencher nome e CPF do representante legal da empresa',false,true,false,1,NULL),
(544,1,102,'Formulário assinado?','','Colher assinatura no formulário',false,true,false,1,NULL),
(545,1,103,'Consta Parecer de Análise de Risco de Crédito da CERIS?','','Enviar Parecer de Análise de Risco emitido pela CERIS',false,true,false,1,NULL),
(546,1,103,'Documento legível?','','Enviar documento legível',false,true,false,1,NULL),
(547,1,103,'Documento sem rasura?','','Enviar documento sem rasura',false,true,false,1,NULL),
(548,1,103,'Documento dentro do prazo de válidade?','','Enviar documento dentro do prazo de validade',false,true,false,1,NULL),
(549,1,104,'O valor de garantia informado na AVALOP equivale a no mínimo 70% do valor da operação?','Para contrato da modalidade 009 ou 017, com a garantia de imóveis, veículos e/ou recebíveis - cheques e duplicatas (com ou sem composição de garantias), e a empresa tomadora está enquadrada no segmento Fortalecer','Realizar nova Avaliação da Operação informando o valor de garantia em percentual equivalente igual ou superior à 70% do valor da operação, visto que o contrato será formalizado na modalidade 009 ou 017, com a garantia de imóveis, veículos e/ou recebíveis - cheques e duplicatas (com ou sem composição de garantias), e a empresa tomadora está enquadrada no segmento Fortalecer',false,true,false,1,NULL),
(551,1,104,'O valor de garantia informado na AVALOP equivale a no mínimo 50% do valor da operação?','Para contrato da modalidade 009 ou 017, com a garantia de imóveis, veículos e/ou recebíveis - cheques e duplicatas (com ou sem composição de garantias), e a empresa tomadora está enquadrada no segmento Expandir. ','Realizar nova Avaliação da Operação informando o valor de garantia em percentual equivalente igual ou superior à 50% do valor da operação, visto que o contrato será formalizado na modalidade 009 ou 017, com a garantia de imóveis, veículos e/ou recebíveis - cheques e duplicatas (com ou sem composição de garantias), e a empresa tomadora está enquadrada no segmento Expandir. ',false,true,false,1,NULL),
(552,1,104,'O valor de garantia informado na AVALOP equivale a no mínimo 100% do valor da operação, em caso de garantia Aplicação Financeira?','Para contrato com a garantia APLICAÇÃO FINANCEIRA, independente do segmento e da modalidade.','Realizar nova Avaliação da Operação informando o valor de garantia em percentual equivalente igual ou superior à 100% do valor da operação, visto que o contrato será formalizado com a garantia APLICAÇÃO FINANCEIRA, independente do segmento e da modalidade.',false,true,false,1,NULL),
(555,1,104,'O valor de garantia informado na AVALOP equivale a no mínimo 12,5% do valor da operação?','Para contrato com a garantia CARTÃO DE CRÉDITO - FCC, independente do segmento e da modalidade','Realizar nova Avaliação da Operação informando o valor de garantia em percentual equivalente igual ou superior à 12,5% do valor da operação, visto que o contrato será formalizado com a garantia CARTÃO DE CRÉDITO - FCC, independente do segmento e da modalidade',false,true,false,1,NULL),
(558,1,104,'O valor de garantia informado na AVALOP equivale a no mínimo 100% do valor da operação, em caso de garantia de Imóvel?','Para contrato da modalidade 018 ou 019, com a garantia de IMÓVEL, independente do segmento.','Realizar nova Avaliação da Operação informando o valor de garantia em percentual equivalente igual ou superior à 100% do valor da operação, visto que o contrato será formalizado na modalidade 018 ou 019, com a garantia de IMÓVEL, independente do segmento.',false,true,false,1,NULL),
(559,1,108,'Consta comprovante de inscrição do imóvel no CAR - Cadastro Ambiental Rural?','','Enviar comprovante de inscrição do imóvel no CAR - Cadastro Ambiental Rural.',false,true,false,1,NULL),
(560,1,108,'Documento legível?','','Enviar documento legível.',false,true,false,1,NULL),
(561,1,108,'Documento sem rasura?','','Enviar documento sem rasura.',false,true,false,1,NULL),
(562,1,109,'Consta Certidão Negativa de Débitos de imóvel rural emitida no site da Receita Federal?','','Enviar Certidão Negativa de Débitos de imóvel rural, emitida no site da Receita Federal.',false,true,false,1,NULL),
(565,1,109,'Documento legível?','','Enviar documento legível.',false,true,false,1,NULL),
(566,1,109,'Documento sem rasura?','','Enviar documento sem rasura.',false,true,false,1,NULL),
(567,1,110,'Consta Parecer/CE  favorável ao aceite da garantia máquinas e equipamentos, emitido pela GEPME?','Considerando que a garantia alienação fiduciária de máquinas e equipamentos não está prevista em norma para a operação há necessidade de apresentação de Parecer/CE favorável da GEPME.','Enviar parecer/CE  favorável ao aceite da garantia máquinas e equipamentos, emitido pela GEPME, visto que a garantia não está prevista em norma para a operação',false,true,false,1,NULL),
(568,1,110,'Documento legível?','','Enviar documento legível.',false,true,false,1,NULL),
(569,1,110,'Documento sem rasura?','','Enviar documento sem rasura.',false,true,false,1,NULL),
(570,1,111,'Consta Laudo técnico de avaliação do bem ofertado em garantia?','1 - As máquinas/equipamentos, adquiridos em até 120 dias antes da data da contratação da operação, conforme data de emissão verificada na NF, dispensa a apresentação de laudo técnico e o valor de mercado é obtido pelo valor de aquisição do bem indicado na própria NF.','Enviar laudo técnico para bens com Nota Fiscal emitida há mais de 120 dias ou que não possuem NF',false,true,false,1,NULL),
(572,1,111,'Documento legível?','','Enviar documento legível.',false,true,false,1,NULL),
(573,1,111,'Documento sem rasura?','','Enviar documento sem rasura.',false,true,false,1,NULL),
(574,1,111,'laudo com data de emissão inferior a 120 dias?','','Enviar laudo técnico de avaliação com data de emissão inferior a 120 dias.',false,true,false,1,NULL),
(575,1,111,'O valor de garantia informado na AVALOP é compatível com o valor da Nota Fiscal ou valor de avaliação informado no laudo técnico? ','','Realizar nova Avaliação da Operação informando o valor de garantia compatível com o valor da Nota Fiscal , se emitida a menos de 120 dias, ou valor de avaliação informado no laudo técnico. ',false,true,false,1,NULL),
(576,1,112,'Conta parecer de aprovação da SUEMP, favorável à contratação e à aceitação da garantia em questão?','','Enviar parecer de aprovação da SUEMP, favorável à contratação e à aceitação da garantia em questão.',false,true,false,1,NULL),
(577,1,113,'Consta laudo válido para nova concessão?','Apontar apenas para contratação nova, cujo laudo perdeu validade antes do registro na matrícula.','Enviar Laudo de Avaliação com até 180 dias de emissão',false,true,false,1,NULL),
(578,1,113,'Consta laudo válido para renovação/repactuação de operação?','Apontar apenas para renovação/repactuação, cujo laudo perdeu validade antes do registro na matrícula.','Enviar Laudo de Avaliação com até 36 meses de emissão',false,true,false,1,NULL),
(579,1,113,'Documento legível?','','Enviar documento legível.',false,true,false,1,NULL),
(580,1,113,'Documento sem rasura?','','Enviar documento sem rasura',false,true,false,1,NULL),
(581,1,113,'É possível  correlacionar os dados do imóvel informado no Laudo com os dados constantes na Certidão de Matrícula/Ônus?','"1 - Analisar somente se apresentado novo laudo.
2 - A correlação pode ser feita pelo número da matrícula ou endereço."','Enviar Laudo de Avaliação que permita correlacionar os dados do imóvel informado no Laudo com os dados constantes na Certidão de Matrícula/Ônus',false,true,false,1,NULL),
(582,1,113,'Consta o valor de avaliação do imóvel?','1 - Analisar somente se apresentado novo laudo.','Enviar Laudo de Avaliação que conste valor de avaliação do imóvel.',false,true,false,1,NULL),
(583,1,113,'É possível identificar o valor de avaliação da construção averbada?','1 - Analisar somente se apresentado novo laudo.','Enviar Laudo de Avaliação que permita identificar o valor de avaliação da construção averbada na matrícula, visto que consta parte não averbada',false,true,false,1,NULL),
(584,1,114,'Consta laudo válido para nova concessão?','Apontar apenas para contratação nova, cujo laudo perdeu validade antes do registro na matrícula.','Enviar Laudo de Avaliação com até 180 dias de emissão',false,true,false,1,NULL),
(585,1,114,'Consta laudo válido para renovação/repactuação de operação?','Apontar apenas para renovação/repactuação, cujo laudo perdeu validade antes do registro na matrícula.','Enviar Laudo de Avaliação com até 36 meses de emissão',false,true,false,1,NULL),
(586,1,114,'Documento legível?','','Enviar documento legível.',false,true,false,1,NULL),
(587,1,114,'Documento sem rasura?','','Enviar documento sem rasura',false,true,false,1,NULL),
(588,1,114,'É possível  correlacionar os dados do imóvel informado no Laudo com os dados constantes na Certidão de Matrícula/Ônus?','"1 - Analisar somente se apresentado novo laudo.
2 - a correlação pode ser feita pelo número da matrícula ou endereço."','Enviar Laudo de Avaliação que permita correlacionar os dados do imóvel informado no Laudo com os dados constantes na Certidão de Matrícula/Ônus',false,true,false,1,NULL),
(589,1,114,'Consta o valor de avaliação do imóvel?','1 - Analisar somente se apresentado novo laudo.','Enviar Laudo de Avaliação que conste valor de avaliação do imóvel.',false,true,false,1,NULL),
(590,1,114,'É possível identificar o valor de avaliação da construção averbada?','1 - Analisar somente se apresentado novo laudo.','Enviar Laudo de Avaliação que permita identificar o valor de avaliação da construção averbada na matrícula, visto que consta parte não averbada',false,true,false,1,NULL),
(591,1,115,'Consta apólice de seguro ou proposta com respectivo comprovante de pagamento para o bem ofertado em garantia?','','Enviar apólice de seguro ou proposta com respectivo comprovante de pagamento, para o bem ofertado em garantia.',false,true,false,1,NULL),
(592,1,115,'Seguro vigente?','','Enviar documento vigente',false,true,false,1,NULL),
(593,1,115,'Documento legível?','','Enviar documento legível',false,true,false,1,NULL),
(594,1,115,'Documento sem rasura?','','Enviar documento sem rasura',false,true,false,1,NULL),
(595,1,115,'Consta comprovante de pagamento autenticado referente à proposta de seguro?','1 - Apontar quando for apresentada somente a proposta de seguro','Enviar comprovante de pagamento autenticado referente a proposta de seguro apresentada',false,true,false,1,NULL),
(596,1,115,'Apólice com cobertura no mínimo igual ao valor de avaliação do bem ofertado em garantia?','1 - Não apontar caso a cobertura seja 100% do valor referenciado de mercado ( Tabela FIPE, Molicar). 2- Para ônibus, a apólice deve ser exclusivamente por valor determinado.','Enviar apólice com cobertura no mínimo igual ao valor de avaliação do bem ofertado em garantia',false,true,false,1,NULL),
(597,1,115,'Apólice emitida por seguradora regulada pela SUSEP?','','Enviar apólice emitida por sociedade seguradora regulamentada pela SUSEP',false,true,false,1,NULL),
(598,1,115,'Apólice ou endosso com cláusula beneficiária em favor da Caixa?','1 - Não apontar caso seja apresentada cláusula geral que preveja o pagamento do bem ao credor em caso de sinistro.','Enviar apólice ou endosso com cláusula beneficiária em favor da CAIXA, podendo ser dispensada mediante apresentação de apólice com cláusula geral que preveja o pagamento ao credor da operação em caso de sinistro',false,true,false,1,NULL),
(599,1,116,'Proposta aprovada pelo comitê da Agência?','','Para desbloqueio da Avaliação da Operação dessa proposta é necessária a verificação do dossiê completo do cliente. Disponibilizar os documentos por meio do SIMTR, selecionando o processo Alçada da SR ou superior.',false,true,false,1,NULL),
(602,1,118,'Consta avaliação no SIRIC para a operação?','1 - A Avaliação da Operação pode ser visualizada diretamente no SIRIC. 2 - O NOME DO TOMADOR pode estar abreviado na Avaliação da Operação','Realizar Avaliação da Operação no SIRIC.',false,true,false,1,NULL),
(603,1,118,'Avaliação está dentro do prazo de validade?','','Realizar nova Avaliação da Operação, visto que a avaliação constante no SIRIC está vencida.',false,true,false,1,NULL),
(604,1,119,'Documento legível ?','','Enviar documento legível',false,true,false,1,NULL),
(605,1,119,'Documento sem rasura?','','Enviar documento sem rasura',false,true,false,1,NULL),
(606,1,65,'Composição societária corretamente incluída no cadastro.caixa?','','Corrigir composição societária no cadastro.caixa.',false,true,false,1,NULL),
(610,1,120,'Consta MO 33.045 - Dados Complementares Pessoa Física dos  Avalistas / Fiadores Externos PF?','','enviar MO 33.045 - Dados Complementares Pessoa Física do Avalista / Fiador Externo PF',false,true,false,1,NULL),
(611,1,120,'Documento legível?','','Enviar documento legível.',false,true,false,1,NULL),
(612,1,120,'Documento sem rasura?','','Enviar documento sem rasura.',false,true,false,1,NULL),
(613,1,120,'Campos NOME COMPLETO e CPF preenchidos corretamente?','','preencher corretamente campo(s) NOME e CPF, conforme documentos de identificação apresentados ',false,true,false,1,NULL),
(614,1,120,'Formulário datado?','','Enviar documento datado.',false,true,false,1,NULL),
(616,1,120,'Formulário assinado?','','Colher assinatura do Avalista / Fiador Externo PF',false,true,false,1,NULL),
(617,1,121,'Consta MO 33.045 - Dados Complementares Pessoa Jurídica?','','enviar MO 33.045 - Dados Complementares Pessoa Jurídica do Avalista PJ',false,true,false,1,NULL),
(618,1,121,'Documento legível?','','enviar documento legível',false,true,false,1,NULL),
(619,1,121,'Documento sem rasura?','','enviar documento sem rasura',false,true,false,1,NULL),
(620,1,121,'O(s) campo(s) RAZÃO SOCIAL e CNPJ estão preenchidos corretamente?','','preencher corretamente os campo(s) RAZÃO SOCIAL e CNPJ da empresa',false,true,false,1,NULL),
(621,1,121,'Quadro RECEITA FISCAL - ÚLTIMO EXERCÍCIO ENCERRADO preenchido?','Solicitar se a opção "Sim" foi marcada para a pergunta "A empresa pretende antecipar a informação de receita fiscal do último exercício encerrado?','preencher todos os campos do quadro RECEITA FISCAL - ÚLTIMO EXERCÍCIO ENCERRADO, pois consta marcada a opção “Sim” para a pergunta “A empresa pretende antecipar a informação de receita fiscal do último exercício encerrado?”',false,true,false,1,NULL),
(622,1,121,'Formulário datado?','','enviar documento datado',false,true,false,1,NULL),
(625,1,121,'Campos NOME e CPF do Representante Legal preenchidos?','','preencher nome e CPF do representante legal da empresa',false,true,false,1,NULL),
(626,1,121,'Formulário assinado pelo Representante legal da empresa?','','colher assinatura do representante legal da empresa',false,true,false,1,NULL),
(627,1,122,'Consta MO 33.045 - Dados Complementares Pessoa Física dos sócios / dirigentes / representantes legais do Avalista PJ?','','enviar MO 33.045 - Dados Complementares Pessoa Física  dos sócios / dirigentes / representantes legais do Avalista PJ',false,true,false,1,NULL),
(628,1,122,'Documento legível?','','enviar documento legível',false,true,false,1,NULL),
(629,1,122,'Documento sem rasura?','','enviar documento sem rasura',false,true,false,1,NULL),
(630,1,122,'Campos NOME COMPLETO e CPF preenchidos corretamente?','','preencher corretamente campo(s) NOME e/ou CPF do sócio / dirigente / representante, conforme a alteração contratual mais recente',false,true,false,1,NULL),
(631,1,122,'Formulário datado?','','enviar documento datado',false,true,false,1,NULL),
(632,1,122,'Formulário assinado?','','colher assinatura do sócio / dirigente / representante legal do Avalista PJ',false,true,false,1,NULL),
(634,1,78,'Documento sem rasura?','','Enviar documento sem rasura.',false,true,false,1,NULL),
(635,1,78,'Documento legível?','','Enviar documento legível.',false,true,false,1,NULL),
(636,1,124,'Consta Nota Fiscal ou Laudo técnico de avaliação do ônibus ofertado em garantia?','"1 - apontar apenas no caso do bem ofertado ser ônibus. 
2 - o laudo técnico deve ser elaborado por empresa especializada ou concessionária de veículos fornecedora e/ou distribuidora que comercialize ônibus da mesma marca do veículo ofertado em garantia."',' enviar nota fiscal ou laudo técnico de avaliação elaborado por empresa especializada ou concessionária de veículos fornecedora e/ou distribuidora que comercialize ônibus da mesma marca do veículo ofertado em garantia',false,true,false,1,NULL),
(637,1,124,'Documento emitido a menos de 120 dias?','1 - Considerar a data da verificação. 2 - Quando a Nota Fisccal possuir data de emissão superior a 120 dias deve ser apresentado laudo técnico de Avaliação do bem, com data de emissão inferior a 120 dias.',' enviar documento com data de emissão inferior a 120 dias',false,true,false,1,NULL),
(638,1,124,'Documento legível?','','enviar documento legível.',false,true,false,1,NULL),
(639,1,124,'Documento sem rasura?','','enviar documento sem rasura.',false,true,false,1,NULL),
(640,1,124,'O valor de garantia informado na AVALOP é compatível com o valor de avaliação informado no laudo técnico?','','realizar nova Avaliação da Operação informando o valor de garantia compatível com o valor de avaliação informado no laudo técnico',false,true,false,1,NULL),
(643,1,125,'Consta Parecer favorável emitido por meio do Workflow - Esteira Negocial PJ MPE?','Deve ser apresentado Parecer favorável à aceitação da garantia por meio do Workflow - Esteira Negocial PJ, quando a empresa pertencer ao segmento de MPE.','Enviar Parecer favorável à aceitação da garantia emitido por meio do Workflow - Esteira Negocial PJ MPE?',false,true,false,1,NULL),
(645,1,125,'Documento legível?','','Enviar documento legível.',false,true,false,1,NULL),
(649,1,125,'Documento sem rasura?','','Enviar documento sem rasura.',false,true,false,1,NULL),
(657,1,30,'Consta MO 33045 - Módulo 1 - Cadastro Empresa Proponente?','','Enviar versão atualizada do MO33045.',false,true,false,1,NULL),
(659,1,42,'Consta MO 33045 - Módulo 3 - Cadastro Sóco/Dirigente/Avalista/Representante Legal - PF?','','Enviar versão atualizada do MO33045.',false,true,false,1,NULL),
(660,1,55,'Consta Comprovante de Emancipação?','','Enviar Comprovante de Emanciapação.',false,true,false,1,NULL),
(661,1,62,'Consta procuração?','','Enviar procuração.',false,true,false,1,NULL),
(662,1,64,'Consta Comprovante de Tutela?','','Enviar Comprovante de Tutela.',false,true,false,1,NULL),
(664,1,119,'Consta MO 33301 - Termo de Conferência de Autenticidade da Documentação?','','Enviar MO 33301.',false,true,false,1,NULL),
(667,1,126,'Consta MO 33301 - Termo de Conferência de Autenticidade da Documentação?','APONTAR:Quando os documentos constitutivos e fiscais não apresentarem autenticação por Cartório ou carimbo "Confere com Original" com identificação e assinatura do empregado CAIXA.','Enviar MO33301 preenchido, visto que os documentos apresentados não apresentam autenticação por cartório ou empregado CAIXA',false,true,false,1,NULL),
(668,1,126,'Consta MO 33.045 - Dados Complementares Pessoa Jurídica?','APONTAR:Quando não for apresentado o MO33045 - Dados Complementares Pessoa Jurídica ou o MO 33045 - Módulo 1','Enviar MO 33.045 - Dados Complementares Pessoa Jurídica',false,true,false,1,NULL),
(669,1,126,'Consta MO 33.045 - Dados Complementares Pessoa Física para todos os sócios / dirigentes / representantes legais?','APONTAR:Quando não for apresentado o MO33045 - Dados Complementares Pessoa Física ou o MO 33045 - Módulo 3 para todos os sócios / dirigentes / representantes legais da empresa','Enviar MO 33.045 - Dados Complementares Pessoa Física',false,true,false,1,NULL),
(671,1,126,'Consta Relatório de Visita?','APONTAR: Para empresa com faturamento superior a R$ 81.000,00"','enviar Relatório de Visita, conforme modelo Apensado CR015',false,true,false,1,NULL),
(675,1,127,'Consta MO 33301 - Termo de Conferência de Autenticidade da Documentação?','APONTAR: Quando os documentos constitutivos e fiscais não apresentarem autenticação por Cartório ou carimbo ""Confere com Original"" com identificação e assinatura do empregado CAIXA."','Enviar MO33301 preenchido, visto que os documentos apresentados não apresentam autenticação por cartório ou empregado CAIXA',false,true,false,1,NULL),
(676,1,127,'Consta documento que comprove a situação de inatividade, visto que há informação de empresa inativa no MO33355 ou no MO33045?','APONTAR: Quando for identificada no MO MO33355 ou no MO33045 existência de empresa inativa. ','Apresentar a Declaração de Inatividade emitida pela Receita Federal ou EFC com faturamento zerado ou documento assinado pelo contador da empresa, que comprove a situação de inatividade, visto que consta informação de empresa inativa no MO33355 ou no MO33045"',false,true,false,1,NULL),
(677,1,127,'Consta MO 33.045 - Dados Complementares Pessoa Jurídica?','APONTAR: Quando não for apresentado o MO33045 - Dados Complementares Pessoa Jurídica ou o MO 33045 - Módulo 1 para as empresas indicadas com a resposta “sim” na coluna J da parte II do MO33355 "','Enviar MO 33.045 - Dados Complementares Pessoa Jurídica',false,true,false,1,NULL),
(678,1,127,'Consta MO 33.045 - Dados Complementares Pessoa Física para todos os sócios / dirigentes / representantes legais?','APONTAR: Quando não for apresentado o MO33045 - Dados Complementares Pessoa Física ou o MO 33045 - Módulo 3  para empresas indicadas com a resposta “sim” na coluna J da parte II do MO33355 "','Enviar MO 33.045 - Dados Complementares Pessoa Física',false,true,false,1,NULL),
(679,1,127,'Consta Relatório de Visita?','APONTAR: Para empresa com faturamento superior a R$ 81.000,00"','Enviar Relatório de Visita, conforme modelo Apensado CR015',false,true,false,1,NULL),
(680,1,128,'Consta documento constitutivo da empresa com todas as alterações ou consolidação?','APONTAR: Quando a Avaliação do Tomador for realizada pela CERIS.','Enviar documento de constituição da empresa com todas as alterações ou consolidação ',false,true,false,1,NULL),
(681,1,128,'Consta MO 33243 preenchido para a empresa, sócios, dirigentes e representante legal?','APONTAR: Quando a Avaliação do Tomador for realizada pela CERIS.','Enviar MO 33243 preenchido',false,true,false,1,NULL),
(682,1,128,'Consta Parecer de Análise de Risco de Crédito da CERIS?','APONTAR: Quando a Avaliação do Tomador for realizada pela CERIS.','Enviar Parecer de Análise de Risco emitido pela CERIS',false,true,false,1,NULL),
(683,1,128,'Consta Licença Ambiental ou documento de dispensa?','APONTAR: Para empresa com CNAE listado no  AE124 que não apresentou Licença Ambiental ou documento de dispensa','enviar Licença Ambiental ou documento de dispensa, visto que a empresa possui CNAE listado no AE124',false,true,false,1,NULL),
(684,1,128,'Consta Análise Socioambiental da GERIE?','APONTAR: No caso de operação de crédito de valor igual ou superior a R$ 10 milhões, contratrada por MGE e Corporativo, que possui CNAE listado no AE124','Enviar Análise Socioambiental feita pela GERIE ',false,true,false,1,NULL),
(685,1,128,'Consta Simulador de Alçadas?','APONTAR: Para empresas do Segmento MGE e Corporativo.','Enviar Relatório Simulador de Alçadas',false,true,false,1,NULL),
(686,1,128,'Consta CE/Parecer favorável da Mesa de Negócios?','APONTAR: Quando constar no Relatório Simulador de Alçadas a necessidade de apresentação do Parecer da Mesa de Negócios.','Enviar CE/Parecer favorável da Mesa de Negócios, conforme necessidade indicada no Relatório Simulador de Alçadas',false,true,false,1,NULL),
(688,1,129,'Consta documento de identificação do Avalista / Fiador Externo PF?','APONTAR: Quando a garantia ofertada for Aval/Fiança de Terceiros - Pessoa Física','enviar documento de identificação do Avalista / Fiador Externo PF',false,true,false,1,NULL),
(689,1,129,'Consta MO 33.045 - Dados Complementares Pessoa Física dos  Avalistas / Fiadores Externos PF?','APONTAR: Quando a garantia ofertada for Aval/Fiança de Terceiros - Pessoa Física','enviar MO 33.045 - Dados Complementares Pessoa Física do Avalista / Fiador Externo PF',false,true,false,1,NULL),
(690,1,129,'Consta documento constitutivo da empresa com todas as alterações ou consolidação?','APONTAR: Quando a garantia ofertada for Aval/Fiança de Terceiros - Pessoa Jurídica','enviar Documento de Constituição da empresa com todas as Alterações ou Consolidação até a presente data',false,true,false,1,NULL),
(691,1,129,'Consta MO 33.045 - Dados Complementares Pessoa Jurídica?','APONTAR: Quando a garantia ofertada for Aval/Fiança de Terceiros - Pessoa Jurídica','enviar MO 33.045 - Dados Complementares Pessoa Jurídica do Avalista PJ',false,true,false,1,NULL),
(692,1,129,'Consta MO 33.045 - Dados Complementares Pessoa Física dos sócios / dirigentes / representantes legais do Avalista PJ?','APONTAR: Quando a garantia ofertada for Aval/Fiança de Terceiros - Pessoa Jurídica','enviar MO 33.045 - Dados Complementares Pessoa Física  dos sócios / dirigentes / representantes legais do Avalista PJ',false,true,false,1,NULL),
(693,1,129,'Consta certidão negativa de ônus do imóvel?','APONTAR: Quando a garantia ofertada for Alienação Fiduciária de Bem Imóvel','enviar certidão de ônus do imóvel',false,true,false,1,NULL),
(694,1,129,'Consta Laudo de Avaliação do Imóvel?','APONTAR: Quando a garantia ofertada for Alienação Fiduciária de Bem Imóvel','enviar Laudo de Avaliação do imóvel.',false,true,false,1,NULL),
(695,1,129,'Consta Certidão Negativa de Protestos (emitida pelo Cartório de Protestos) em nome dos proprietários do imóvel?','APONTAR: Quando a garantia ofertada for Alienação Fiduciária de Bem Imóvel','enviar Certidão Negativa de Protestos (emitida pelo Cartório de Protestos) em nome dos proprietários do imóvel',false,true,false,1,NULL),
(696,1,129,'Consta Certidões Negativas de Ações Cíveis e de Execuções em nome dos proprietários do imóvel?','APONTAR: Quando a garantia ofertada for Alienação Fiduciária de Bem Imóvel','enviar  Certidões Negativas de Ações Cíveis e de Execuções (emitidas pela Justiça Estadual/Comum e pela Justiça Federal) em nome dos proprietários do imóvel.',false,true,false,1,NULL),
(697,1,129,'Consta Parecer do Jurídico favorável à contratação?','APONTAR: Quando a garantia ofertada for Alienação Fiduciária de Bem Imóvel e constar restrições nas certidões encaminhadas','enviar parecer do jurídico favorável à contratação, pois constam apontamentos na(s) Certidão(ões) encaminhada(s)',false,true,false,1,NULL),
(698,1,129,'Consta comprovante de inscrição do imóvel no CAR - Cadastro Ambiental Rural?','APONTAR: Quando a  garantia ofertada for Alienação Fiduciária de Bem Imóvel e o imóvel for rural.','enviar comprovante de inscrição do imóvel no CAR - Cadastro Ambiental Rural.',false,true,false,1,NULL),
(699,1,129,'Consta Certidão Negativa de Débitos de imóvel rural emitida no site da Receita Federal?','APONTAR: Quando a  garantia ofertada for Alienação Fiduciária de Bem Imóvel e o imóvel for rural.','enviar Certidão Negativa de Débitos de imóvel rural, emitida no site da Receita Federal.',false,true,false,1,NULL),
(700,1,129,'Consta Parecer do Jurídico favorável à contratação e aceitação do bem como garantia?','APONTAR: Quando a  garantia ofertada for Alienação Fiduciária de Bem Imóvel e o imóvel for rural."','enviar Nota ou Parecer do Jurídico favorável à contratação e aceitação do bem como garantia.',false,true,false,1,NULL),
(701,1,129,'Consta Parecer da Mesa de Negócios favorável à contratação e aceitação da garantia? ','APONTAR: Quando a  garantia ofertada for Alienação Fiduciária de Bem Imóvel, o imóvel for rural e a operação for contratada por MGE."','enviar Parecer Favorável da Mesa de Negócios quanto à aceitação da garantia, no caso de empresa do segmento de Média/Grande Empresas e Corporativo.',false,true,false,1,NULL),
(702,1,129,'Consta CRLV/CRV do veículo ofertado em garantia?','APONTAR: Quando a  garantia ofertada for Alienação Fiduciária de Veículo"','enviar CRLV/CRV do veículo ofertado em garantia',false,true,false,1,NULL),
(703,1,129,'Consta Tabela FIPE?','APONTAR: Quando a  garantia ofertada for Alienação Fiduciária de Veículo"','enviar Tabela FIPE',false,true,false,1,NULL),
(704,1,129,'Consta Nota Fiscal ou Laudo técnico de avaliação do ônibus ofertado em garantia?','APONTAR: 1- Quando a  garantia for Alienação Fiduciária de Veículo o veículo ofertado em garantia for ônibus. 2 -  Os ônibus, adquiridos em até 120 dias antes da data da contratação da operação, conforme data de emissão verificada na NF, dispensa a apresentação de laudo técnico e o valor de mercado é obtido pelo valor de aquisição do bem indicado na própria NF."','enviar nota fiscal ou laudo técnico de avaliação elaborado por empresa especializada ou concessionária de veículos fornecedora e/ou distribuidora que comercialize ônibus da mesma marca do veículo ofertado em garantia',false,true,false,1,NULL),
(705,1,129,'Consta extrato da credenciadora ou da conta corrente com informação do fluxo de recebíveis da bandeira ofertada em garantia?','APONTAR: Quando a  garantia ofertada for Cessão Fiduciária de Direitos Creditórios sobre Recebíveis de Cartão de Crédito"','enviar extrato dos últimos 4 meses, da credenciadora ou da conta corrente,com informação do fluxo de recebíveis da bandeira ofertada em garantia. Na ausência de fluxo de recebíveis em 1 ou mais meses a ser analisado, enviar extrato dos últimos 6 meses.',false,true,false,1,NULL),
(706,1,129,'Consta Parecer/CE  favorável ao aceite da garantia máquinas e equipamentos emitido via Workflow - Esteira PJ MPE?','APONTAR: Quando a  garantia ofertada for Alienação Fiduciária de Máquinas e Equipamentos"','enviar parecer/CE  favorável ao aceite da garantia máquinas e equipamentos, emitido pela GEPME, visto que a garantia não está prevista em norma para a operação',false,true,false,1,NULL),
(707,1,129,'Consta Nota Fiscal do bem ofertado em garantia ou Recibo?','APONTAR: Quando a  garantia ofertada for Alienação Fiduciária de Máquinas e Equipamentos"','enviar Nota Fiscal ou Recibo de Pessoa Jurídica assinado pelo RLA e autenticado em cartório, com a descrição do bem, identificando marca, modelo e outros elementos que permitam individualizar a garantia.',false,true,false,1,NULL),
(708,1,129,'Consta Laudo técnico de avaliação do bem ofertado em garantia?','APONTAR: Quando a  garantia ofertada for Alienação Fiduciária de Máquinas e Equipamentos e for apresentado Recibo ou Nota Fiscal com data de emissão superior a 120 dias.','enviar laudo técnico para bens com Nota Fiscal emitida há mais de 120 dias ou que não possuem NF',false,true,false,1,NULL),
(709,1,129,'Consta declaração emitida pelo proprietário de que a perda, por força da garantia prestada, não comprometerá o funcionamento da empresa?','APONTAR: Quando a  garantia ofertada for Alienação Fiduciária de Máquinas e Equipamentos"','enviar declaração emitida pelo proprietário informando que a perda, por força da garantia prestada, não compromete o funcionamento e as atividades fins e que possui outros bens que podem desempenhar os compromissos, contratos e obras assumidos.',false,true,false,1,NULL),
(710,1,129,'Conta parecer de aprovação da SUEMP, favorável à contratação e à aceitação da garantia em questão?','APONTAR: Quando a  garantia ofertada for Cessão de Direitos Creditórios Representados por Recebíveis"','enviar parecer de aprovação da SUEMP, favorável à contratação e à aceitação da garantia em questão',false,true,false,1,NULL),
(711,1,130,'Consta tela do SIFAP?','AJUDA: Para os clientes do nicho Farmácia Popular "','Enviar tela do SIFAP contendo no campo “Dados Bancários indicado para recebimento de depósitos” os dados da conta de relacionamento devidamente atualizados, no formato BANCO.AGÊNCIA.OPERAÇÃO.CONTA (104.XXXX.XXX.XXXXXXXX-X), visto que o cliente pertence ao nicho Farmácia Popular',false,true,false,1,NULL),
(712,1,130,'Consta Parecer do Jurídico informando o ajuste a ser feito no instrumento contratual, em caso de necessidade de customização?','AJUDA: apontar apenas se for possível identificar necessidade de customização do instrumento contratual, seja pelo tipo da garantia ou por solicitação da agência via aba ""Formulário"" do SIMTR"','Enviar PA Jurídico informando o ajuste a ser feito no instrumento contratual, visto trata-se de operação com necessidade de customização',false,true,false,1,NULL),
(713,1,131,'Consta Termo de Constituição de Garantia disponibilizado pela CICOB?','APONTAR: Quando a operação tiver garantia real"','enviar documento disponibilizado pela CICOB no SIMTR',false,true,false,1,NULL),
(715,1,131,'consta MO33638 Termos de Obrigações Especiais?','APONTAR: Para operação 605 modalidades 019 e 029"','enviar documento disponibilizado pela CICOB no SIMTR',false,true,false,1,NULL),
(716,1,131,'consta parecer do jurídico, em caso de customização do instrumento contratual feita pela Agência?','APONTAR: Quando o instrumento contratual não foi customizado pela CICOB e já estiver assinado"',' Enviar PA Jurídico visto que o instrumento contratual enviado foi customizado pela agência',false,true,false,1,NULL),
(717,1,131,'consta parecer do jurídico, em caso de ressalva contratual?','APONTAR: Quando constar ressalva no instrumento contratual"','enviar parecer do jurídico, visto que consta ressalva no instrumento contratual',false,true,false,1,NULL),
(718,1,131,'Consta certidão de matrícula com registro de alienação fiduciária em favor da caixa para o contrato atual?','APONTAR: Quando a garantia ofertada for Alienação Fiduciária de Bem Imóvel"','enviar certidão de matrícula do imóvel com alienação fiduciária em favor da Caixa referente ao contrato atual',false,true,false,1,NULL),
(719,1,131,'consta laudo de avaliação do imóvel?','APONTAR: Quando a garantia ofertada for Alienação Fiduciária de Bem Imóvel"','enviar Laudo de Avaliação do imóvel ',false,true,false,1,NULL),
(720,1,131,'Consta apólice de seguro ou proposta com respectivo comprovante de pagamento para o bem ofertado em garantia?','APONTAR: Quando a garantia ofertada for Alienação Fiduciária de Bem Imóvel"','enviar apólice de seguro ou proposta com respectivo comprovante de pagamento, para o bem ofertado em garantia',false,true,false,1,NULL),
(721,1,131,'Consta CRLV/CRV do veículo ofertado em garantia, caso o veículo seja de propriedade de terceiros?','APONTAR: Quando a garantia ofertada for Alienação Fiduciária de Veículos e caso o bem seja de terceiros"','enviar CRLV com alienação fiduciária em favor da Caixa para efetivação/habilitação do contrato, visto que veículo ofertado em garantia é de propriedade de terceiros. Gravame efetuado',false,true,false,1,NULL),
(726,1,131,'Consta MO 37673 - Termo de Cessão Fiduciária de Cheques Pré-Datados?','APONTAR: Quando a garantia ofertada for Cessão Fiduciária de Cheques Pré-datados"','enviar documento disponibilizado pela CICOB no SIMTR.',false,true,false,1,NULL),
(727,1,131,'Consta MO37672 - Termo de Cessão Fiduciária de Duplicatas Mercantis?','APONTAR: Quando a garantia ofertada for Cessão Fiduciária de Duplicatas Mercantis"','enviar documento disponibilizado pela CICOB no SIMTR',false,true,false,1,NULL);

SELECT pg_catalog.setval('mtr.mtrsq052_apontamento', 727, true);

-- Tabela: mtr.mtrtb053_vinculacao_checklist
--

INSERT INTO mtr.mtrtb053_vinculacao_checklist (nu_vinculacao_checklist, nu_versao, nu_processo_dossie, nu_processo_fase, nu_tipo_documento, nu_funcao_documental, nu_checklist, dt_revogacao) VALUES 
(18, 1, 17, 35, NULL, 7, 47, '9999-01-01'),
(23, 1, 17, 35, 7, NULL, 36, '9999-01-01'),
(21, 1, 17, 35, 6, NULL, 13, '9999-01-01'),
(24, 1, 17, 35, 8, NULL, 4, '9999-01-01'),
(25, 1, 17, 35, 10, NULL, 45, '9999-01-01'),
(26, 1, 17, 35, 12, NULL, 30, '9999-01-01'),
(27, 1, 17, 35, 11, NULL, 27, '9999-01-01'),
(28, 1, 17, 35, 13, NULL, 42, '9999-01-01'),
(29, 1, 17, 35, 14, NULL, 35, '9999-01-01'),
(30, 1, 17, 35, 26, NULL, 50, '9999-01-01'),
(31, 1, 17, 35, NULL, 6, 60, '9999-01-01'),
(32, 1, 17, 35, 27, NULL, 55, '9999-01-01'),
(33, 1, 17, 35, 19, NULL, 2, '9999-01-01'),
(34, 1, 17, 35, 40, NULL, 62, '9999-01-01'),
(37, 1, 17, 35, NULL, 1, 61, '9999-01-01'),
(38, 1, 17, 35, 122, NULL, 63, '9999-01-01'),
(39, 1, 17, 35, 123, NULL, 64, '9999-01-01'),
(48, 1, 2, 4, 22, NULL, 23, '9999-01-01'),
(49, 1, 2, 4, 23, NULL, 8, '9999-01-01'),
(50, 1, 2, 4, NULL, NULL, 16, '9999-01-01'),
(53, 1, 2, 4, 125, NULL, 67, '9999-01-01'),
(54, 1, 2, 4, 126, NULL, 19, '9999-01-01'),
(55, 1, 2, 4, 127, NULL, 20, '9999-01-01'),
(58, 1, 2, 4, 5, NULL, 16, '9999-01-01'),
(59, 1, 2, 4, NULL, NULL, 83, '9999-01-01'),
(60, 1, 2, 4, 141, NULL, 84, '9999-01-01'),
(61, 1, 2, 4, NULL, NULL, 85, '9999-01-01'),
(62, 1, 2, 4, NULL, NULL, 86, '9999-01-01'),
(64, 1, 2, 4, NULL, 7, 47, '9999-01-01'),
(65, 1, 2, 4, 6, NULL, 13, '9999-01-01'),
(66, 1, 2, 4, 7, NULL, 36, '9999-01-01'),
(67, 1, 2, 4, 8, NULL, 4, '9999-01-01'),
(68, 1, 2, 4, 10, NULL, 45, '9999-01-01'),
(69, 1, 2, 4, 12, NULL, 30, '9999-01-01'),
(70, 1, 2, 4, 11, NULL, 27, '9999-01-01'),
(71, 1, 2, 4, 13, NULL, 42, '9999-01-01'),
(72, 1, 2, 4, 14, NULL, 35, '9999-01-01'),
(73, 1, 2, 4, 26, NULL, 50, '9999-01-01'),
(74, 1, 2, 4, NULL, 6, 60, '9999-01-01'),
(75, 1, 2, 4, 27, NULL, 55, '9999-01-01'),
(76, 1, 2, 4, 19, NULL, 2, '9999-01-01'),
(77, 1, 2, 4, 40, NULL, 62, '9999-01-01'),
(78, 1, 2, 4, NULL, 1, 61, '9999-01-01'),
(81, 1, 2, 4, 122, NULL, 63, '9999-01-01'),
(82, 1, 2, 4, 123, NULL, 64, '9999-01-01'),
(84, 1, 2, 4, 163, NULL, 47, '9999-01-01'),
(85, 1, 2, 4, 16, NULL, 102, '9999-01-01'),
(86, 1, 2, 4, 17, NULL, 103, '9999-01-01'),
(89, 1, 2, 4, 24, NULL, 49, '9999-01-01'),
(90, 1, 2, 4, 128, NULL, 79, '9999-01-01'),
(91, 1, 2, 4, 129, NULL, 78, '9999-01-01'),
(92, 1, 2, 4, 130, NULL, 77, '9999-01-01'),
(93, 1, 2, 4, 131, NULL, 76, '9999-01-01'),
(96, 1, 2, 4, 132, NULL, 75, '9999-01-01'),
(97, 1, 2, 4, 170, NULL, 108, '9999-01-01'),
(98, 1, 2, 4, 171, NULL, 109, '9999-01-01'),
(104, 1, 2, 4, 133, NULL, 74, '9999-01-01'),
(107, 1, 2, 4, 134, NULL, 73, '9999-01-01'),
(108, 1, 2, 4, 137, NULL, 68, '9999-01-01'),
(109, 1, 2, 4, 135, NULL, 72, '9999-01-01'),
(112, 1, 2, 4, 172, NULL, 110, '9999-01-01'),
(113, 1, 2, 4, 173, NULL, 68, '9999-01-01'),
(114, 1, 2, 4, 174, NULL, 111, '9999-01-01'),
(115, 1, 2, 4, 138, NULL, 69, '9999-01-01'),
(116, 1, 2, 4, 139, NULL, 70, '9999-01-01'),
(117, 1, 2, 4, 175, NULL, 112, '9999-01-01'),
(118, 1, 2, 36, 142, NULL, 88, '9999-01-01'),
(119, 1, 2, 36, 146, NULL, 89, '9999-01-01'),
(120, 1, 2, 36, 151, NULL, 92, '9999-01-01'),
(121, 1, 2, 36, 152, NULL, 93, '9999-01-01'),
(124, 1, 2, 36, 153, NULL, 94, '9999-01-01'),
(125, 1, 2, 36, 24, NULL, 95, '9999-01-01'),
(126, 1, 2, 36, 131, NULL, 113, '9999-01-01'),
(127, 1, 2, 36, 132, NULL, 75, '9999-01-01'),
(128, 1, 2, 36, 133, NULL, 96, '9999-01-01'),
(129, 1, 2, 36, 158, NULL, 97, '9999-01-01'),
(130, 1, 2, 36, 135, NULL, 115, '9999-01-01'),
(131, 1, 2, 36, 159, NULL, 98, '9999-01-01'),
(132, 1, 2, 36, 160, NULL, 99, '9999-01-01'),
(133, 1, 2, 36, 138, NULL, 69, '9999-01-01'),
(136, 1, 37, 40, NULL, NULL, 116, '9999-01-01'),
(139, 1, 37, 40, NULL, NULL, 118, '9999-01-01'),
(140, 1, 37, 40, 125, NULL, 67, '9999-01-01'),
(141, 1, 37, 40, 126, NULL, 19, '9999-01-01'),
(142, 1, 37, 40, 127, NULL, 20, '9999-01-01'),
(143, 1, 17, 35, 9, NULL, 119, '9999-01-01'),
(151, 1, 41, 40, 11, NULL, 120, '9999-01-01'),
(154, 1, 41, 40, NULL, 7, 47, '9999-01-01'),
(150, 1, 41, 40, NULL, 1, 61, '9999-01-01'),
(155, 1, 41, 40, 10, NULL, 121, '9999-01-01'),
(158, 1, 41, 40, 24, NULL, 49, '9999-01-01'),
(159, 1, 41, 40, 128, NULL, 79, '9999-01-01'),
(160, 1, 41, 40, 129, NULL, 78, '9999-01-01'),
(161, 1, 41, 40, 130, NULL, 77, '9999-01-01'),
(162, 1, 41, 40, 131, NULL, 76, '9999-01-01'),
(163, 1, 41, 40, 170, NULL, 108, '9999-01-01'),
(164, 1, 41, 40, 171, NULL, 109, '9999-01-01'),
(165, 1, 41, 40, 127, NULL, 20, '9999-01-01'),
(166, 1, 41, 40, 133, NULL, 74, '9999-01-01'),
(167, 1, 41, 40, 134, NULL, 73, '9999-01-01'),
(168, 1, 41, 40, 205, NULL, 124, '9999-01-01'),
(173, 1, 41, 40, 137, NULL, 68, '9999-01-01'),
(174, 1, 41, 40, 174, NULL, 111, '9999-01-01'),
(175, 1, 41, 40, 139, NULL, 70, '9999-01-01'),
(176, 1, 41, 40, 172, NULL, 125, '9999-01-01'),
(177, 1, 41, 40, 22, NULL, 23, '9999-01-01'),
(178, 1, 41, 40, 23, NULL, 8, '9999-01-01'),
(179, 1, 41, 40, 125, NULL, 67, '9999-01-01'),
(180, 1, 41, 40, 126, NULL, 19, '9999-01-01'),
(184, 1, 41, 40, 17, NULL, 103, '9999-01-01'),
(185, 1, 41, 40, 163, NULL, 47, '9999-01-01'),
(186, 1, 17, 35, NULL, NULL, 126, '9999-01-01'),
(187, 1, 17, 35, NULL, NULL, 127, '9999-01-01'),
(188, 1, 2, 4, NULL, NULL, 128, '9999-01-01'),
(191, 1, 2, 4, NULL, NULL, 129, '9999-01-01'),
(192, 1, 2, 4, NULL, NULL, 130, '9999-01-01'),
(193, 1, 2, 36, NULL, NULL, 131, '9999-01-01');

SELECT pg_catalog.setval('mtr.mtrsq053_vinculacao_checklist', 193, true);

UPDATE mtr.mtrtb053_vinculacao_checklist SET nu_tipo_documento = nu_tipo_documento + 175 WHERE nu_tipo_documento BETWEEN 1 AND 30;
UPDATE mtr.mtrtb053_vinculacao_checklist SET nu_tipo_documento = 207 WHERE nu_tipo_documento = 27;
UPDATE mtr.mtrtb053_vinculacao_checklist SET nu_funcao_documental = 3 WHERE nu_funcao_documental = 2;
UPDATE mtr.mtrtb053_vinculacao_checklist SET nu_funcao_documental = 2 WHERE nu_funcao_documental = 6;
UPDATE mtr.mtrtb053_vinculacao_checklist SET nu_funcao_documental = nu_funcao_documental + 4 WHERE nu_funcao_documental IN (7,8);


-- Tabela: mtr.mtrtb057_opcao_atributo
--

INSERT INTO mtr.mtrtb057_opcao_atributo (nu_opcao_atributo, nu_versao, nu_atributo_extracao, no_value, no_opcao, ic_ativo) VALUES 
(1, 1, 286, 'M', 'Masculino', true),
(2, 1, 286, 'F', 'Feminino', true),
(8, 1, 291, '1', 'ACOUGUEIRO', true),
(9, 1, 291, '2', 'ADMINISTRADOR', true),
(10, 1, 291, '3', 'ADVOGADO', true),
(11, 1, 291, '4', 'ADVOGADO', true),
(12, 1, 291, '5', 'AGENCIADOR DE PROPAGANDA', true),
(13, 1, 291, '6', 'AGENTE ADMINISTRATIVO', true),
(14, 1, 291, '7', 'AGENTE DE SERVICOS FUNERARIOS E EMBALSAMADOR', true),
(15, 1, 291, '8', 'AGENTE DE VIAGEM E GUIA DE TURISMO', true),
(16, 1, 291, '10', 'AGRICULTOR', true),
(17, 1, 291, '11', 'AGRONOMO', true),
(18, 1, 291, '12', 'AGRONOMO', true),
(19, 1, 291, '13', 'ALFAIATE', true),
(20, 1, 291, '14', 'ALFAIATE', true),
(21, 1, 291, '16', 'VENDEDOR DOMICILIO AMBULANTES BANCAS', true),
(22, 1, 291, '17', 'ANALISTA DE SISTEMA', true),
(23, 1, 291, '18', 'ANALISTA DE SISTEMAS', true),
(24, 1, 291, '19', 'APOSENTADO EXCETO FUNCIONARIO PUBLICO', true),
(25, 1, 291, '20', 'ARQUITETO', true),
(26, 1, 291, '21', 'ARQUITETO', true),
(27, 1, 291, '22', 'ARTISTA VISUAL', true),
(28, 1, 291, '25', 'ASSISTENTE SOCIAL', true),
(29, 1, 291, '26', 'ASTRONOMO E METEOROLOGISTA', true),
(30, 1, 291, '27', 'TRABALHADOR RURAL', true),
(31, 1, 291, '28', 'ATIVIDADES RELIGIOSAS', true),
(32, 1, 291, '29', 'ATLETA PROFISSIONAL E TECNICO EM DESPORTOS', true),
(33, 1, 291, '30', 'ATOR', true),
(34, 1, 291, '31', 'ATOR E DIRETOR DE ESPETACULOS PUBLICOS', true),
(35, 1, 291, '32', 'AUXILIAR DE ESCRITORIO E ASSEMELHADOS', true),
(36, 1, 291, '33', 'AUXILIAR DE LABORATORIO', true),
(37, 1, 291, '34', 'AUXILIAR GERAL', true),
(38, 1, 291, '35', 'BABA', true),
(39, 1, 291, '36', 'ARTISTA DE DANCA', true),
(40, 1, 291, '38', 'BANCARIO E ECONOMIARIO', true),
(41, 1, 291, '39', 'BARBEIRO', true),
(42, 1, 291, '40', 'BIBLIOTECARIO ARQUIVISTA MUSEOLOGO E ARQUEOLOGO', true),
(43, 1, 291, '41', 'BIOLOGO E BIOMEDICO', true),
(44, 1, 291, '42', 'BOLSISTA ESTAGIARIO E ASSEMELHADOS', true),
(45, 1, 291, '43', 'BOMBEIRO E INSTALADOR DE GAS AGUA ESGOTO E ASSEMELHADOS', true),
(46, 1, 291, '44', 'ENCANADOR', true),
(47, 1, 291, '45', 'BORDADEIRA', true),
(48, 1, 291, '46', 'BORRACHEIRO', true),
(49, 1, 291, '47', 'CABELEIREIRO(A)', true),
(50, 1, 291, '48', 'CABELEIREIRO BARBEIRO MANICURE PEDICURE MAQUILADOR ESTETICISTA E MASSAGISTA', true),
(51, 1, 291, '49', 'CAMAREIRO(A)', true),
(52, 1, 291, '51', 'CANTOR E COMPOSITOR', true),
(53, 1, 291, '52', 'CANTOR(A)', true),
(54, 1, 291, '53', 'CAPITALISTA RECEBENDO RENDIMENTO DE APLICACAO DE CAPITAL EM ATIVOS FINANCEIROS', true),
(55, 1, 291, '54', 'CARPINTEIRO', true),
(56, 1, 291, '55', 'CARROCEIRO', true),
(57, 1, 291, '56', 'CARTOGRAFO', true),
(58, 1, 291, '57', 'CHEFE INTERMEDIARIO', true),
(59, 1, 291, '58', 'COBRADOR', true),
(60, 1, 291, '59', 'COMANDANTE DE EMBARCACOES', true),
(61, 1, 291, '60', 'COMENTARISTA DE RADIO E TELEVISAO', true),
(62, 1, 291, '62', 'COMISSARIO DE BORDO', true),
(63, 1, 291, '63', 'COMPOSITOR', true),
(64, 1, 291, '64', 'COMUNICOLOGO', true),
(65, 1, 291, '65', 'CONFEITEIRO(A)', true),
(66, 1, 291, '66', 'CONSULTOR', true),
(67, 1, 291, '67', 'CONTADOR', true),
(68, 1, 291, '68', 'CONTADOR', true),
(69, 1, 291, '69', 'CONTRAMESTRE DE EMBARCACOES', true),
(70, 1, 291, '70', 'COREOGRAFO E BAILARINO', true),
(71, 1, 291, '71', 'CORRETOR', true),
(72, 1, 291, '72', 'CORRETOR DE IMOVEIS SEGUROS TITULOS E VALORES', true),
(73, 1, 291, '73', 'COSTUREIRO(A)', true),
(74, 1, 291, '74', 'COZINHEIRO(A)', true),
(75, 1, 291, '75', 'DECORADOR', true),
(76, 1, 291, '76', 'DECORADOR(A)', true),
(77, 1, 291, '77', 'DEDETIZADOR', true),
(78, 1, 291, '78', 'DELEGADO DE POLICIA', true),
(79, 1, 291, '79', 'DEMONSTRADOR', true),
(80, 1, 291, '80', 'ODONTOLOGO', true),
(81, 1, 291, '81', 'DEPOSITOS PCI PAI', true),
(82, 1, 291, '82', 'DESENHISTA', true),
(83, 1, 291, '83', 'DESENHISTA COMERCIAL', true),
(84, 1, 291, '84', 'DESENHISTA INDUSTRIAL', true),
(85, 1, 291, '85', 'DESENHISTA TECNICO', true),
(86, 1, 291, '86', 'DESPACHANTE', true),
(87, 1, 291, '87', 'DESPACHANTE INCLUSIVE O ADUANEIRO', true),
(88, 1, 291, '88', 'TRABALHADOR DOMESTICO', true),
(89, 1, 291, '89', 'DIGITADOR', true),
(90, 1, 291, '90', 'DIPLOMATA', true),
(91, 1, 291, '91', 'DIRETOR DE EMPRESAS', true),
(92, 1, 291, '92', 'DIRETOR DE ESTABELECIMENTO DE ENSINO', true),
(93, 1, 291, '93', 'SOCIO DE EMPRESA', true),
(94, 1, 291, '96', 'ECONOMISTA', true),
(95, 1, 291, '97', 'ECONOMISTA', true),
(96, 1, 291, '98', 'ELETRICISTA', true),
(97, 1, 291, '99', 'ELETRICISTA MANUTENCAO VEICULO AUTO MAQ APARELHOS ELETRICO ELETRONICO E TELECOM', true),
(98, 1, 291, '100', 'ELETRICISTA E ASSEMELHADOS', true),
(99, 1, 291, '101', 'EMPREGADO DOMESTICO', true),
(100, 1, 291, '102', 'EMPRESARIO E PRODUTOR DE ESPETACULOS PUBLICOS', true),
(101, 1, 291, '103', 'ENFERMEIRO(A)', true),
(102, 1, 291, '104', 'ENFERMEIRO E NUTRICIONISTA', true),
(103, 1, 291, '105', 'ENGENHEIRO', true),
(104, 1, 291, '106', 'ENGENHEIRO', true),
(105, 1, 291, '107', 'ESCULTOR PINTOR E ASSEMELHADOS', true),
(106, 1, 291, '108', 'ESPOLIO', true),
(107, 1, 291, '109', 'ESTATISTICO', true),
(108, 1, 291, '110', 'ESTIVADOR CARREGADOR EMBALADOR E ASSEMELHADOS', true),
(109, 1, 291, '111', 'ESTOFADOR', true),
(110, 1, 291, '112', 'FARMACEUTICO', true),
(111, 1, 291, '113', 'FAXINEIRO(A)', true),
(112, 1, 291, '114', 'FEIRANTE', true),
(113, 1, 291, '115', 'FEIRANTE', true),
(114, 1, 291, '117', 'FISCAL', true),
(115, 1, 291, '118', 'FISICO', true),
(116, 1, 291, '119', 'FISIOTERAPEUTA', true),
(117, 1, 291, '120', 'FISIOTERAPEUTA E TERAPEUTA OCUPACIONAL', true),
(118, 1, 291, '121', 'FONOAUDIOLOGO', true),
(119, 1, 291, '122', 'FONOAUDIOLOGO', true),
(120, 1, 291, '123', 'FOTOGRAFO(A)', true),
(121, 1, 291, '124', 'CAMINHONEIRO AUTONOMO', true),
(122, 1, 291, '125', 'FUNCIONARIO PUBLICO CIVIL APOSENTADO', true),
(123, 1, 291, '126', 'GARCOM GARCONETE', true),
(124, 1, 291, '127', 'GARIMPEIRO', true),
(125, 1, 291, '128', 'GEOGRAFO', true),
(126, 1, 291, '129', 'GEOLOGO', true),
(127, 1, 291, '130', 'GEOLOGO', true),
(128, 1, 291, '131', 'GERENTE', true),
(129, 1, 291, '132', 'GOVERNANTA DE HOTEL CAMAREIRO PORTEIRO COZINHEIRO E GARCOM', true),
(130, 1, 291, '133', 'GUIA TURISTICO', true),
(131, 1, 291, '135', 'JARDINEIRO', true),
(132, 1, 291, '136', 'JOALHEIROS E OURIVES', true),
(133, 1, 291, '137', 'JORNALEIRO', true),
(134, 1, 291, '138', 'JORNALISTA', true),
(135, 1, 291, '139', 'JORNALISTA', true),
(136, 1, 291, '140', 'FUNILEIRO', true),
(137, 1, 291, '141', 'LANTERNEIRO E PINTOR DE VEICULOS METALICOS', true),
(138, 1, 291, '142', 'LAVADOR DE VEICULOS', true),
(139, 1, 291, '143', 'LEILOEIRO AVALIADOR E ASSEMELHADOS', true),
(140, 1, 291, '145', 'LOCUTOR E COMENTARISTA DE RADIO E TELEVISAO E RADIALISTA', true),
(141, 1, 291, '146', 'MANICURE', true),
(142, 1, 291, '147', 'CONSERTADOR DE APARELHO ELETRONICO ELETRODOMESTICO', true),
(143, 1, 291, '148', 'MAQUIAGEM', true),
(144, 1, 291, '149', 'MAQUINISTA E FOGUISTA DE EMBARCACOES LOCOMOTIVAS E ASSEMELHADOS', true),
(145, 1, 291, '150', 'MARCENEIRO', true),
(146, 1, 291, '151', 'MARINHEIRO E ASSEMELHADOS', true),
(147, 1, 291, '152', 'ATUARIO E MATEMATICO', true),
(148, 1, 291, '153', 'MECANICO', true),
(149, 1, 291, '154', 'MECANICO DE MANUTENCAO DE VEICULOS AUTOMOTORES E MAQUINAS', true),
(150, 1, 291, '155', 'MECANICO MANUTENCAO MONTADOR PREPARADOR OPERADOR DE MAQ E APARELHOS PROD INDUST', true),
(151, 1, 291, '156', 'MEDICO', true),
(152, 1, 291, '157', 'MEDICO', true),
(153, 1, 291, '158', 'PODER JUDICIARIO MINISTRO DE TRIBUNAL SUPERIOR DESEMBARGADOR E JUIZ', true),
(154, 1, 291, '159', 'PODER LEGISLATIVO SENADOR DEPUTADO FEDERAL DEPUTADO ESTADUAL E VEREADOR', true),
(155, 1, 291, '160', 'PODER EXECUTIVO PRESIDENTE MINISTRO GOVERNADOR SECRETARIO E MEMBROS DO MP', true),
(156, 1, 291, '162', 'MESTRE E CONTRAMESTRE', true),
(157, 1, 291, '164', 'MILITAR EM GERAL', true),
(158, 1, 291, '165', 'MILITAR REFORMADO', true),
(159, 1, 291, '166', 'MODELO', true),
(160, 1, 291, '167', 'MODELO DE MODAS', true),
(161, 1, 291, '171', 'MOTOBOY', true),
(162, 1, 291, '172', 'MOTORISTA', true),
(163, 1, 291, '173', 'MOTORISTA DE VEICULOS DE TRANSPORTE DE CARGA', true),
(164, 1, 291, '174', 'MOTORISTA DE VEICULOS DE TRANSPORTE DE PASSAGEIROS', true),
(165, 1, 291, '175', 'MUSICO', true),
(166, 1, 291, '176', 'MUSICO', true),
(167, 1, 291, '177', 'NUTRICIONISTA', true),
(168, 1, 291, '178', 'OCUPANTE DE CARGO DE DIRECAO E ASSESSORAMENTO INTERMEDIARIO', true),
(169, 1, 291, '179', 'OCUPANTE DE CARGO DE DIRECAO E ASSESSORAMENTO SUPERIOR', true),
(170, 1, 291, '180', 'ODONTOLOGO', true),
(171, 1, 291, '181', 'OFICIAIS DAS FORCAS ARMADAS E FORCAS AUXILIARES', true),
(172, 1, 291, '182', 'OPERADOR DE CAMARA', true),
(173, 1, 291, '183', 'OPERADOR DE CAMERAS DE CINEMA E TELEVISAO', true),
(174, 1, 291, '190', 'OUTROS ESTUDANTES', true),
(175, 1, 291, '199', 'OUTROS TECNICOS', true),
(176, 1, 291, '216', 'PADEIRO', true),
(177, 1, 291, '218', 'PECUARISTA', true),
(178, 1, 291, '219', 'PEDREIRO', true),
(179, 1, 291, '220', 'PENSAO INFORMAL', true),
(180, 1, 291, '221', 'PENSIONISTA', true),
(181, 1, 291, '223', 'PESCADOR', true),
(182, 1, 291, '224', 'PESQUISADOR', true),
(183, 1, 291, '226', 'PILOTO DE AERONAVES', true),
(184, 1, 291, '227', 'PINTOR DE PAREDE', true),
(185, 1, 291, '229', 'PORTEIRO VIGIA', true),
(186, 1, 291, '230', 'PORTEIRO DE EDIFICIO ASCENSORISTA GARAGISTA E FAXINEIRO', true),
(187, 1, 291, '231', 'PROCURADOR E ASSEMELHADOS', true),
(188, 1, 291, '233', 'PROFESSOR(A)', true),
(189, 1, 291, '234', 'PROFESSORES DE ENSINO DE PRIMEIRO E SEGUNDO GRAUS', true),
(190, 1, 291, '235', 'PROFESSORES DE ENSINO SUPERIOR', true),
(191, 1, 291, '236', 'PROFISSIONAIS DE LETRAS E DE ARTES', true),
(192, 1, 291, '237', 'PROGRAMADOR', true),
(193, 1, 291, '238', 'PROMOTOR DE EVENTOS', true),
(194, 1, 291, '239', 'PROPRIETARIO DE ESTABELECIMENTO AGRICOLA DA PECUARIA FLORESTAL', true),
(195, 1, 291, '240', 'PROPRIETARIO DE ESTABELECIMENTO COMERCIAL', true),
(196, 1, 291, '241', 'PROPRIETARIO DE ESTABELECIMENTO DE PRESTACAO DE SERVICOS', true),
(197, 1, 291, '242', 'PROPRIETARIO DE ESTABELECIMENTO INDUSTRIAL', true),
(198, 1, 291, '243', 'PROPRIETARIO DE IMOVEL RECEBENDO RENDIMENTO DE ALUGUEL', true),
(199, 1, 291, '244', 'PROPRIETARIO DE MICROEMPRESA', true),
(200, 1, 291, '245', 'PROTETICO', true),
(201, 1, 291, '246', 'PROTETICO', true),
(202, 1, 291, '247', 'PSICOLOGO', true),
(203, 1, 291, '248', 'PSICOLOGO', true),
(204, 1, 291, '249', 'PUBLICITARIO', true),
(205, 1, 291, '250', 'PUBLICITARIO', true),
(206, 1, 291, '251', 'QUIMICO', true),
(207, 1, 291, '253', 'RELACOES PUBLICAS', true),
(208, 1, 291, '254', 'RELOJOEIRO', true),
(209, 1, 291, '255', 'REPRESENTANTE COMERCIAL', true),
(210, 1, 291, '256', 'SACERDOTES OU MEMBROS DE ORDENS OU SEITAS RELIGIOSAS', true),
(211, 1, 291, '257', 'SACOLEIRA', true),
(212, 1, 291, '259', 'SAPATEIRO', true),
(213, 1, 291, '260', 'SECRETARIO ESTENOGRAFO DATILOGRAFO RECEPCIONISTA TELEFONISTA E ASSEMELHADOS', true),
(214, 1, 291, '261', 'SECURITARIO', true),
(215, 1, 291, '263', 'VIGILANTE E GUARDA DE SEGURANCA', true),
(216, 1, 291, '264', 'SERRALHEIRO', true),
(217, 1, 291, '266', 'SERVENTE', true),
(218, 1, 291, '267', 'SERVENTUARIO DE JUSTICA', true),
(219, 1, 291, '268', 'SERVICOS GERAIS', true),
(220, 1, 291, '269', 'SERVIDOR PUBLICO ESTADUAL', true),
(221, 1, 291, '270', 'SERVIDOR PUBLICO FEDERAL', true),
(222, 1, 291, '271', 'SERVIDOR PUBLICO MUNICIPAL', true),
(223, 1, 291, '272', 'SOCIOLOGO', true),
(224, 1, 291, '273', 'SUPERVISOR INSPETOR E AGENTE DE COMPRAS E VENDAS', true),
(225, 1, 291, '274', 'TABELIAO', true),
(226, 1, 291, '275', 'TAXISTA', true),
(227, 1, 291, '276', 'TECNICO DE BIOLOGIA', true),
(228, 1, 291, '277', 'TECNICO DE CONTABILIDADE E DE ESTATISTICA', true),
(229, 1, 291, '278', 'TECNICO DE ELETRICIDADE ELETRONICA E TELECOMUNICACOES', true),
(230, 1, 291, '279', 'TECNICO DE LABORATORIO E RAIO X', true),
(231, 1, 291, '280', 'TECNICO DE MECANICA', true),
(232, 1, 291, '281', 'TECNICO DE QUIMICA', true),
(233, 1, 291, '282', 'TECNICO EM AGRONOMIA E AGRIMENSURA', true),
(234, 1, 291, '283', 'TECNOLOGO', true),
(235, 1, 291, '284', 'TOPOGRAFO', true),
(236, 1, 291, '285', 'TRABALHADOR AGRICOLA', true),
(237, 1, 291, '286', 'TRABALHADOR DA PECUARIA', true),
(238, 1, 291, '287', 'TRABALHADOR DA PESCA', true),
(239, 1, 291, '288', 'TRABALHADOR DE ARTES GRAFICAS', true),
(240, 1, 291, '289', 'TRABALHADOR DE CONSTRUCAO CIVIL', true),
(241, 1, 291, '290', 'TRABALHADOR DE FABRICACAO DE ARTEFATOS DE MADEIRA', true),
(242, 1, 291, '291', 'TRABALHADOR DE FABRICACAO DE CALCADOS E ARTEFATOS DE COURO', true),
(243, 1, 291, '292', 'TRABALHADOR DE FABRICACAO DE PAPEL E PAPELAO', true),
(244, 1, 291, '293', 'TRABALHADOR DE FABRICACAO DE PRODUTOS DE BORRACHA E PLASTICO', true),
(245, 1, 291, '294', 'TRABALHADOR DE FABRICACAO DE PRODUTOS TEXTEIS EXCETO ROUPAS', true),
(246, 1, 291, '295', 'TRABALHADOR DE FABRICACAO DE ROUPAS', true),
(247, 1, 291, '296', 'TRABALHADOR DE FABRICACAO E PREPARACAO DE ALIMENTOS E BEBIDA', true),
(248, 1, 291, '297', 'TRABALHADOR DE INSTALACOES DE PROCESSAMENTO QUIMICO', true),
(249, 1, 291, '298', 'TRABALHADOR DE TRATAMENTO DE FUMO E DE FABRICACAO DE CIGARROS E CHARUTOS', true),
(250, 1, 291, '299', 'TRABALHADOR DE USINAGEM DE METAIS', true),
(251, 1, 291, '300', 'TRABALHADOR DOS SERVICOS DE CONTABILIDADE DE CAIXA E TRABALHADORES ASSEMELHADOS', true),
(252, 1, 291, '301', 'TRABALHADOR FLORESTAL', true),
(253, 1, 291, '302', 'TRABALHADOR METALURGICO E SIDERURGICO', true),
(254, 1, 291, '303', 'TRATORISTA', true),
(255, 1, 291, '304', 'VENDEDOR DE COMERCIO VAREJISTA E ATACADISTA', true),
(256, 1, 291, '306', 'VENDEDOR PRACISTA REPRESENTANTE COMERCIAL CAIXEIRO VIAJANTE E ASSEMELHADOS', true),
(257, 1, 291, '307', 'VETERINARIO', true),
(258, 1, 291, '308', 'VETERINARIO E ZOOTECNISTA', true),
(259, 1, 291, '309', 'VIGIA', true),
(260, 1, 291, '312', 'ZELADOR', true),
(261, 1, 291, '321', 'TRABALHADORES DOS SERVICOS DE PROTECAO E SEGURANCA EXCETO MILITAR', true),
(262, 1, 291, '334', 'DO LAR', true),
(263, 1, 291, '733', 'ARRENDATARIO', true),
(264, 1, 291, '791', 'SEM OCUPACAO', true),
(265, 1, 291, '799', 'ADMINISTRADOR', true),
(266, 1, 291, '800', 'CUIDADOR DE IDOSOS', true),
(267, 1, 291, '801', 'ESTETICISTA', true),
(268, 1, 291, '802', 'FARMACEUTICO', true),
(269, 1, 291, '803', 'MONTADOR DE MOVEIS', true),
(270, 1, 291, '804', 'MASSAGISTA', true),
(271, 1, 291, '805', 'ATLETA', true),
(272, 1, 291, '806', 'JOALHEIRO E OURIVES', true),
(273, 1, 291, '807', 'MANOBRISTA', true),
(274, 1, 291, '808', 'PODOLOGO', true),
(275, 1, 291, '809', 'VIDRACEIRO', true),
(276, 1, 291, '810', 'ADESTRADOR DE ANIMAIS', true),
(277, 1, 291, '811', 'LIMPADOR DE FACHADAS', true),
(278, 1, 291, '812', 'SOLDADOR', true),
(279, 1, 291, '813', 'LAVADOR E PASSADOR DE ROUPAS', true),
(280, 1, 291, '814', 'CARREGADOR DE MERCADORIAS', true),
(281, 1, 291, '815', 'CERAMISTA', true),
(282, 1, 291, '816', 'BIOMEDICO', true),
(283, 1, 291, '817', 'JORNALEIRO', true),
(284, 1, 291, '818', 'EXTRATIVISTA', true),
(285, 1, 291, '819', 'GESSEIRO', true),
(286, 1, 291, '820', 'ZOOTECNISTA', true),
(287, 1, 291, '821', 'PROFISSIONAL DO SEXO', true),
(288, 1, 291, '822', 'TRADUTOR', true),
(289, 1, 291, '823', 'BIOLOGO', true),
(290, 1, 291, '824', 'ACUPUNTURISTA', true),
(291, 1, 291, '825', 'CHAVEIRO', true),
(292, 1, 291, '826', 'CATADORES DE MATERIAL RECICLAVEL', true),
(293, 1, 291, '827', 'VASSOUREIRO', true),
(294, 1, 291, '828', 'LADRILHEIRO', true),
(295, 1, 291, '829', 'AFIADOR', true),
(296, 1, 291, '830', 'SALVA VIDAS', true),
(297, 1, 291, '831', 'CROCHETEIRO A MAO', true),
(298, 1, 291, '832', 'ALAMBIQUEIRO', true),
(299, 1, 291, '833', 'GANDULA', true),
(300, 1, 291, '834', 'OLEIRO', true),
(301, 1, 291, '835', 'ESOTERICO E PARANORMAL', true),
(302, 1, 291, '836', 'INTERPRETE', true),
(303, 1, 291, '837', 'RAIZEIRO', true),
(304, 1, 291, '838', 'GUARDADOR DE VEICULOS', true),
(305, 1, 291, '841', 'ASTROLOGO E NUMEROLOGO', true),
(306, 1, 291, '842', 'PIPOQUEIRO', true),
(307, 1, 291, '844', 'ARTISTA DE CIRCO', true),
(308, 1, 291, '845', 'QUIROPRAXISTA', true),
(309, 1, 291, '846', 'TELHADOR', true),
(310, 1, 291, '847', 'POETA', true),
(311, 1, 291, '852', 'ENGRAXATE', true),
(312, 1, 291, '854', 'MINHOCULTOR', true),
(313, 1, 291, '875', 'PILOTO DE AERONAVE', true),
(314, 1, 290, '0', 'Não informado', true),
(315, 1, 290, '1', 'Analfabeto', true),
(316, 1, 290, '2', 'Até 4ª série incompleta do Ensino Fundamental', true),
(317, 1, 290, '3', 'Com 4ª série completa do Ensino Fundamental', true),
(318, 1, 290, '4', 'Da 5ª a 8ª série incompleta do Ensino Fundamental', true),
(319, 1, 290, '5', 'Ensino Fundamental Completo', true),
(320, 1, 290, '6', 'Ensino Médio Incompleto', true),
(321, 1, 290, '7', 'Ensino Médio Completo', true),
(322, 1, 290, '8', 'Superior Incompleto', true),
(323, 1, 290, '9', 'Superior Completo', true),
(324, 1, 290, '10', 'Especialização/Pós Graduação', true),
(325, 1, 290, '11', 'Mestrado', true),
(326, 1, 290, '12', 'Doutorado', true),
(327, 1, 288, '0', 'Não informado', true),
(328, 1, 288, '1', 'Solteiro (a)', true),
(329, 1, 288, '2', 'Casado (a)', true),
(330, 1, 288, '3', 'Divorciado (a)', true),
(331, 1, 288, '4', 'Separado (a) Judicialmente', true),
(332, 1, 288, '5', 'Viúvo (a)', true),
(333, 1, 288, '6', 'Com União Estável', true),
(334, 1, 288, '7', 'Casado (a) com comunhão total de bens', true),
(335, 1, 288, '8', 'Casado (a) sem comunhão de bens', true),
(336, 1, 288, '9', 'Casado (a) com comunhão parcial de bens', true);

SELECT pg_catalog.setval('mtr.mtrtb057_opcao_atributo_nu_opcao_atributo_seq', 336, true);

