--
-- TOC entry 7485 (class 0 OID 2025575)
-- Dependencies: 1834
-- Data for Name: mtrtb009_tipo_documento; Type: TABLE DATA; Schema: mtrsm001; Owner: -
--

INSERT INTO mtrtb006_canal (nu_canal, nu_versao, sg_canal, de_canal, co_integracao, ic_canal_caixa) VALUES (1, 1, 'SIPAN', 'SIPAN', 123456789, 'AGE');
INSERT INTO mtrtb006_canal (nu_canal, nu_versao, sg_canal, de_canal, co_integracao, ic_canal_caixa) VALUES (3, 1, 'SIMTRWEB', 'Cliente Web do SIMTR na Intranet', 123123123, 'AGE');

--
-- TOC entry 7485 (class 0 OID 2025575)
-- Dependencies: 1834
-- Data for Name: mtrtb009_tipo_documento; Type: TABLE DATA; Schema: mtrsm001; Owner: -
--
INSERT INTO mtrtb009_tipo_documento (nu_tipo_documento, nu_versao, no_tipo_documento, ic_tipo_pessoa, pz_validade_dias, ic_validade_auto_contida, co_tipologia, no_classe_ged, ic_reuso, ic_processo_administrativo, ic_dossie_digital, ic_apoio_negocio, no_arquivo_minuta, de_tags, ic_validacao_cadastral, ic_validacao_documental) VALUES (6, 1, 'DECLARAÇÃO DE INATIVIDADE DA(S) EMPRESA(S) INATIVA(S)', 'J', NULL, true, '9', NULL, true, false, false, true, NULL, NULL, false, false);
INSERT INTO mtrtb009_tipo_documento (nu_tipo_documento, nu_versao, no_tipo_documento, ic_tipo_pessoa, pz_validade_dias, ic_validade_auto_contida, co_tipologia, no_classe_ged, ic_reuso, ic_processo_administrativo, ic_dossie_digital, ic_apoio_negocio, no_arquivo_minuta, de_tags, ic_validacao_cadastral, ic_validacao_documental) VALUES (10, 1, 'REGISTRO DE EMANCIPAÇÃO', 'F', NULL, false, '14', NULL, true, false, false, true, NULL, NULL, false, false);
INSERT INTO mtrtb009_tipo_documento (nu_tipo_documento, nu_versao, no_tipo_documento, ic_tipo_pessoa, pz_validade_dias, ic_validade_auto_contida, co_tipologia, no_classe_ged, ic_reuso, ic_processo_administrativo, ic_dossie_digital, ic_apoio_negocio, no_arquivo_minuta, de_tags, ic_validacao_cadastral, ic_validacao_documental) VALUES (15, 1, 'PARECER/ANÁLISE DE RISCO DE CRÉDITO EMITIDO PELA CERIS', 'A', NULL, true, '21', NULL, true, false, false, true, NULL, NULL, false, false);
INSERT INTO mtrtb009_tipo_documento (nu_tipo_documento, nu_versao, no_tipo_documento, ic_tipo_pessoa, pz_validade_dias, ic_validade_auto_contida, co_tipologia, no_classe_ged, ic_reuso, ic_processo_administrativo, ic_dossie_digital, ic_apoio_negocio, no_arquivo_minuta, de_tags, ic_validacao_cadastral, ic_validacao_documental) VALUES (16, 1, 'CRV / CRLV', 'A', NULL, true, '27', NULL, true, false, false, true, NULL, NULL, false, false);
INSERT INTO mtrtb009_tipo_documento (nu_tipo_documento, nu_versao, no_tipo_documento, ic_tipo_pessoa, pz_validade_dias, ic_validade_auto_contida, co_tipologia, no_classe_ged, ic_reuso, ic_processo_administrativo, ic_dossie_digital, ic_apoio_negocio, no_arquivo_minuta, de_tags, ic_validacao_cadastral, ic_validacao_documental) VALUES (17, 1, 'NOTA FISCAL', 'A', NULL, true, '28', NULL, true, false, false, true, NULL, NULL, false, false);
INSERT INTO mtrtb009_tipo_documento (nu_tipo_documento, nu_versao, no_tipo_documento, ic_tipo_pessoa, pz_validade_dias, ic_validade_auto_contida, co_tipologia, no_classe_ged, ic_reuso, ic_processo_administrativo, ic_dossie_digital, ic_apoio_negocio, no_arquivo_minuta, de_tags, ic_validacao_cadastral, ic_validacao_documental) VALUES (18, 1, 'RECIBO', 'A', NULL, true, ' ', NULL, true, false, false, true, NULL, NULL, false, false);
INSERT INTO mtrtb009_tipo_documento (nu_tipo_documento, nu_versao, no_tipo_documento, ic_tipo_pessoa, pz_validade_dias, ic_validade_auto_contida, co_tipologia, no_classe_ged, ic_reuso, ic_processo_administrativo, ic_dossie_digital, ic_apoio_negocio, no_arquivo_minuta, de_tags, ic_validacao_cadastral, ic_validacao_documental) VALUES (19, 1, 'LAUDO TÉCNICO DE AVALIAÇÃO DO BEM', 'A', NULL, true, '29', NULL, true, false, false, true, NULL, NULL, false, false);
INSERT INTO mtrtb009_tipo_documento (nu_tipo_documento, nu_versao, no_tipo_documento, ic_tipo_pessoa, pz_validade_dias, ic_validade_auto_contida, co_tipologia, no_classe_ged, ic_reuso, ic_processo_administrativo, ic_dossie_digital, ic_apoio_negocio, no_arquivo_minuta, de_tags, ic_validacao_cadastral, ic_validacao_documental) VALUES (20, 1, 'CERTIDÃO NEGATIVA DE ÔNUS COM OU SEM CADEIA DOMINIAL', 'A', NULL, true, '31', NULL, true, false, false, true, NULL, NULL, false, false);
INSERT INTO mtrtb009_tipo_documento (nu_tipo_documento, nu_versao, no_tipo_documento, ic_tipo_pessoa, pz_validade_dias, ic_validade_auto_contida, co_tipologia, no_classe_ged, ic_reuso, ic_processo_administrativo, ic_dossie_digital, ic_apoio_negocio, no_arquivo_minuta, de_tags, ic_validacao_cadastral, ic_validacao_documental) VALUES (22, 1, 'RESOLUÇÃO EMITIDA PELA ALÇADA COMPETENTE', 'A', NULL, true, '35', NULL, true, false, false, true, NULL, NULL, false, false);
INSERT INTO mtrtb009_tipo_documento (nu_tipo_documento, nu_versao, no_tipo_documento, ic_tipo_pessoa, pz_validade_dias, ic_validade_auto_contida, co_tipologia, no_classe_ged, ic_reuso, ic_processo_administrativo, ic_dossie_digital, ic_apoio_negocio, no_arquivo_minuta, de_tags, ic_validacao_cadastral, ic_validacao_documental) VALUES (23, 1, 'RELATÓRIO SIMULADOR DE ALÇADAS, SE MGE', 'A', NULL, true, '36', NULL, true, false, false, true, NULL, NULL, false, false);
INSERT INTO mtrtb009_tipo_documento (nu_tipo_documento, nu_versao, no_tipo_documento, ic_tipo_pessoa, pz_validade_dias, ic_validade_auto_contida, co_tipologia, no_classe_ged, ic_reuso, ic_processo_administrativo, ic_dossie_digital, ic_apoio_negocio, no_arquivo_minuta, de_tags, ic_validacao_cadastral, ic_validacao_documental) VALUES (24, 1, 'PARECER DA MESA DE NEGÓCIOS, SE MGE', 'A', NULL, false, '37', NULL, true, false, false, true, NULL, NULL, false, false);
INSERT INTO mtrtb009_tipo_documento (nu_tipo_documento, nu_versao, no_tipo_documento, ic_tipo_pessoa, pz_validade_dias, ic_validade_auto_contida, co_tipologia, no_classe_ged, ic_reuso, ic_processo_administrativo, ic_dossie_digital, ic_apoio_negocio, no_arquivo_minuta, de_tags, ic_validacao_cadastral, ic_validacao_documental) VALUES (25, 1, 'PARECER DO JURÍDICO', 'A', NULL, false, '38', NULL, true, false, false, true, NULL, NULL, false, false);
INSERT INTO mtrtb009_tipo_documento (nu_tipo_documento, nu_versao, no_tipo_documento, ic_tipo_pessoa, pz_validade_dias, ic_validade_auto_contida, co_tipologia, no_classe_ged, ic_reuso, ic_processo_administrativo, ic_dossie_digital, ic_apoio_negocio, no_arquivo_minuta, de_tags, ic_validacao_cadastral, ic_validacao_documental) VALUES (26, 1, 'AVALIAÇÃO DE RISCO DE CRÉDITO', 'A', NULL, true, '40', NULL, true, false, false, true, NULL, NULL, false, false);
INSERT INTO mtrtb009_tipo_documento (nu_tipo_documento, nu_versao, no_tipo_documento, ic_tipo_pessoa, pz_validade_dias, ic_validade_auto_contida, co_tipologia, no_classe_ged, ic_reuso, ic_processo_administrativo, ic_dossie_digital, ic_apoio_negocio, no_arquivo_minuta, de_tags, ic_validacao_cadastral, ic_validacao_documental) VALUES (27, 1, 'PROCURAÇÃO', 'A', NULL, true, '41', NULL, true, false, false, true, NULL, NULL, false, false);
INSERT INTO mtrtb009_tipo_documento (nu_tipo_documento, nu_versao, no_tipo_documento, ic_tipo_pessoa, pz_validade_dias, ic_validade_auto_contida, co_tipologia, no_classe_ged, ic_reuso, ic_processo_administrativo, ic_dossie_digital, ic_apoio_negocio, no_arquivo_minuta, de_tags, ic_validacao_cadastral, ic_validacao_documental) VALUES (1, 1, 'DOCUMENTO CONSTITUTIVO', 'J', NULL, false, '1', NULL, true, false, false, true, NULL, NULL, false, false);
INSERT INTO mtrtb009_tipo_documento (nu_tipo_documento, nu_versao, no_tipo_documento, ic_tipo_pessoa, pz_validade_dias, ic_validade_auto_contida, co_tipologia, no_classe_ged, ic_reuso, ic_processo_administrativo, ic_dossie_digital, ic_apoio_negocio, no_arquivo_minuta, de_tags, ic_validacao_cadastral, ic_validacao_documental) VALUES (11, 1, 'MO33102 - DADOS SOBRE EMPREGADOS', 'A', NULL, true, '16', NULL, true, false, false, true, NULL, NULL, false, false);
INSERT INTO mtrtb009_tipo_documento (nu_tipo_documento, nu_versao, no_tipo_documento, ic_tipo_pessoa, pz_validade_dias, ic_validade_auto_contida, co_tipologia, no_classe_ged, ic_reuso, ic_processo_administrativo, ic_dossie_digital, ic_apoio_negocio, no_arquivo_minuta, de_tags, ic_validacao_cadastral, ic_validacao_documental) VALUES (12, 1, 'MO33132 - ATUALIZACAO DE DÍVIDAS PARCELADAS - SCR BACEN', 'A', NULL, false, '17', NULL, true, false, false, true, NULL, NULL, false, false);
INSERT INTO mtrtb009_tipo_documento (nu_tipo_documento, nu_versao, no_tipo_documento, ic_tipo_pessoa, pz_validade_dias, ic_validade_auto_contida, co_tipologia, no_classe_ged, ic_reuso, ic_processo_administrativo, ic_dossie_digital, ic_apoio_negocio, no_arquivo_minuta, de_tags, ic_validacao_cadastral, ic_validacao_documental) VALUES (13, 1, 'MO33350 - FICHA DE INFORMAÇÕES E PROPOSTA DE CARTÃO DE CRÉDITO', 'A', NULL, true, '18', NULL, true, false, false, true, NULL, NULL, false, false);
INSERT INTO mtrtb009_tipo_documento (nu_tipo_documento, nu_versao, no_tipo_documento, ic_tipo_pessoa, pz_validade_dias, ic_validade_auto_contida, co_tipologia, no_classe_ged, ic_reuso, ic_processo_administrativo, ic_dossie_digital, ic_apoio_negocio, no_arquivo_minuta, de_tags, ic_validacao_cadastral, ic_validacao_documental) VALUES (14, 1, 'MO33533 - LEVANTAMENTO SOCIOECONOMICO MICROCRÉDITO PRODUTIVO ORIENTADO CAIXA', 'A', NULL, true, '19', NULL, true, false, false, true, NULL, NULL, false, false);
INSERT INTO mtrtb009_tipo_documento (nu_tipo_documento, nu_versao, no_tipo_documento, ic_tipo_pessoa, pz_validade_dias, ic_validade_auto_contida, co_tipologia, no_classe_ged, ic_reuso, ic_processo_administrativo, ic_dossie_digital, ic_apoio_negocio, no_arquivo_minuta, de_tags, ic_validacao_cadastral, ic_validacao_documental) VALUES (34, 1, 'MO33045 - DADOS COMPLEMENTARES PESSOA FISICA', 'F', NULL, false, '34', NULL, true, false, false, true, NULL, NULL, false, false);
INSERT INTO mtrtb009_tipo_documento (nu_tipo_documento, nu_versao, no_tipo_documento, ic_tipo_pessoa, pz_validade_dias, ic_validade_auto_contida, co_tipologia, no_classe_ged, ic_reuso, ic_processo_administrativo, ic_dossie_digital, ic_apoio_negocio, no_arquivo_minuta, de_tags, ic_validacao_cadastral, ic_validacao_documental) VALUES (3, 1, 'MO33301 - TERMO DE CONFERÊNCIA DE AUTENTICIDADE DA DOCUMENTAÇÃO', NULL, NULL, true, '3', NULL, true, false, false, true, NULL, NULL, false, false);
INSERT INTO mtrtb009_tipo_documento (nu_tipo_documento, nu_versao, no_tipo_documento, ic_tipo_pessoa, pz_validade_dias, ic_validade_auto_contida, co_tipologia, no_classe_ged, ic_reuso, ic_processo_administrativo, ic_dossie_digital, ic_apoio_negocio, no_arquivo_minuta, de_tags, ic_validacao_cadastral, ic_validacao_documental) VALUES (4, 1, 'MO33100 - ROTEIRO DE VISITA', NULL, NULL, true, '4', NULL, true, false, false, true, NULL, NULL, false, false);
INSERT INTO mtrtb009_tipo_documento (nu_tipo_documento, nu_versao, no_tipo_documento, ic_tipo_pessoa, pz_validade_dias, ic_validade_auto_contida, co_tipologia, no_classe_ged, ic_reuso, ic_processo_administrativo, ic_dossie_digital, ic_apoio_negocio, no_arquivo_minuta, de_tags, ic_validacao_cadastral, ic_validacao_documental) VALUES (5, 1, 'MO33355 - DEFINIÇÃO DO CONGLOMERADO', NULL, NULL, true, '7', NULL, true, false, false, true, NULL, NULL, false, false);
INSERT INTO mtrtb009_tipo_documento (nu_tipo_documento, nu_versao, no_tipo_documento, ic_tipo_pessoa, pz_validade_dias, ic_validade_auto_contida, co_tipologia, no_classe_ged, ic_reuso, ic_processo_administrativo, ic_dossie_digital, ic_apoio_negocio, no_arquivo_minuta, de_tags, ic_validacao_cadastral, ic_validacao_documental) VALUES (33, 1, 'DECLARAÇÃO DE IMPOSTO DE RENDA PF', 'F', NULL, false, '33', NULL, true, false, false, true, NULL, NULL, false, false);
INSERT INTO mtrtb009_tipo_documento (nu_tipo_documento, nu_versao, no_tipo_documento, ic_tipo_pessoa, pz_validade_dias, ic_validade_auto_contida, co_tipologia, no_classe_ged, ic_reuso, ic_processo_administrativo, ic_dossie_digital, ic_apoio_negocio, no_arquivo_minuta, de_tags, ic_validacao_cadastral, ic_validacao_documental) VALUES (21, 1, 'LAUDO DE AVALIAÇÃO DO IMÓVEL', 'A', NULL, true, '32', NULL, true, false, false, true, NULL, NULL, false, false);
INSERT INTO mtrtb009_tipo_documento (nu_tipo_documento, nu_versao, no_tipo_documento, ic_tipo_pessoa, pz_validade_dias, ic_validade_auto_contida, co_tipologia, no_classe_ged, ic_reuso, ic_processo_administrativo, ic_dossie_digital, ic_apoio_negocio, no_arquivo_minuta, de_tags, ic_validacao_cadastral, ic_validacao_documental) VALUES (2, 1, 'DECLARAÇÃO DE IMPOSTO DE RENDA PJ', 'J', 365, false, '2', NULL, true, false, false, true, NULL, NULL, false, false);
INSERT INTO mtrtb009_tipo_documento (nu_tipo_documento, nu_versao, no_tipo_documento, ic_tipo_pessoa, pz_validade_dias, ic_validade_auto_contida, co_tipologia, no_classe_ged, ic_reuso, ic_processo_administrativo, ic_dossie_digital, ic_apoio_negocio, no_arquivo_minuta, de_tags, ic_validacao_cadastral, ic_validacao_documental) VALUES (41, 1, 'TERMO DE ADESÃO A CESTA', 'A', NULL, false, NULL, 'TERMO_ADESAO', true, false, true, false, 'termo_adesao', NULL, false, false);
INSERT INTO mtrtb009_tipo_documento (nu_tipo_documento, nu_versao, no_tipo_documento, ic_tipo_pessoa, pz_validade_dias, ic_validade_auto_contida, co_tipologia, no_classe_ged, ic_reuso, ic_processo_administrativo, ic_dossie_digital, ic_apoio_negocio, no_arquivo_minuta, de_tags, ic_validacao_cadastral, ic_validacao_documental) VALUES (35, 1, 'DADOS DECLARADOS', 'F', 365, false, NULL, 'DADOS_DECLARADOS', true, false, true, false, 'dados_declarados', NULL, false, false);
INSERT INTO mtrtb009_tipo_documento (nu_tipo_documento, nu_versao, no_tipo_documento, ic_tipo_pessoa, pz_validade_dias, ic_validade_auto_contida, co_tipologia, no_classe_ged, ic_reuso, ic_processo_administrativo, ic_dossie_digital, ic_apoio_negocio, no_arquivo_minuta, de_tags, ic_validacao_cadastral, ic_validacao_documental) VALUES (40, 1, 'CONTRATO DE RELACIONAMENTO', 'A', NULL, false, '0003000100030001', 'CONTRATO_RELACIONAMENTO', true, false, true, false, 'contrato_relacionamento', NULL, false, false);
INSERT INTO mtrtb009_tipo_documento (nu_tipo_documento, nu_versao, no_tipo_documento, ic_tipo_pessoa, pz_validade_dias, ic_validade_auto_contida, co_tipologia, no_classe_ged, ic_reuso, ic_processo_administrativo, ic_dossie_digital, ic_apoio_negocio, no_arquivo_minuta, de_tags, ic_validacao_cadastral, ic_validacao_documental) VALUES (44, 1, 'DEMONSTRATIVO PAGAMENTO', 'F', 90, false, NULL, 'DEMONSTRATIVO_PAGAMENTO', true, false, true, false, NULL, NULL, false, false);
INSERT INTO mtrtb009_tipo_documento (nu_tipo_documento, nu_versao, no_tipo_documento, ic_tipo_pessoa, pz_validade_dias, ic_validade_auto_contida, co_tipologia, no_classe_ged, ic_reuso, ic_processo_administrativo, ic_dossie_digital, ic_apoio_negocio, no_arquivo_minuta, de_tags, ic_validacao_cadastral, ic_validacao_documental) VALUES (43, 1, 'DOCUMENTO DE CONCESSIONARIA', 'A', 90, false, NULL, 'DOCUMENTO_CONCESSIONARIA', true, false, true, false, NULL, NULL, false, false);
INSERT INTO mtrtb009_tipo_documento (nu_tipo_documento, nu_versao, no_tipo_documento, ic_tipo_pessoa, pz_validade_dias, ic_validade_auto_contida, co_tipologia, no_classe_ged, ic_reuso, ic_processo_administrativo, ic_dossie_digital, ic_apoio_negocio, no_arquivo_minuta, de_tags, ic_validacao_cadastral, ic_validacao_documental) VALUES (42, 1, 'CARTÃO DE ASSINATURA', 'A', NULL, false, NULL, 'CARTAO_ASSINATURA', true, false, true, false, NULL, NULL, false, false);
INSERT INTO mtrtb009_tipo_documento (nu_tipo_documento, nu_versao, no_tipo_documento, ic_tipo_pessoa, pz_validade_dias, ic_validade_auto_contida, co_tipologia, no_classe_ged, ic_reuso, ic_processo_administrativo, ic_dossie_digital, ic_apoio_negocio, no_arquivo_minuta, de_tags, ic_validacao_cadastral, ic_validacao_documental) VALUES (36, 1, 'CONSULTA_CADASTRAL', 'F', 2, false, NULL, 'CONSULTA_CADASTRAL', true, false, true, false, NULL, NULL, false, false);
INSERT INTO mtrtb009_tipo_documento (nu_tipo_documento, nu_versao, no_tipo_documento, ic_tipo_pessoa, pz_validade_dias, ic_validade_auto_contida, co_tipologia, no_classe_ged, ic_reuso, ic_processo_administrativo, ic_dossie_digital, ic_apoio_negocio, no_arquivo_minuta, de_tags, ic_validacao_cadastral, ic_validacao_documental) VALUES (7, 1, 'DOCUMENTO DE IDENTIDADE', 'F', 3650, false, '0001000100020005', 'CARTEIRA_IDENTIDADE', true, false, true, true, NULL, NULL, false, false);
INSERT INTO mtrtb009_tipo_documento (nu_tipo_documento, nu_versao, no_tipo_documento, ic_tipo_pessoa, pz_validade_dias, ic_validade_auto_contida, co_tipologia, no_classe_ged, ic_reuso, ic_processo_administrativo, ic_dossie_digital, ic_apoio_negocio, no_arquivo_minuta, de_tags, ic_validacao_cadastral, ic_validacao_documental) VALUES (8, 1, 'CPF', 'F', NULL, false, '13', NULL, true, false, false, true, NULL, NULL, false, false);
INSERT INTO mtrtb009_tipo_documento (nu_tipo_documento, nu_versao, no_tipo_documento, ic_tipo_pessoa, pz_validade_dias, ic_validade_auto_contida, co_tipologia, no_classe_ged, ic_reuso, ic_processo_administrativo, ic_dossie_digital, ic_apoio_negocio, no_arquivo_minuta, de_tags, ic_validacao_cadastral, ic_validacao_documental) VALUES (30, 1, 'FATURA CARTÃO DE CRÉDITO', 'A', NULL, true, NULL, 'DOCUMENTO_CONCESSIONARIA', true, false, false, true, NULL, NULL, false, false);
INSERT INTO mtrtb009_tipo_documento (nu_tipo_documento, nu_versao, no_tipo_documento, ic_tipo_pessoa, pz_validade_dias, ic_validade_auto_contida, co_tipologia, no_classe_ged, ic_reuso, ic_processo_administrativo, ic_dossie_digital, ic_apoio_negocio, no_arquivo_minuta, de_tags, ic_validacao_cadastral, ic_validacao_documental) VALUES (28, 1, 'CONTA DE ÁGUA', 'A', 90, false, NULL, 'DOCUMENTO_CONCESSIONARIA', true, false, false, true, NULL, NULL, false, false);
INSERT INTO mtrtb009_tipo_documento (nu_tipo_documento, nu_versao, no_tipo_documento, ic_tipo_pessoa, pz_validade_dias, ic_validade_auto_contida, co_tipologia, no_classe_ged, ic_reuso, ic_processo_administrativo, ic_dossie_digital, ic_apoio_negocio, no_arquivo_minuta, de_tags, ic_validacao_cadastral, ic_validacao_documental) VALUES (29, 1, 'CONTA DE ENERGIA', 'A', 90, false, NULL, 'DOCUMENTO_CONCESSIONARIA', true, false, false, true, NULL, NULL, false, false);
INSERT INTO mtrtb009_tipo_documento (nu_tipo_documento, nu_versao, no_tipo_documento, ic_tipo_pessoa, pz_validade_dias, ic_validade_auto_contida, co_tipologia, no_classe_ged, ic_reuso, ic_processo_administrativo, ic_dossie_digital, ic_apoio_negocio, no_arquivo_minuta, de_tags, ic_validacao_cadastral, ic_validacao_documental) VALUES (31, 1, 'MO33045 - DADOS COMPLEMENTARES PESSOA JURÍDICA', 'J', NULL, true, '46', NULL, true, false, false, true, NULL, NULL, false, false);
INSERT INTO mtrtb009_tipo_documento (nu_tipo_documento, nu_versao, no_tipo_documento, ic_tipo_pessoa, pz_validade_dias, ic_validade_auto_contida, co_tipologia, no_classe_ged, ic_reuso, ic_processo_administrativo, ic_dossie_digital, ic_apoio_negocio, no_arquivo_minuta, de_tags, ic_validacao_cadastral, ic_validacao_documental) VALUES (32, 1, 'CONTRACHEQUE', 'F', 90, false, '0001000100030009', 'DEMONSTRATIVO_PAGAMENTO', true, false, false, true, NULL, NULL, false, false);
INSERT INTO mtrtb009_tipo_documento (nu_tipo_documento, nu_versao, no_tipo_documento, ic_tipo_pessoa, pz_validade_dias, ic_validade_auto_contida, co_tipologia, no_classe_ged, ic_reuso, ic_processo_administrativo, ic_dossie_digital, ic_apoio_negocio, no_arquivo_minuta, de_tags, ic_validacao_cadastral, ic_validacao_documental) VALUES (152, 1, 'ADITIVO CONTRATUAL', 'A', NULL, false, NULL, 'ADITIVO_CONTRATUAL', false, true, false, false, NULL, NULL, false, false);
INSERT INTO mtrtb009_tipo_documento (nu_tipo_documento, nu_versao, no_tipo_documento, ic_tipo_pessoa, pz_validade_dias, ic_validade_auto_contida, co_tipologia, no_classe_ged, ic_reuso, ic_processo_administrativo, ic_dossie_digital, ic_apoio_negocio, no_arquivo_minuta, de_tags, ic_validacao_cadastral, ic_validacao_documental) VALUES (153, 1, 'ATA', 'A', NULL, false, NULL, 'ATA', false, true, false, false, NULL, NULL, false, false);
INSERT INTO mtrtb009_tipo_documento (nu_tipo_documento, nu_versao, no_tipo_documento, ic_tipo_pessoa, pz_validade_dias, ic_validade_auto_contida, co_tipologia, no_classe_ged, ic_reuso, ic_processo_administrativo, ic_dossie_digital, ic_apoio_negocio, no_arquivo_minuta, de_tags, ic_validacao_cadastral, ic_validacao_documental) VALUES (154, 1, 'ATA DE REGISTO DE PREÇO', 'A', NULL, false, NULL, 'ATA_REGISTRO_PRECO', false, true, false, false, NULL, NULL, false, false);
INSERT INTO mtrtb009_tipo_documento (nu_tipo_documento, nu_versao, no_tipo_documento, ic_tipo_pessoa, pz_validade_dias, ic_validade_auto_contida, co_tipologia, no_classe_ged, ic_reuso, ic_processo_administrativo, ic_dossie_digital, ic_apoio_negocio, no_arquivo_minuta, de_tags, ic_validacao_cadastral, ic_validacao_documental) VALUES (155, 1, 'ATESTE', 'A', NULL, false, NULL, 'ATESTE', false, true, false, false, NULL, NULL, false, false);
INSERT INTO mtrtb009_tipo_documento (nu_tipo_documento, nu_versao, no_tipo_documento, ic_tipo_pessoa, pz_validade_dias, ic_validade_auto_contida, co_tipologia, no_classe_ged, ic_reuso, ic_processo_administrativo, ic_dossie_digital, ic_apoio_negocio, no_arquivo_minuta, de_tags, ic_validacao_cadastral, ic_validacao_documental) VALUES (156, 1, 'COMUNICAÇÃO ELETRÔNICA', 'A', NULL, false, NULL, 'COMUNICACAO_ELETRONICA', false, true, false, false, NULL, NULL, false, false);
INSERT INTO mtrtb009_tipo_documento (nu_tipo_documento, nu_versao, no_tipo_documento, ic_tipo_pessoa, pz_validade_dias, ic_validade_auto_contida, co_tipologia, no_classe_ged, ic_reuso, ic_processo_administrativo, ic_dossie_digital, ic_apoio_negocio, no_arquivo_minuta, de_tags, ic_validacao_cadastral, ic_validacao_documental) VALUES (157, 1, 'COMUNICAÇÃO INTERNA', 'A', NULL, false, NULL, 'COMUNICACAO_INTERNA', false, true, false, false, NULL, NULL, false, false);
INSERT INTO mtrtb009_tipo_documento (nu_tipo_documento, nu_versao, no_tipo_documento, ic_tipo_pessoa, pz_validade_dias, ic_validade_auto_contida, co_tipologia, no_classe_ged, ic_reuso, ic_processo_administrativo, ic_dossie_digital, ic_apoio_negocio, no_arquivo_minuta, de_tags, ic_validacao_cadastral, ic_validacao_documental) VALUES (158, 1, 'CONTRATO', 'A', NULL, false, NULL, 'CONTRATO', false, true, false, false, NULL, NULL, false, false);
INSERT INTO mtrtb009_tipo_documento (nu_tipo_documento, nu_versao, no_tipo_documento, ic_tipo_pessoa, pz_validade_dias, ic_validade_auto_contida, co_tipologia, no_classe_ged, ic_reuso, ic_processo_administrativo, ic_dossie_digital, ic_apoio_negocio, no_arquivo_minuta, de_tags, ic_validacao_cadastral, ic_validacao_documental) VALUES (159, 1, 'DECLARAÇÃO DE EXECUÇÃO CONTRATUAL', 'A', NULL, false, NULL, 'DEC', false, true, false, false, NULL, NULL, false, false);
INSERT INTO mtrtb009_tipo_documento (nu_tipo_documento, nu_versao, no_tipo_documento, ic_tipo_pessoa, pz_validade_dias, ic_validade_auto_contida, co_tipologia, no_classe_ged, ic_reuso, ic_processo_administrativo, ic_dossie_digital, ic_apoio_negocio, no_arquivo_minuta, de_tags, ic_validacao_cadastral, ic_validacao_documental) VALUES (160, 1, 'DIARIO OFICIAL DA UNIÃO', 'A', NULL, false, NULL, 'DIARIO_OFICIAL_UNIAO', false, true, false, false, NULL, NULL, false, false);
INSERT INTO mtrtb009_tipo_documento (nu_tipo_documento, nu_versao, no_tipo_documento, ic_tipo_pessoa, pz_validade_dias, ic_validade_auto_contida, co_tipologia, no_classe_ged, ic_reuso, ic_processo_administrativo, ic_dossie_digital, ic_apoio_negocio, no_arquivo_minuta, de_tags, ic_validacao_cadastral, ic_validacao_documental) VALUES (161, 1, 'DOCUMENTOS DIVERSOS', 'A', NULL, false, NULL, 'ANEXOS', false, true, false, false, NULL, NULL, false, false);
INSERT INTO mtrtb009_tipo_documento (nu_tipo_documento, nu_versao, no_tipo_documento, ic_tipo_pessoa, pz_validade_dias, ic_validade_auto_contida, co_tipologia, no_classe_ged, ic_reuso, ic_processo_administrativo, ic_dossie_digital, ic_apoio_negocio, no_arquivo_minuta, de_tags, ic_validacao_cadastral, ic_validacao_documental) VALUES (162, 1, 'EDITAL', 'A', NULL, false, NULL, 'EDITAL', false, true, false, false, NULL, NULL, false, false);
INSERT INTO mtrtb009_tipo_documento (nu_tipo_documento, nu_versao, no_tipo_documento, ic_tipo_pessoa, pz_validade_dias, ic_validade_auto_contida, co_tipologia, no_classe_ged, ic_reuso, ic_processo_administrativo, ic_dossie_digital, ic_apoio_negocio, no_arquivo_minuta, de_tags, ic_validacao_cadastral, ic_validacao_documental) VALUES (163, 1, 'GARANTIA', 'A', NULL, false, NULL, 'GARANTIA', false, true, false, false, NULL, NULL, false, false);
INSERT INTO mtrtb009_tipo_documento (nu_tipo_documento, nu_versao, no_tipo_documento, ic_tipo_pessoa, pz_validade_dias, ic_validade_auto_contida, co_tipologia, no_classe_ged, ic_reuso, ic_processo_administrativo, ic_dossie_digital, ic_apoio_negocio, no_arquivo_minuta, de_tags, ic_validacao_cadastral, ic_validacao_documental) VALUES (164, 1, 'NOTA FISCAL', 'A', NULL, false, NULL, 'NOTA_FISCAL', false, true, false, false, NULL, NULL, false, false);
INSERT INTO mtrtb009_tipo_documento (nu_tipo_documento, nu_versao, no_tipo_documento, ic_tipo_pessoa, pz_validade_dias, ic_validade_auto_contida, co_tipologia, no_classe_ged, ic_reuso, ic_processo_administrativo, ic_dossie_digital, ic_apoio_negocio, no_arquivo_minuta, de_tags, ic_validacao_cadastral, ic_validacao_documental) VALUES (165, 1, 'NOTA JURIDICA', 'A', NULL, false, NULL, 'NOTA_JURIDICA', false, true, false, false, NULL, NULL, false, false);
INSERT INTO mtrtb009_tipo_documento (nu_tipo_documento, nu_versao, no_tipo_documento, ic_tipo_pessoa, pz_validade_dias, ic_validade_auto_contida, co_tipologia, no_classe_ged, ic_reuso, ic_processo_administrativo, ic_dossie_digital, ic_apoio_negocio, no_arquivo_minuta, de_tags, ic_validacao_cadastral, ic_validacao_documental) VALUES (166, 1, 'NOTA TECNICA', 'A', NULL, false, NULL, 'NOTA_TECNICA', false, true, false, false, NULL, NULL, false, false);
INSERT INTO mtrtb009_tipo_documento (nu_tipo_documento, nu_versao, no_tipo_documento, ic_tipo_pessoa, pz_validade_dias, ic_validade_auto_contida, co_tipologia, no_classe_ged, ic_reuso, ic_processo_administrativo, ic_dossie_digital, ic_apoio_negocio, no_arquivo_minuta, de_tags, ic_validacao_cadastral, ic_validacao_documental) VALUES (167, 1, 'OFICIO', 'A', NULL, false, NULL, 'OFICIO', false, true, false, false, NULL, NULL, false, false);
INSERT INTO mtrtb009_tipo_documento (nu_tipo_documento, nu_versao, no_tipo_documento, ic_tipo_pessoa, pz_validade_dias, ic_validade_auto_contida, co_tipologia, no_classe_ged, ic_reuso, ic_processo_administrativo, ic_dossie_digital, ic_apoio_negocio, no_arquivo_minuta, de_tags, ic_validacao_cadastral, ic_validacao_documental) VALUES (168, 1, 'ORDEM DE FORNECIMENTO', 'A', NULL, false, NULL, 'ORDEM_DE_FORNECIMENTO', false, true, false, false, NULL, NULL, false, false);
INSERT INTO mtrtb009_tipo_documento (nu_tipo_documento, nu_versao, no_tipo_documento, ic_tipo_pessoa, pz_validade_dias, ic_validade_auto_contida, co_tipologia, no_classe_ged, ic_reuso, ic_processo_administrativo, ic_dossie_digital, ic_apoio_negocio, no_arquivo_minuta, de_tags, ic_validacao_cadastral, ic_validacao_documental) VALUES (169, 1, 'PARECER', 'A', NULL, false, NULL, 'PARECER', false, true, false, false, NULL, NULL, false, false);
INSERT INTO mtrtb009_tipo_documento (nu_tipo_documento, nu_versao, no_tipo_documento, ic_tipo_pessoa, pz_validade_dias, ic_validade_auto_contida, co_tipologia, no_classe_ged, ic_reuso, ic_processo_administrativo, ic_dossie_digital, ic_apoio_negocio, no_arquivo_minuta, de_tags, ic_validacao_cadastral, ic_validacao_documental) VALUES (170, 1, 'PLANILHA DE CUSTOS', 'A', NULL, false, NULL, 'PLANILHA_DE_CUSTOS', false, true, false, false, NULL, NULL, false, false);
INSERT INTO mtrtb009_tipo_documento (nu_tipo_documento, nu_versao, no_tipo_documento, ic_tipo_pessoa, pz_validade_dias, ic_validade_auto_contida, co_tipologia, no_classe_ged, ic_reuso, ic_processo_administrativo, ic_dossie_digital, ic_apoio_negocio, no_arquivo_minuta, de_tags, ic_validacao_cadastral, ic_validacao_documental) VALUES (171, 1, 'PROCURACAO', 'A', NULL, false, NULL, 'PROCURACAO', false, true, false, false, NULL, NULL, false, false);
INSERT INTO mtrtb009_tipo_documento (nu_tipo_documento, nu_versao, no_tipo_documento, ic_tipo_pessoa, pz_validade_dias, ic_validade_auto_contida, co_tipologia, no_classe_ged, ic_reuso, ic_processo_administrativo, ic_dossie_digital, ic_apoio_negocio, no_arquivo_minuta, de_tags, ic_validacao_cadastral, ic_validacao_documental) VALUES (172, 1, 'RECURSO', 'A', NULL, false, NULL, 'RECURSO', false, true, false, false, NULL, NULL, false, false);
INSERT INTO mtrtb009_tipo_documento (nu_tipo_documento, nu_versao, no_tipo_documento, ic_tipo_pessoa, pz_validade_dias, ic_validade_auto_contida, co_tipologia, no_classe_ged, ic_reuso, ic_processo_administrativo, ic_dossie_digital, ic_apoio_negocio, no_arquivo_minuta, de_tags, ic_validacao_cadastral, ic_validacao_documental) VALUES (9, 1, 'CNH', 'F', NULL, true, '0001000100020007', 'CNH', true, false, true, true, NULL, NULL, false, false);

--
-- TOC entry 7487 (class 0 OID 2025583)
-- Dependencies: 1836
-- Data for Name: mtrtb010_funcao_documental; Type: TABLE DATA; Schema: mtrsm001; Owner: -
--
INSERT INTO mtrtb010_funcao_documental (nu_funcao_documental, nu_versao, no_funcao) VALUES (1, 1, 'DOCUMENTO DE IDENTIFICAÇÃO');
INSERT INTO mtrtb010_funcao_documental (nu_funcao_documental, nu_versao, no_funcao) VALUES (3, 1, 'COMPROVANTE DE RENDA');
INSERT INTO mtrtb010_funcao_documental (nu_funcao_documental, nu_versao, no_funcao) VALUES (4, 1, 'DOCUMENTO DE CONSTITUIÇÃO DA EMPRESA');
INSERT INTO mtrtb010_funcao_documental (nu_funcao_documental, nu_versao, no_funcao) VALUES (5, 1, 'COMPROVANTE DE POSSE DO IMÓVEL');
INSERT INTO mtrtb010_funcao_documental (nu_funcao_documental, nu_versao, no_funcao) VALUES (6, 1, 'PROCURAÇÃO');
INSERT INTO mtrtb010_funcao_documental (nu_funcao_documental, nu_versao, no_funcao) VALUES (7, 1, 'DECLARACAO ATIVIDADE FISCAL PJ');
INSERT INTO mtrtb010_funcao_documental (nu_funcao_documental, nu_versao, no_funcao) VALUES (2, 1, 'COMPROVANTE DE ENDEREÇO');

--
-- TOC entry 7546 (class 0 OID 2025756)
-- Dependencies: 1895
-- Data for Name: mtrtb011_funcao_documento; Type: TABLE DATA; Schema: mtrsm001; Owner: -
--
INSERT INTO mtrtb011_funcao_documento (nu_tipo_documento, nu_funcao_documental) VALUES (1, 4);
INSERT INTO mtrtb011_funcao_documento (nu_tipo_documento, nu_funcao_documental) VALUES (7, 1);
INSERT INTO mtrtb011_funcao_documento (nu_tipo_documento, nu_funcao_documental) VALUES (9, 1);
INSERT INTO mtrtb011_funcao_documento (nu_tipo_documento, nu_funcao_documental) VALUES (28, 2);
INSERT INTO mtrtb011_funcao_documento (nu_tipo_documento, nu_funcao_documental) VALUES (29, 2);
INSERT INTO mtrtb011_funcao_documento (nu_tipo_documento, nu_funcao_documental) VALUES (30, 2);
INSERT INTO mtrtb011_funcao_documento (nu_tipo_documento, nu_funcao_documental) VALUES (32, 3);
INSERT INTO mtrtb011_funcao_documento (nu_tipo_documento, nu_funcao_documental) VALUES (2, 7);
INSERT INTO mtrtb011_funcao_documento (nu_tipo_documento, nu_funcao_documental) VALUES (6, 7);
INSERT INTO mtrtb011_funcao_documento (nu_tipo_documento, nu_funcao_documental) VALUES (43, 2);
INSERT INTO mtrtb011_funcao_documento (nu_tipo_documento, nu_funcao_documental) VALUES (44, 3);

--
-- TOC entry 7489 (class 0 OID 2025588)
-- Dependencies: 1838
-- Data for Name: mtrtb012_tipo_situacao_dossie; Type: TABLE DATA; Schema: mtrsm001; Owner: -
--
INSERT INTO mtrtb012_tipo_situacao_dossie (nu_tipo_situacao_dossie, nu_versao, no_tipo_situacao, ic_resumo, ic_fila_tratamento, ic_produtividade, ic_tipo_inicial, ic_tipo_final) VALUES (1, 1, 'Rascunho', true, false, true, true, false);
INSERT INTO mtrtb012_tipo_situacao_dossie (nu_tipo_situacao_dossie, nu_versao, no_tipo_situacao, ic_resumo, ic_fila_tratamento, ic_produtividade, ic_tipo_inicial, ic_tipo_final) VALUES (2, 1, 'Criado', true, false, true, false, false);
INSERT INTO mtrtb012_tipo_situacao_dossie (nu_tipo_situacao_dossie, nu_versao, no_tipo_situacao, ic_resumo, ic_fila_tratamento, ic_produtividade, ic_tipo_inicial, ic_tipo_final) VALUES (3, 1, 'Aguardando Tratamento', true, true, true, false, false);
INSERT INTO mtrtb012_tipo_situacao_dossie (nu_tipo_situacao_dossie, nu_versao, no_tipo_situacao, ic_resumo, ic_fila_tratamento, ic_produtividade, ic_tipo_inicial, ic_tipo_final) VALUES (4, 1, 'Em Tratamento', true, false, true, false, false);
INSERT INTO mtrtb012_tipo_situacao_dossie (nu_tipo_situacao_dossie, nu_versao, no_tipo_situacao, ic_resumo, ic_fila_tratamento, ic_produtividade, ic_tipo_inicial, ic_tipo_final) VALUES (5, 1, 'Conforme', true, false, true, false, false);
INSERT INTO mtrtb012_tipo_situacao_dossie (nu_tipo_situacao_dossie, nu_versao, no_tipo_situacao, ic_resumo, ic_fila_tratamento, ic_produtividade, ic_tipo_inicial, ic_tipo_final) VALUES (6, 1, 'Análise Segurança', true, false, true, false, false);
INSERT INTO mtrtb012_tipo_situacao_dossie (nu_tipo_situacao_dossie, nu_versao, no_tipo_situacao, ic_resumo, ic_fila_tratamento, ic_produtividade, ic_tipo_inicial, ic_tipo_final) VALUES (7, 1, 'Pendente Segurança', true, false, true, false, false);
INSERT INTO mtrtb012_tipo_situacao_dossie (nu_tipo_situacao_dossie, nu_versao, no_tipo_situacao, ic_resumo, ic_fila_tratamento, ic_produtividade, ic_tipo_inicial, ic_tipo_final) VALUES (8, 1, 'Segurança Finalizado', true, false, true, false, false);
INSERT INTO mtrtb012_tipo_situacao_dossie (nu_tipo_situacao_dossie, nu_versao, no_tipo_situacao, ic_resumo, ic_fila_tratamento, ic_produtividade, ic_tipo_inicial, ic_tipo_final) VALUES (9, 1, 'Finalizado Conforme', true, false, true, false, true);
INSERT INTO mtrtb012_tipo_situacao_dossie (nu_tipo_situacao_dossie, nu_versao, no_tipo_situacao, ic_resumo, ic_fila_tratamento, ic_produtividade, ic_tipo_inicial, ic_tipo_final) VALUES (10, 1, 'Finalizado Inconforme', true, false, true, false, true);
INSERT INTO mtrtb012_tipo_situacao_dossie (nu_tipo_situacao_dossie, nu_versao, no_tipo_situacao, ic_resumo, ic_fila_tratamento, ic_produtividade, ic_tipo_inicial, ic_tipo_final) VALUES (11, 1, 'Cancelado', true, false, true, false, true);
INSERT INTO mtrtb012_tipo_situacao_dossie (nu_tipo_situacao_dossie, nu_versao, no_tipo_situacao, ic_resumo, ic_fila_tratamento, ic_produtividade, ic_tipo_inicial, ic_tipo_final) VALUES (12, 1, 'Aguardando Alimentação', true, false, true, false, false);
INSERT INTO mtrtb012_tipo_situacao_dossie (nu_tipo_situacao_dossie, nu_versao, no_tipo_situacao, ic_resumo, ic_fila_tratamento, ic_produtividade, ic_tipo_inicial, ic_tipo_final) VALUES (13, 1, 'Em Alimentação', true, false, true, false, false);
INSERT INTO mtrtb012_tipo_situacao_dossie (nu_tipo_situacao_dossie, nu_versao, no_tipo_situacao, ic_resumo, ic_fila_tratamento, ic_produtividade, ic_tipo_inicial, ic_tipo_final) VALUES (14, 1, 'Pendente Informação', true, false, true, false, false);
INSERT INTO mtrtb012_tipo_situacao_dossie (nu_tipo_situacao_dossie, nu_versao, no_tipo_situacao, ic_resumo, ic_fila_tratamento, ic_produtividade, ic_tipo_inicial, ic_tipo_final) VALUES (15, 1, 'Alimentação Finalizada', true, false, true, false, false);
INSERT INTO mtrtb012_tipo_situacao_dossie (nu_tipo_situacao_dossie, nu_versao, no_tipo_situacao, ic_resumo, ic_fila_tratamento, ic_produtividade, ic_tipo_inicial, ic_tipo_final) VALUES (16, 1, 'Finalizado', true, false, true, false, true);

--
-- TOC entry 7495 (class 0 OID 2025608)
-- Dependencies: 1844
-- Data for Name: mtrtb015_situacao_documento; Type: TABLE DATA; Schema: mtrsm001; Owner: -
--
INSERT INTO mtrtb015_situacao_documento (nu_situacao_documento, nu_versao, no_situacao, ic_situacao_inicial, ic_situacao_final) VALUES (1, 1, 'Criado', true, false);
INSERT INTO mtrtb015_situacao_documento (nu_situacao_documento, nu_versao, no_situacao, ic_situacao_inicial, ic_situacao_final) VALUES (2, 1, 'Rejeitado', false, true);
INSERT INTO mtrtb015_situacao_documento (nu_situacao_documento, nu_versao, no_situacao, ic_situacao_inicial, ic_situacao_final) VALUES (4, 1, 'Rejeitado por Fraude', false, true);
INSERT INTO mtrtb015_situacao_documento (nu_situacao_documento, nu_versao, no_situacao, ic_situacao_inicial, ic_situacao_final) VALUES (5, 1, 'Conforme', false, true);
INSERT INTO mtrtb015_situacao_documento (nu_situacao_documento, nu_versao, no_situacao, ic_situacao_inicial, ic_situacao_final) VALUES (3, 1, 'Suspeita de Fraude', false, false);
INSERT INTO mtrtb015_situacao_documento (nu_situacao_documento, nu_versao, no_situacao, ic_situacao_inicial, ic_situacao_final) VALUES (6, 1, 'Substituido', false, true);

--
-- TOC entry 7497 (class 0 OID 2025615)
-- Dependencies: 1846
-- Data for Name: mtrtb016_motivo_stco_documento; Type: TABLE DATA; Schema: mtrsm001; Owner: -
--
INSERT INTO mtrtb016_motivo_stco_documento (nu_motivo_stco_documento, nu_versao, nu_situacao_documento, no_motivo_stco_documento) VALUES (1, 1, 2, 'Obstrução da imagem');
INSERT INTO mtrtb016_motivo_stco_documento (nu_motivo_stco_documento, nu_versao, nu_situacao_documento, no_motivo_stco_documento) VALUES (2, 1, 2, 'Documento Ilegível');
INSERT INTO mtrtb016_motivo_stco_documento (nu_motivo_stco_documento, nu_versao, nu_situacao_documento, no_motivo_stco_documento) VALUES (4, 1, 2, 'Documento Irregular');
INSERT INTO mtrtb016_motivo_stco_documento (nu_motivo_stco_documento, nu_versao, nu_situacao_documento, no_motivo_stco_documento) VALUES (3, 1, 2, 'Documento fora do Padrão Arquivístico');

--
-- TOC entry 7501 (class 0 OID 2025624)
-- Dependencies: 1850
-- Data for Name: mtrtb020_processo; Type: TABLE DATA; Schema: mtrsm001; Owner: -
--
INSERT INTO mtrtb020_processo (nu_processo, nu_versao, no_processo, ic_ativo, de_avatar, ic_dossie, ic_controla_validade_documento, ic_tipo_pessoa, no_processo_bpm, no_container_bpm) VALUES (10, 1, 'AVALIAÇÃO DA OPERAÇÃO', true, NULL, false, false, 'J', NULL, NULL);
INSERT INTO mtrtb020_processo (nu_processo, nu_versao, no_processo, ic_ativo, de_avatar, ic_dossie, ic_controla_validade_documento, ic_tipo_pessoa, no_processo_bpm, no_container_bpm) VALUES (12, 1, 'CONFORMIDADE CONCESSÃO COMERCIAL', true, NULL, false, false, 'J', NULL, NULL);
INSERT INTO mtrtb020_processo (nu_processo, nu_versao, no_processo, ic_ativo, de_avatar, ic_dossie, ic_controla_validade_documento, ic_tipo_pessoa, no_processo_bpm, no_container_bpm) VALUES (14, 1, 'CONFORMIDADE GARANTIA REATIVA', true, NULL, false, false, 'J', NULL, NULL);
INSERT INTO mtrtb020_processo (nu_processo, nu_versao, no_processo, ic_ativo, de_avatar, ic_dossie, ic_controla_validade_documento, ic_tipo_pessoa, no_processo_bpm, no_container_bpm) VALUES (15, 1, 'LIBERAÇÃO DE CRÉDITO', true, NULL, false, false, 'J', NULL, NULL);
INSERT INTO mtrtb020_processo (nu_processo, nu_versao, no_processo, ic_ativo, de_avatar, ic_dossie, ic_controla_validade_documento, ic_tipo_pessoa, no_processo_bpm, no_container_bpm) VALUES (18, 1, 'AVALIACAO TOMADOR - DADOS', true, NULL, false, false, 'J', NULL, NULL);
INSERT INTO mtrtb020_processo (nu_processo, nu_versao, no_processo, ic_ativo, de_avatar, ic_dossie, ic_controla_validade_documento, ic_tipo_pessoa, no_processo_bpm, no_container_bpm) VALUES (16, 1, 'AVALIAÇÃO TOMADOR - RESULTADO', true, NULL, false, false, 'J', NULL, NULL);
INSERT INTO mtrtb020_processo (nu_processo, nu_versao, no_processo, ic_ativo, de_avatar, ic_dossie, ic_controla_validade_documento, ic_tipo_pessoa, no_processo_bpm, no_container_bpm) VALUES (5, 1, 'CONTA CORRENTE', true, NULL, true, false, 'F', NULL, NULL);
INSERT INTO mtrtb020_processo (nu_processo, nu_versao, no_processo, ic_ativo, de_avatar, ic_dossie, ic_controla_validade_documento, ic_tipo_pessoa, no_processo_bpm, no_container_bpm) VALUES (6, 1, 'FINANCIAMENTO DE VEÍCULOS', true, NULL, true, false, 'F', NULL, NULL);
INSERT INTO mtrtb020_processo (nu_processo, nu_versao, no_processo, ic_ativo, de_avatar, ic_dossie, ic_controla_validade_documento, ic_tipo_pessoa, no_processo_bpm, no_container_bpm) VALUES (7, 1, 'PAGAMENTO DE LOTERIAS', true, NULL, true, false, 'F', NULL, NULL);
INSERT INTO mtrtb020_processo (nu_processo, nu_versao, no_processo, ic_ativo, de_avatar, ic_dossie, ic_controla_validade_documento, ic_tipo_pessoa, no_processo_bpm, no_container_bpm) VALUES (8, 1, 'CRÉDITO RURAL', true, NULL, true, false, 'F', NULL, NULL);
INSERT INTO mtrtb020_processo (nu_processo, nu_versao, no_processo, ic_ativo, de_avatar, ic_dossie, ic_controla_validade_documento, ic_tipo_pessoa, no_processo_bpm, no_container_bpm) VALUES (9, 1, 'AVALIAÇÃO DO TOMADOR', true, NULL, true, false, 'J', NULL, NULL);
INSERT INTO mtrtb020_processo (nu_processo, nu_versao, no_processo, ic_ativo, de_avatar, ic_dossie, ic_controla_validade_documento, ic_tipo_pessoa, no_processo_bpm, no_container_bpm) VALUES (2, 1, 'PESSOA FÍSICA', true, NULL, false, false, 'F', NULL, NULL);
INSERT INTO mtrtb020_processo (nu_processo, nu_versao, no_processo, ic_ativo, de_avatar, ic_dossie, ic_controla_validade_documento, ic_tipo_pessoa, no_processo_bpm, no_container_bpm) VALUES (3, 1, 'CONCESSÃO CRÉDITO COMERCIAL', true, NULL, true, false, 'J', NULL, NULL);
INSERT INTO mtrtb020_processo (nu_processo, nu_versao, no_processo, ic_ativo, de_avatar, ic_dossie, ic_controla_validade_documento, ic_tipo_pessoa, no_processo_bpm, no_container_bpm) VALUES (11, 1, 'VERIFICAÇÃO REGIME DE ALÇADA', true, NULL, false, false, 'J', NULL, NULL);
INSERT INTO mtrtb020_processo (nu_processo, nu_versao, no_processo, ic_ativo, de_avatar, ic_dossie, ic_controla_validade_documento, ic_tipo_pessoa, no_processo_bpm, no_container_bpm) VALUES (21, 1, 'ATUALIZAÇÃO CADASTRAL', true, NULL, true, false, 'J', NULL, NULL);
INSERT INTO mtrtb020_processo (nu_processo, nu_versao, no_processo, ic_ativo, de_avatar, ic_dossie, ic_controla_validade_documento, ic_tipo_pessoa, no_processo_bpm, no_container_bpm) VALUES (24, 1, 'CADASTRO SICLI', true, NULL, false, false, 'J', NULL, NULL);
INSERT INTO mtrtb020_processo (nu_processo, nu_versao, no_processo, ic_ativo, de_avatar, ic_dossie, ic_controla_validade_documento, ic_tipo_pessoa, no_processo_bpm, no_container_bpm) VALUES (22, 1, 'SUBMISSÃO DE DOCUMENTOS', true, NULL, false, false, 'J', NULL, NULL);
INSERT INTO mtrtb020_processo (nu_processo, nu_versao, no_processo, ic_ativo, de_avatar, ic_dossie, ic_controla_validade_documento, ic_tipo_pessoa, no_processo_bpm, no_container_bpm) VALUES (19, 1, 'DOSSIE DIGITAL', true, NULL, true, true, 'A', NULL, NULL);
INSERT INTO mtrtb020_processo (nu_processo, nu_versao, no_processo, ic_ativo, de_avatar, ic_dossie, ic_controla_validade_documento, ic_tipo_pessoa, no_processo_bpm, no_container_bpm) VALUES (4, 1, 'CONCESSÃO CRÉDITO HABITACIONAL', true, NULL, true, false, 'F', NULL, NULL);
INSERT INTO mtrtb020_processo (nu_processo, nu_versao, no_processo, ic_ativo, de_avatar, ic_dossie, ic_controla_validade_documento, ic_tipo_pessoa, no_processo_bpm, no_container_bpm) VALUES (13, 1, 'CONFORMIDADE CONCESSÃO HABITACIONAL', true, NULL, true, false, 'F', NULL, NULL);
INSERT INTO mtrtb020_processo (nu_processo, nu_versao, no_processo, ic_ativo, de_avatar, ic_dossie, ic_controla_validade_documento, ic_tipo_pessoa, no_processo_bpm, no_container_bpm) VALUES (23, 1, 'DOSSIE DIGITAL - CONTRATACAO', true, NULL, false, true, 'A', NULL, NULL);
INSERT INTO mtrtb020_processo (nu_processo, nu_versao, no_processo, ic_ativo, de_avatar, ic_dossie, ic_controla_validade_documento, ic_tipo_pessoa, no_processo_bpm, no_container_bpm) VALUES (1, 1, 'PESSOA JURÍDICA', true, 'glyphicon glyphicon-play', false, false, 'J', NULL, NULL);
INSERT INTO mtrtb020_processo (nu_processo, nu_versao, no_processo, ic_ativo, de_avatar, ic_dossie, ic_controla_validade_documento, ic_tipo_pessoa, no_processo_bpm, no_container_bpm) VALUES (25, 1, 'PROC. GERA DOSSIE PF', true, NULL, true, false, 'F', NULL, NULL);
INSERT INTO mtrtb020_processo (nu_processo, nu_versao, no_processo, ic_ativo, de_avatar, ic_dossie, ic_controla_validade_documento, ic_tipo_pessoa, no_processo_bpm, no_container_bpm) VALUES (26, 1, 'PROC. GERA DOSSIE PJ', true, NULL, true, false, 'J', NULL, NULL);
INSERT INTO mtrtb020_processo (nu_processo, nu_versao, no_processo, ic_ativo, de_avatar, ic_dossie, ic_controla_validade_documento, ic_tipo_pessoa, no_processo_bpm, no_container_bpm) VALUES (27, 1, 'PROC. ETAPA PF', true, NULL, false, false, 'F', NULL, NULL);
INSERT INTO mtrtb020_processo (nu_processo, nu_versao, no_processo, ic_ativo, de_avatar, ic_dossie, ic_controla_validade_documento, ic_tipo_pessoa, no_processo_bpm, no_container_bpm) VALUES (28, 1, 'PROC. ETAPA PJ', true, NULL, false, false, 'J', NULL, NULL);

--
-- TOC entry 7511 (class 0 OID 2025660)
-- Dependencies: 1860
-- Data for Name: mtrtb027_campo_entrada; Type: TABLE DATA; Schema: mtrsm001; Owner: -
--
INSERT INTO mtrtb027_campo_entrada (nu_campo_entrada, nu_versao, ic_tipo, ic_chave, no_label, de_mascara, de_placeholder, nu_tamanho_minimo, nu_tamanho_maximo) VALUES (1, 1, 'INPUT_RADIO', false, 'Empresa avaliada pela CERIS?', NULL, NULL, NULL, NULL);
INSERT INTO mtrtb027_campo_entrada (nu_campo_entrada, nu_versao, ic_tipo, ic_chave, no_label, de_mascara, de_placeholder, nu_tamanho_minimo, nu_tamanho_maximo) VALUES (2, 1, 'INPUT_RADIO', false, 'Possui sócios?', NULL, NULL, NULL, NULL);
INSERT INTO mtrtb027_campo_entrada (nu_campo_entrada, nu_versao, ic_tipo, ic_chave, no_label, de_mascara, de_placeholder, nu_tamanho_minimo, nu_tamanho_maximo) VALUES (3, 1, 'INPUT_RADIO', true, 'Empresa participante de conglomerado?', NULL, NULL, NULL, NULL);
INSERT INTO mtrtb027_campo_entrada (nu_campo_entrada, nu_versao, ic_tipo, ic_chave, no_label, de_mascara, de_placeholder, nu_tamanho_minimo, nu_tamanho_maximo) VALUES (5, 1, 'DATA', true, 'Data Vigência Avaliação', 'dd/mm/aaaa', '99/99/9999', NULL, 10);
INSERT INTO mtrtb027_campo_entrada (nu_campo_entrada, nu_versao, ic_tipo, ic_chave, no_label, de_mascara, de_placeholder, nu_tamanho_minimo, nu_tamanho_maximo) VALUES (4, 1, 'INPUT', true, 'Código Avaliação Tomador', NULL, NULL, NULL, 10);
INSERT INTO mtrtb027_campo_entrada (nu_campo_entrada, nu_versao, ic_tipo, ic_chave, no_label, de_mascara, de_placeholder, nu_tamanho_minimo, nu_tamanho_maximo) VALUES (6, 1, 'INPUT', false, 'Campo não ligado a ninguem', '', NULL, NULL, NULL);
INSERT INTO mtrtb027_campo_entrada (nu_campo_entrada, nu_versao, ic_tipo, ic_chave, no_label, de_mascara, de_placeholder, nu_tamanho_minimo, nu_tamanho_maximo) VALUES (8, 1, 'INPUT', false, 'Telefone Fixo', '999 - 9999 - 9999', NULL, NULL, 11);
INSERT INTO mtrtb027_campo_entrada (nu_campo_entrada, nu_versao, ic_tipo, ic_chave, no_label, de_mascara, de_placeholder, nu_tamanho_minimo, nu_tamanho_maximo) VALUES (9, 1, 'INPUT', false, 'Telefone Celular 1', '999 - 9 9999 - 9999', NULL, NULL, 12);
INSERT INTO mtrtb027_campo_entrada (nu_campo_entrada, nu_versao, ic_tipo, ic_chave, no_label, de_mascara, de_placeholder, nu_tamanho_minimo, nu_tamanho_maximo) VALUES (10, 1, 'INPUT', false, 'Telefone Celular 2', '999 - 9 9999 - 9999', NULL, NULL, 12);
INSERT INTO mtrtb027_campo_entrada (nu_campo_entrada, nu_versao, ic_tipo, ic_chave, no_label, de_mascara, de_placeholder, nu_tamanho_minimo, nu_tamanho_maximo) VALUES (12, 1, 'INPUT', false, 'E-mail', NULL, NULL, NULL, NULL);
INSERT INTO mtrtb027_campo_entrada (nu_campo_entrada, nu_versao, ic_tipo, ic_chave, no_label, de_mascara, de_placeholder, nu_tamanho_minimo, nu_tamanho_maximo) VALUES (13, 1, 'SELECT', false, 'Estado Civil', NULL, NULL, NULL, NULL);

--
-- TOC entry 7549 (class 0 OID 2025766)
-- Dependencies: 1898
-- Data for Name: mtrtb019_campo_formulario; Type: TABLE DATA; Schema: mtrsm001; Owner: -
--
INSERT INTO mtrtb019_campo_formulario (nu_campo_formulario, nu_campo_entrada, nu_ordem, nu_versao, ic_obrigatorio, de_expressao, ic_ativo, no_campo, nu_processo) VALUES (25, 4, 4, 1, false, NULL, true, 'codigo_avaliacao_tomador', 16);
INSERT INTO mtrtb019_campo_formulario (nu_campo_formulario, nu_campo_entrada, nu_ordem, nu_versao, ic_obrigatorio, de_expressao, ic_ativo, no_campo, nu_processo) VALUES (26, 5, 5, 1, false, NULL, true, 'data_vigencia', 16);
INSERT INTO mtrtb019_campo_formulario (nu_campo_formulario, nu_campo_entrada, nu_ordem, nu_versao, ic_obrigatorio, de_expressao, ic_ativo, no_campo, nu_processo) VALUES (1, 1, 1, 1, false, NULL, true, 'empresa_avaliada_CERIS', 18);
INSERT INTO mtrtb019_campo_formulario (nu_campo_formulario, nu_campo_entrada, nu_ordem, nu_versao, ic_obrigatorio, de_expressao, ic_ativo, no_campo, nu_processo) VALUES (2, 2, 2, 1, false, NULL, true, 'possui_socios', 18);
INSERT INTO mtrtb019_campo_formulario (nu_campo_formulario, nu_campo_entrada, nu_ordem, nu_versao, ic_obrigatorio, de_expressao, ic_ativo, no_campo, nu_processo) VALUES (3, 3, 3, 1, false, NULL, true, 'empresa_participante_conglomerado', 18);
INSERT INTO mtrtb019_campo_formulario (nu_campo_formulario, nu_campo_entrada, nu_ordem, nu_versao, ic_obrigatorio, de_expressao, ic_ativo, no_campo, nu_processo) VALUES (32, 8, 8, 1, false, NULL, true, 'telefone_fixo', 21);
INSERT INTO mtrtb019_campo_formulario (nu_campo_formulario, nu_campo_entrada, nu_ordem, nu_versao, ic_obrigatorio, de_expressao, ic_ativo, no_campo, nu_processo) VALUES (33, 9, 9, 1, false, NULL, true, 'celular_1', 21);
INSERT INTO mtrtb019_campo_formulario (nu_campo_formulario, nu_campo_entrada, nu_ordem, nu_versao, ic_obrigatorio, de_expressao, ic_ativo, no_campo, nu_processo) VALUES (34, 10, 10, 1, false, NULL, true, 'celular_2', 21);
INSERT INTO mtrtb019_campo_formulario (nu_campo_formulario, nu_campo_entrada, nu_ordem, nu_versao, ic_obrigatorio, de_expressao, ic_ativo, no_campo, nu_processo) VALUES (36, 13, 13, 1, false, NULL, true, 'estado_civil', 22);
INSERT INTO mtrtb019_campo_formulario (nu_campo_formulario, nu_campo_entrada, nu_ordem, nu_versao, ic_obrigatorio, de_expressao, ic_ativo, no_campo, nu_processo) VALUES (35, 12, 12, 1, false, NULL, true, 'email', 22);
INSERT INTO mtrtb019_campo_formulario (nu_campo_formulario, nu_campo_entrada, nu_ordem, nu_versao, ic_obrigatorio, de_expressao, ic_ativo, no_campo, nu_processo) VALUES (29, 1, 1, 1, false, NULL, true, 'empresa_avaliada_CERIS', 10);
INSERT INTO mtrtb019_campo_formulario (nu_campo_formulario, nu_campo_entrada, nu_ordem, nu_versao, ic_obrigatorio, de_expressao, ic_ativo, no_campo, nu_processo) VALUES (27, 2, 2, 1, false, NULL, true, 'possui_socios', 10);
INSERT INTO mtrtb019_campo_formulario (nu_campo_formulario, nu_campo_entrada, nu_ordem, nu_versao, ic_obrigatorio, de_expressao, ic_ativo, no_campo, nu_processo) VALUES (30, 5, 5, 1, false, NULL, true, 'data_vigencia', 10);
INSERT INTO mtrtb019_campo_formulario (nu_campo_formulario, nu_campo_entrada, nu_ordem, nu_versao, ic_obrigatorio, de_expressao, ic_ativo, no_campo, nu_processo) VALUES (31, 4, 4, 1, false, NULL, true, 'codigo_avaliacao_tomador', 10);
INSERT INTO mtrtb019_campo_formulario (nu_campo_formulario, nu_campo_entrada, nu_ordem, nu_versao, ic_obrigatorio, de_expressao, ic_ativo, no_campo, nu_processo) VALUES (28, 1, 1, 1, false, NULL, true, 'possui_socios', 12);

--
-- TOC entry 7503 (class 0 OID 2025633)
-- Dependencies: 1852
-- Data for Name: mtrtb021_unidade_autorizada; Type: TABLE DATA; Schema: mtrsm001; Owner: -
--
INSERT INTO mtrtb021_unidade_autorizada (nu_unidade_autorizada, nu_versao, nu_processo, nu_unidade, ic_tipo_tratamento, nu_apenso_adm, nu_contrato_adm, nu_processo_adm) VALUES (1, 1, 3, 7875, '3', NULL, NULL, NULL);
INSERT INTO mtrtb021_unidade_autorizada (nu_unidade_autorizada, nu_versao, nu_processo, nu_unidade, ic_tipo_tratamento, nu_apenso_adm, nu_contrato_adm, nu_processo_adm) VALUES (2, 1, 9, 7875, '3', NULL, NULL, NULL);
INSERT INTO mtrtb021_unidade_autorizada (nu_unidade_autorizada, nu_versao, nu_processo, nu_unidade, ic_tipo_tratamento, nu_apenso_adm, nu_contrato_adm, nu_processo_adm) VALUES (3, 1, 21, 7875, '3', NULL, NULL, NULL);
INSERT INTO mtrtb021_unidade_autorizada (nu_unidade_autorizada, nu_versao, nu_processo, nu_unidade, ic_tipo_tratamento, nu_apenso_adm, nu_contrato_adm, nu_processo_adm) VALUES (4, 1, 6, 7875, '3', NULL, NULL, NULL);
INSERT INTO mtrtb021_unidade_autorizada (nu_unidade_autorizada, nu_versao, nu_processo, nu_unidade, ic_tipo_tratamento, nu_apenso_adm, nu_contrato_adm, nu_processo_adm) VALUES (5, 1, 1, 7875, '11101110', NULL, NULL, NULL);
INSERT INTO mtrtb021_unidade_autorizada (nu_unidade_autorizada, nu_versao, nu_processo, nu_unidade, ic_tipo_tratamento, nu_apenso_adm, nu_contrato_adm, nu_processo_adm) VALUES (6, 1, 2, 5402, '11101111', NULL, NULL, NULL);
INSERT INTO mtrtb021_unidade_autorizada (nu_unidade_autorizada, nu_versao, nu_processo, nu_unidade, ic_tipo_tratamento, nu_apenso_adm, nu_contrato_adm, nu_processo_adm) VALUES (9, 1, 10, 5402, '1', NULL, NULL, NULL);
INSERT INTO mtrtb021_unidade_autorizada (nu_unidade_autorizada, nu_versao, nu_processo, nu_unidade, ic_tipo_tratamento, nu_apenso_adm, nu_contrato_adm, nu_processo_adm) VALUES (11, 1, 1, 5402, '11', NULL, NULL, NULL);
INSERT INTO mtrtb021_unidade_autorizada (nu_unidade_autorizada, nu_versao, nu_processo, nu_unidade, ic_tipo_tratamento, nu_apenso_adm, nu_contrato_adm, nu_processo_adm) VALUES (12, 1, 3, 5402, '111', NULL, NULL, NULL);
INSERT INTO mtrtb021_unidade_autorizada (nu_unidade_autorizada, nu_versao, nu_processo, nu_unidade, ic_tipo_tratamento, nu_apenso_adm, nu_contrato_adm, nu_processo_adm) VALUES (13, 1, 9, 5402, '0010', NULL, NULL, NULL);
INSERT INTO mtrtb021_unidade_autorizada (nu_unidade_autorizada, nu_versao, nu_processo, nu_unidade, ic_tipo_tratamento, nu_apenso_adm, nu_contrato_adm, nu_processo_adm) VALUES (14, 1, 11, 5402, '10101', NULL, NULL, NULL);
INSERT INTO mtrtb021_unidade_autorizada (nu_unidade_autorizada, nu_versao, nu_processo, nu_unidade, ic_tipo_tratamento, nu_apenso_adm, nu_contrato_adm, nu_processo_adm) VALUES (15, 1, 1, 7470, '111', NULL, NULL, NULL);

--
-- TOC entry 7505 (class 0 OID 2025638)
-- Dependencies: 1854
-- Data for Name: mtrtb022_produto; Type: TABLE DATA; Schema: mtrsm001; Owner: -
--
INSERT INTO mtrtb022_produto (nu_produto, nu_versao, nu_operacao, nu_modalidade, no_produto, ic_contratacao_conjunta, ic_pesquisa_cadin, ic_pesquisa_scpc, ic_pesquisa_serasa, ic_pesquisa_ccf, ic_pesquisa_sicow, ic_pesquisa_receita, ic_tipo_pessoa, ic_dossie_digital, ic_pesquisa_sinad) VALUES (1, 1, 7630, 0, 'CRED ESP EMP   PARC   PRE   FORN GDES CO ', false, false, false, false, false, false, false, 'J', false, true);
INSERT INTO mtrtb022_produto (nu_produto, nu_versao, nu_operacao, nu_modalidade, no_produto, ic_contratacao_conjunta, ic_pesquisa_cadin, ic_pesquisa_scpc, ic_pesquisa_serasa, ic_pesquisa_ccf, ic_pesquisa_sicow, ic_pesquisa_receita, ic_tipo_pessoa, ic_dossie_digital, ic_pesquisa_sinad) VALUES (2, 1, 7600, 0, 'CRED ESP EMP - PRE - FORN GDES CORP -MPE ', false, false, false, false, false, false, false, 'J', false, true);
INSERT INTO mtrtb022_produto (nu_produto, nu_versao, nu_operacao, nu_modalidade, no_produto, ic_contratacao_conjunta, ic_pesquisa_cadin, ic_pesquisa_scpc, ic_pesquisa_serasa, ic_pesquisa_ccf, ic_pesquisa_sicow, ic_pesquisa_receita, ic_tipo_pessoa, ic_dossie_digital, ic_pesquisa_sinad) VALUES (3, 1, 6226, 0, 'CRED RURAL-FGPP AGRIC-BEN, AGRO E CER-PJ ', false, false, false, false, false, false, false, 'J', false, true);
INSERT INTO mtrtb022_produto (nu_produto, nu_versao, nu_operacao, nu_modalidade, no_produto, ic_contratacao_conjunta, ic_pesquisa_cadin, ic_pesquisa_scpc, ic_pesquisa_serasa, ic_pesquisa_ccf, ic_pesquisa_sicow, ic_pesquisa_receita, ic_tipo_pessoa, ic_dossie_digital, ic_pesquisa_sinad) VALUES (4, 1, 6901, 0, 'FINAN RURAL COOPERAT DE CRED-CUST PECUAR ', false, false, false, false, false, false, false, 'J', false, true);
INSERT INTO mtrtb022_produto (nu_produto, nu_versao, nu_operacao, nu_modalidade, no_produto, ic_contratacao_conjunta, ic_pesquisa_cadin, ic_pesquisa_scpc, ic_pesquisa_serasa, ic_pesquisa_ccf, ic_pesquisa_sicow, ic_pesquisa_receita, ic_tipo_pessoa, ic_dossie_digital, ic_pesquisa_sinad) VALUES (5, 1, 6199, 0, 'CRED RURAL CAIXA   PRONAF + ALIM   CC IA ', false, false, false, false, false, false, false, 'J', false, true);
INSERT INTO mtrtb022_produto (nu_produto, nu_versao, nu_operacao, nu_modalidade, no_produto, ic_contratacao_conjunta, ic_pesquisa_cadin, ic_pesquisa_scpc, ic_pesquisa_serasa, ic_pesquisa_ccf, ic_pesquisa_sicow, ic_pesquisa_receita, ic_tipo_pessoa, ic_dossie_digital, ic_pesquisa_sinad) VALUES (6, 1, 3145, 0, 'FINANC A EXPORTACAO CAIXA-COMP-PJ PRIVAD ', false, false, false, false, false, false, false, 'J', false, true);
INSERT INTO mtrtb022_produto (nu_produto, nu_versao, nu_operacao, nu_modalidade, no_produto, ic_contratacao_conjunta, ic_pesquisa_cadin, ic_pesquisa_scpc, ic_pesquisa_serasa, ic_pesquisa_ccf, ic_pesquisa_sicow, ic_pesquisa_receita, ic_tipo_pessoa, ic_dossie_digital, ic_pesquisa_sinad) VALUES (7, 1, 841, 0, 'CRED ESP EMP   PARC   PRE   FORN GDES CO ', false, false, false, false, false, false, false, 'J', false, true);
INSERT INTO mtrtb022_produto (nu_produto, nu_versao, nu_operacao, nu_modalidade, no_produto, ic_contratacao_conjunta, ic_pesquisa_cadin, ic_pesquisa_scpc, ic_pesquisa_serasa, ic_pesquisa_ccf, ic_pesquisa_sicow, ic_pesquisa_receita, ic_tipo_pessoa, ic_dossie_digital, ic_pesquisa_sinad) VALUES (8, 1, 4758, 0, 'APOIO A PRODUCAO PJ COM ANTECIPACAO-FGTS ', false, false, false, false, false, false, false, 'J', false, true);
INSERT INTO mtrtb022_produto (nu_produto, nu_versao, nu_operacao, nu_modalidade, no_produto, ic_contratacao_conjunta, ic_pesquisa_cadin, ic_pesquisa_scpc, ic_pesquisa_serasa, ic_pesquisa_ccf, ic_pesquisa_sicow, ic_pesquisa_receita, ic_tipo_pessoa, ic_dossie_digital, ic_pesquisa_sinad) VALUES (9, 1, 4821, 0, 'MGE-SBPE-FORA SFH POS FIXADA COM.DESL.PJ ', false, false, false, false, false, false, false, 'J', false, true);
INSERT INTO mtrtb022_produto (nu_produto, nu_versao, nu_operacao, nu_modalidade, no_produto, ic_contratacao_conjunta, ic_pesquisa_cadin, ic_pesquisa_scpc, ic_pesquisa_serasa, ic_pesquisa_ccf, ic_pesquisa_sicow, ic_pesquisa_receita, ic_tipo_pessoa, ic_dossie_digital, ic_pesquisa_sinad) VALUES (10, 1, 4783, 0, 'OP. ESTRUTURADAS EM ENERGIA - ST.PUBLICO ', false, false, false, false, false, false, false, 'J', false, true);
INSERT INTO mtrtb022_produto (nu_produto, nu_versao, nu_operacao, nu_modalidade, no_produto, ic_contratacao_conjunta, ic_pesquisa_cadin, ic_pesquisa_scpc, ic_pesquisa_serasa, ic_pesquisa_ccf, ic_pesquisa_sicow, ic_pesquisa_receita, ic_tipo_pessoa, ic_dossie_digital, ic_pesquisa_sinad) VALUES (11, 1, 5654, 0, 'AQUISICAO/REFORMA IMOV RESID - SBPE - PJ ', false, false, false, false, false, false, false, 'J', false, true);
INSERT INTO mtrtb022_produto (nu_produto, nu_versao, nu_operacao, nu_modalidade, no_produto, ic_contratacao_conjunta, ic_pesquisa_cadin, ic_pesquisa_scpc, ic_pesquisa_serasa, ic_pesquisa_ccf, ic_pesquisa_sicow, ic_pesquisa_receita, ic_tipo_pessoa, ic_dossie_digital, ic_pesquisa_sinad) VALUES (12, 1, 5656, 0, 'AQUISICAO IP COMERCIAL REABILITACAO-SBPE ', false, false, false, false, false, false, false, 'J', false, true);
INSERT INTO mtrtb022_produto (nu_produto, nu_versao, nu_operacao, nu_modalidade, no_produto, ic_contratacao_conjunta, ic_pesquisa_cadin, ic_pesquisa_scpc, ic_pesquisa_serasa, ic_pesquisa_ccf, ic_pesquisa_sicow, ic_pesquisa_receita, ic_tipo_pessoa, ic_dossie_digital, ic_pesquisa_sinad) VALUES (13, 1, 5659, 0, 'AQUISICAO/REFORMA IMOV USO MISTO - SBPE- ', false, false, false, false, false, false, false, 'J', false, true);
INSERT INTO mtrtb022_produto (nu_produto, nu_versao, nu_operacao, nu_modalidade, no_produto, ic_contratacao_conjunta, ic_pesquisa_cadin, ic_pesquisa_scpc, ic_pesquisa_serasa, ic_pesquisa_ccf, ic_pesquisa_sicow, ic_pesquisa_receita, ic_tipo_pessoa, ic_dossie_digital, ic_pesquisa_sinad) VALUES (14, 1, 6168, 0, 'CREDITO RURAL-PRONAMP INVEST PECUARIO PJ ', false, false, false, false, false, false, false, 'J', false, true);
INSERT INTO mtrtb022_produto (nu_produto, nu_versao, nu_operacao, nu_modalidade, no_produto, ic_contratacao_conjunta, ic_pesquisa_cadin, ic_pesquisa_scpc, ic_pesquisa_serasa, ic_pesquisa_ccf, ic_pesquisa_sicow, ic_pesquisa_receita, ic_tipo_pessoa, ic_dossie_digital, ic_pesquisa_sinad) VALUES (15, 1, 6171, 0, 'CREDITO RURAL-PRONAMP INVEST AGRICOLA PJ ', false, false, false, false, false, false, false, 'J', false, true);
INSERT INTO mtrtb022_produto (nu_produto, nu_versao, nu_operacao, nu_modalidade, no_produto, ic_contratacao_conjunta, ic_pesquisa_cadin, ic_pesquisa_scpc, ic_pesquisa_serasa, ic_pesquisa_ccf, ic_pesquisa_sicow, ic_pesquisa_receita, ic_tipo_pessoa, ic_dossie_digital, ic_pesquisa_sinad) VALUES (16, 1, 6175, 0, 'CRED RURAL-COOP CRED-PRONAMP INVEST AGRI ', false, false, false, false, false, false, false, 'J', false, true);
INSERT INTO mtrtb022_produto (nu_produto, nu_versao, nu_operacao, nu_modalidade, no_produto, ic_contratacao_conjunta, ic_pesquisa_cadin, ic_pesquisa_scpc, ic_pesquisa_serasa, ic_pesquisa_ccf, ic_pesquisa_sicow, ic_pesquisa_receita, ic_tipo_pessoa, ic_dossie_digital, ic_pesquisa_sinad) VALUES (17, 1, 6187, 0, 'CRED RURAL - FEPM PECUARIA-COOPERATIVA ', false, false, false, false, false, false, false, 'J', false, true);
INSERT INTO mtrtb022_produto (nu_produto, nu_versao, nu_operacao, nu_modalidade, no_produto, ic_contratacao_conjunta, ic_pesquisa_cadin, ic_pesquisa_scpc, ic_pesquisa_serasa, ic_pesquisa_ccf, ic_pesquisa_sicow, ic_pesquisa_receita, ic_tipo_pessoa, ic_dossie_digital, ic_pesquisa_sinad) VALUES (18, 1, 1093, 0, 'CART HIP NOR/NAO ESP IM RES PJ ', false, false, false, false, false, false, false, 'J', false, true);
INSERT INTO mtrtb022_produto (nu_produto, nu_versao, nu_operacao, nu_modalidade, no_produto, ic_contratacao_conjunta, ic_pesquisa_cadin, ic_pesquisa_scpc, ic_pesquisa_serasa, ic_pesquisa_ccf, ic_pesquisa_sicow, ic_pesquisa_receita, ic_tipo_pessoa, ic_dossie_digital, ic_pesquisa_sinad) VALUES (19, 1, 7430, 0, 'NCE/CCE - PJ - SETOR PRIVADO - POS ', false, false, false, false, false, false, false, 'J', false, true);
INSERT INTO mtrtb022_produto (nu_produto, nu_versao, nu_operacao, nu_modalidade, no_produto, ic_contratacao_conjunta, ic_pesquisa_cadin, ic_pesquisa_scpc, ic_pesquisa_serasa, ic_pesquisa_ccf, ic_pesquisa_sicow, ic_pesquisa_receita, ic_tipo_pessoa, ic_dossie_digital, ic_pesquisa_sinad) VALUES (20, 1, 6909, 0, 'FINANCIAMENTO RURAL - INVEST PECUARIO PJ ', false, false, false, false, false, false, false, 'J', false, true);
INSERT INTO mtrtb022_produto (nu_produto, nu_versao, nu_operacao, nu_modalidade, no_produto, ic_contratacao_conjunta, ic_pesquisa_cadin, ic_pesquisa_scpc, ic_pesquisa_serasa, ic_pesquisa_ccf, ic_pesquisa_sicow, ic_pesquisa_receita, ic_tipo_pessoa, ic_dossie_digital, ic_pesquisa_sinad) VALUES (21, 1, 606, 0, 'CRED.EMPRESA-POS PARC. ', false, false, false, false, false, false, false, 'J', false, true);
INSERT INTO mtrtb022_produto (nu_produto, nu_versao, nu_operacao, nu_modalidade, no_produto, ic_contratacao_conjunta, ic_pesquisa_cadin, ic_pesquisa_scpc, ic_pesquisa_serasa, ic_pesquisa_ccf, ic_pesquisa_sicow, ic_pesquisa_receita, ic_tipo_pessoa, ic_dossie_digital, ic_pesquisa_sinad) VALUES (22, 1, 611, 0, 'CAIXA GIRO SUS ', false, false, false, false, false, false, false, 'J', false, true);
INSERT INTO mtrtb022_produto (nu_produto, nu_versao, nu_operacao, nu_modalidade, no_produto, ic_contratacao_conjunta, ic_pesquisa_cadin, ic_pesquisa_scpc, ic_pesquisa_serasa, ic_pesquisa_ccf, ic_pesquisa_sicow, ic_pesquisa_receita, ic_tipo_pessoa, ic_dossie_digital, ic_pesquisa_sinad) VALUES (23, 1, 2540, 0, 'MICROCREDITO CAIXA - PJ ', false, false, false, false, false, false, false, 'J', false, true);
INSERT INTO mtrtb022_produto (nu_produto, nu_versao, nu_operacao, nu_modalidade, no_produto, ic_contratacao_conjunta, ic_pesquisa_cadin, ic_pesquisa_scpc, ic_pesquisa_serasa, ic_pesquisa_ccf, ic_pesquisa_sicow, ic_pesquisa_receita, ic_tipo_pessoa, ic_dossie_digital, ic_pesquisa_sinad) VALUES (24, 1, 352, 0, 'FINAME PARA ENTES PUBLICOS ', false, false, false, false, false, false, false, 'J', false, true);
INSERT INTO mtrtb022_produto (nu_produto, nu_versao, nu_operacao, nu_modalidade, no_produto, ic_contratacao_conjunta, ic_pesquisa_cadin, ic_pesquisa_scpc, ic_pesquisa_serasa, ic_pesquisa_ccf, ic_pesquisa_sicow, ic_pesquisa_receita, ic_tipo_pessoa, ic_dossie_digital, ic_pesquisa_sinad) VALUES (25, 1, 4144, 0, 'FINISA - OPERACOES ESPECIAIS - SETOR PUB ', false, false, false, false, false, false, false, 'J', false, true);
INSERT INTO mtrtb022_produto (nu_produto, nu_versao, nu_operacao, nu_modalidade, no_produto, ic_contratacao_conjunta, ic_pesquisa_cadin, ic_pesquisa_scpc, ic_pesquisa_serasa, ic_pesquisa_ccf, ic_pesquisa_sicow, ic_pesquisa_receita, ic_tipo_pessoa, ic_dossie_digital, ic_pesquisa_sinad) VALUES (26, 1, 100, 0, 'ARRECADACAO PREFEITURAS ', false, false, false, false, false, false, false, 'J', false, true);
INSERT INTO mtrtb022_produto (nu_produto, nu_versao, nu_operacao, nu_modalidade, no_produto, ic_contratacao_conjunta, ic_pesquisa_cadin, ic_pesquisa_scpc, ic_pesquisa_serasa, ic_pesquisa_ccf, ic_pesquisa_sicow, ic_pesquisa_receita, ic_tipo_pessoa, ic_dossie_digital, ic_pesquisa_sinad) VALUES (27, 1, 288, 0, 'CX PROG PAG SALAR SIACC ', false, false, false, false, false, false, false, 'J', false, true);
INSERT INTO mtrtb022_produto (nu_produto, nu_versao, nu_operacao, nu_modalidade, no_produto, ic_contratacao_conjunta, ic_pesquisa_cadin, ic_pesquisa_scpc, ic_pesquisa_serasa, ic_pesquisa_ccf, ic_pesquisa_sicow, ic_pesquisa_receita, ic_tipo_pessoa, ic_dossie_digital, ic_pesquisa_sinad) VALUES (28, 1, 288, 1, 'CX PROG PAG SALAR SIACC ESTRATEGIA DE NEG PJ PUBLICA', false, false, false, false, false, false, false, 'J', false, true);
INSERT INTO mtrtb022_produto (nu_produto, nu_versao, nu_operacao, nu_modalidade, no_produto, ic_contratacao_conjunta, ic_pesquisa_cadin, ic_pesquisa_scpc, ic_pesquisa_serasa, ic_pesquisa_ccf, ic_pesquisa_sicow, ic_pesquisa_receita, ic_tipo_pessoa, ic_dossie_digital, ic_pesquisa_sinad) VALUES (29, 1, 3, 100, 'CONTA CORRENTE PESSOA JURIDICA CONTAS ENCERRADAS', false, false, false, false, false, false, false, 'J', false, true);
INSERT INTO mtrtb022_produto (nu_produto, nu_versao, nu_operacao, nu_modalidade, no_produto, ic_contratacao_conjunta, ic_pesquisa_cadin, ic_pesquisa_scpc, ic_pesquisa_serasa, ic_pesquisa_ccf, ic_pesquisa_sicow, ic_pesquisa_receita, ic_tipo_pessoa, ic_dossie_digital, ic_pesquisa_sinad) VALUES (30, 1, 100, 900, 'ARRECADACAO PREFEITURAS - Negociação Exclusiva IPTU', false, false, false, false, false, false, false, 'J', false, true);
INSERT INTO mtrtb022_produto (nu_produto, nu_versao, nu_operacao, nu_modalidade, no_produto, ic_contratacao_conjunta, ic_pesquisa_cadin, ic_pesquisa_scpc, ic_pesquisa_serasa, ic_pesquisa_ccf, ic_pesquisa_sicow, ic_pesquisa_receita, ic_tipo_pessoa, ic_dossie_digital, ic_pesquisa_sinad) VALUES (31, 1, 288, 900, 'CX PROG PAG SALAR SIACC - PJ PUBLICA - Negociação Folha Pagamento', false, false, false, false, false, false, false, 'J', false, true);
INSERT INTO mtrtb022_produto (nu_produto, nu_versao, nu_operacao, nu_modalidade, no_produto, ic_contratacao_conjunta, ic_pesquisa_cadin, ic_pesquisa_scpc, ic_pesquisa_serasa, ic_pesquisa_ccf, ic_pesquisa_sicow, ic_pesquisa_receita, ic_tipo_pessoa, ic_dossie_digital, ic_pesquisa_sinad) VALUES (32, 1, 361, 0, 'CONSTRUGIRO AQUIS RECEBIVEIS ', false, false, false, false, false, false, false, 'J', false, true);
INSERT INTO mtrtb022_produto (nu_produto, nu_versao, nu_operacao, nu_modalidade, no_produto, ic_contratacao_conjunta, ic_pesquisa_cadin, ic_pesquisa_scpc, ic_pesquisa_serasa, ic_pesquisa_ccf, ic_pesquisa_sicow, ic_pesquisa_receita, ic_tipo_pessoa, ic_dossie_digital, ic_pesquisa_sinad) VALUES (33, 1, 601, 0, 'CRED EMPRESA-PRE JURO ANTECIP ', false, false, false, false, false, false, false, 'J', false, true);
INSERT INTO mtrtb022_produto (nu_produto, nu_versao, nu_operacao, nu_modalidade, no_produto, ic_contratacao_conjunta, ic_pesquisa_cadin, ic_pesquisa_scpc, ic_pesquisa_serasa, ic_pesquisa_ccf, ic_pesquisa_sicow, ic_pesquisa_receita, ic_tipo_pessoa, ic_dossie_digital, ic_pesquisa_sinad) VALUES (34, 1, 605, 0, 'CRED. EMPRESA-PRE.PARC. ', false, false, false, false, false, false, false, 'J', false, true);
INSERT INTO mtrtb022_produto (nu_produto, nu_versao, nu_operacao, nu_modalidade, no_produto, ic_contratacao_conjunta, ic_pesquisa_cadin, ic_pesquisa_scpc, ic_pesquisa_serasa, ic_pesquisa_ccf, ic_pesquisa_sicow, ic_pesquisa_receita, ic_tipo_pessoa, ic_dossie_digital, ic_pesquisa_sinad) VALUES (35, 1, 4129, 0, 'HAB CCFGTS ASS ESP ST PRIV ENT CAIXA ', false, false, false, false, false, false, false, 'J', false, true);
INSERT INTO mtrtb022_produto (nu_produto, nu_versao, nu_operacao, nu_modalidade, no_produto, ic_contratacao_conjunta, ic_pesquisa_cadin, ic_pesquisa_scpc, ic_pesquisa_serasa, ic_pesquisa_ccf, ic_pesquisa_sicow, ic_pesquisa_receita, ic_tipo_pessoa, ic_dossie_digital, ic_pesquisa_sinad) VALUES (36, 1, 4781, 0, 'CAP GIRO CONSTRUTORAS - CART RECEBIVEIS ', false, false, false, false, false, false, false, 'J', false, true);
INSERT INTO mtrtb022_produto (nu_produto, nu_versao, nu_operacao, nu_modalidade, no_produto, ic_contratacao_conjunta, ic_pesquisa_cadin, ic_pesquisa_scpc, ic_pesquisa_serasa, ic_pesquisa_ccf, ic_pesquisa_sicow, ic_pesquisa_receita, ic_tipo_pessoa, ic_dossie_digital, ic_pesquisa_sinad) VALUES (37, 1, 4726, 0, 'CAP GIRO CONSTRUTORAS - CUSTO TOTAL PROD ', false, false, false, false, false, false, false, 'J', false, true);
INSERT INTO mtrtb022_produto (nu_produto, nu_versao, nu_operacao, nu_modalidade, no_produto, ic_contratacao_conjunta, ic_pesquisa_cadin, ic_pesquisa_scpc, ic_pesquisa_serasa, ic_pesquisa_ccf, ic_pesquisa_sicow, ic_pesquisa_receita, ic_tipo_pessoa, ic_dossie_digital, ic_pesquisa_sinad) VALUES (38, 1, 4113, 0, 'HAB  CREDITOS ESPECIAIS ST PRIV CX ', false, false, false, false, false, false, false, 'J', false, true);
INSERT INTO mtrtb022_produto (nu_produto, nu_versao, nu_operacao, nu_modalidade, no_produto, ic_contratacao_conjunta, ic_pesquisa_cadin, ic_pesquisa_scpc, ic_pesquisa_serasa, ic_pesquisa_ccf, ic_pesquisa_sicow, ic_pesquisa_receita, ic_tipo_pessoa, ic_dossie_digital, ic_pesquisa_sinad) VALUES (39, 1, 4112, 0, 'HAB CREDITOS ESPECIAIS ST PRIV CX ', false, false, false, false, false, false, false, 'J', false, true);
INSERT INTO mtrtb022_produto (nu_produto, nu_versao, nu_operacao, nu_modalidade, no_produto, ic_contratacao_conjunta, ic_pesquisa_cadin, ic_pesquisa_scpc, ic_pesquisa_serasa, ic_pesquisa_ccf, ic_pesquisa_sicow, ic_pesquisa_receita, ic_tipo_pessoa, ic_dossie_digital, ic_pesquisa_sinad) VALUES (40, 1, 469, 0, 'PROGRAMA EMERGENCIAL FINANC - BNDES ', false, false, false, false, false, false, false, 'J', false, true);
INSERT INTO mtrtb022_produto (nu_produto, nu_versao, nu_operacao, nu_modalidade, no_produto, ic_contratacao_conjunta, ic_pesquisa_cadin, ic_pesquisa_scpc, ic_pesquisa_serasa, ic_pesquisa_ccf, ic_pesquisa_sicow, ic_pesquisa_receita, ic_tipo_pessoa, ic_dossie_digital, ic_pesquisa_sinad) VALUES (41, 1, 610, 0, 'CAIXA HOSPITAIS PRE ', false, false, false, false, false, false, false, 'J', false, true);
INSERT INTO mtrtb022_produto (nu_produto, nu_versao, nu_operacao, nu_modalidade, no_produto, ic_contratacao_conjunta, ic_pesquisa_cadin, ic_pesquisa_scpc, ic_pesquisa_serasa, ic_pesquisa_ccf, ic_pesquisa_sicow, ic_pesquisa_receita, ic_tipo_pessoa, ic_dossie_digital, ic_pesquisa_sinad) VALUES (42, 1, 198, 0, 'CHEQUE ESPECIAL CAIXA - SETOR PUBLICO ', false, false, false, false, false, false, false, 'J', false, true);
INSERT INTO mtrtb022_produto (nu_produto, nu_versao, nu_operacao, nu_modalidade, no_produto, ic_contratacao_conjunta, ic_pesquisa_cadin, ic_pesquisa_scpc, ic_pesquisa_serasa, ic_pesquisa_ccf, ic_pesquisa_sicow, ic_pesquisa_receita, ic_tipo_pessoa, ic_dossie_digital, ic_pesquisa_sinad) VALUES (43, 1, 734, 0, 'GIROCAIXA FACIL ', false, false, false, false, false, false, false, 'J', false, true);
INSERT INTO mtrtb022_produto (nu_produto, nu_versao, nu_operacao, nu_modalidade, no_produto, ic_contratacao_conjunta, ic_pesquisa_cadin, ic_pesquisa_scpc, ic_pesquisa_serasa, ic_pesquisa_ccf, ic_pesquisa_sicow, ic_pesquisa_receita, ic_tipo_pessoa, ic_dossie_digital, ic_pesquisa_sinad) VALUES (44, 1, 183, 0, 'GIRO CAIXA INSTANTANEO MULTIP ', false, false, false, false, false, false, false, 'J', false, true);
INSERT INTO mtrtb022_produto (nu_produto, nu_versao, nu_operacao, nu_modalidade, no_produto, ic_contratacao_conjunta, ic_pesquisa_cadin, ic_pesquisa_scpc, ic_pesquisa_serasa, ic_pesquisa_ccf, ic_pesquisa_sicow, ic_pesquisa_receita, ic_tipo_pessoa, ic_dossie_digital, ic_pesquisa_sinad) VALUES (45, 1, 3147, 0, 'FINANC A EXPORT CAIXA-COMP-PJ PUBLICA ', false, false, false, false, false, false, false, 'J', false, true);
INSERT INTO mtrtb022_produto (nu_produto, nu_versao, nu_operacao, nu_modalidade, no_produto, ic_contratacao_conjunta, ic_pesquisa_cadin, ic_pesquisa_scpc, ic_pesquisa_serasa, ic_pesquisa_ccf, ic_pesquisa_sicow, ic_pesquisa_receita, ic_tipo_pessoa, ic_dossie_digital, ic_pesquisa_sinad) VALUES (46, 1, 4097, 0, 'FINANC INFRAESTRUTURA ST PUB - FINISA ', false, false, false, false, false, false, false, 'J', false, true);
INSERT INTO mtrtb022_produto (nu_produto, nu_versao, nu_operacao, nu_modalidade, no_produto, ic_contratacao_conjunta, ic_pesquisa_cadin, ic_pesquisa_scpc, ic_pesquisa_serasa, ic_pesquisa_ccf, ic_pesquisa_sicow, ic_pesquisa_receita, ic_tipo_pessoa, ic_dossie_digital, ic_pesquisa_sinad) VALUES (47, 1, 4154, 0, 'FINISA INFRAESTRUTURA - SETOR PRIVADO ', false, false, false, false, false, false, false, 'J', false, true);
INSERT INTO mtrtb022_produto (nu_produto, nu_versao, nu_operacao, nu_modalidade, no_produto, ic_contratacao_conjunta, ic_pesquisa_cadin, ic_pesquisa_scpc, ic_pesquisa_serasa, ic_pesquisa_ccf, ic_pesquisa_sicow, ic_pesquisa_receita, ic_tipo_pessoa, ic_dossie_digital, ic_pesquisa_sinad) VALUES (48, 1, 417, 0, 'ALIEN IMOV PATRIM COMERC CX-PJ ', false, false, false, false, false, false, false, 'J', false, true);
INSERT INTO mtrtb022_produto (nu_produto, nu_versao, nu_operacao, nu_modalidade, no_produto, ic_contratacao_conjunta, ic_pesquisa_cadin, ic_pesquisa_scpc, ic_pesquisa_serasa, ic_pesquisa_ccf, ic_pesquisa_sicow, ic_pesquisa_receita, ic_tipo_pessoa, ic_dossie_digital, ic_pesquisa_sinad) VALUES (49, 1, 797, 0, 'CARTAO DE CREDITO - PJ ', false, false, false, false, false, false, false, 'J', false, true);
INSERT INTO mtrtb022_produto (nu_produto, nu_versao, nu_operacao, nu_modalidade, no_produto, ic_contratacao_conjunta, ic_pesquisa_cadin, ic_pesquisa_scpc, ic_pesquisa_serasa, ic_pesquisa_ccf, ic_pesquisa_sicow, ic_pesquisa_receita, ic_tipo_pessoa, ic_dossie_digital, ic_pesquisa_sinad) VALUES (50, 1, 717, 0, 'BNDES GIRO ', false, false, false, false, false, false, false, 'J', false, true);
INSERT INTO mtrtb022_produto (nu_produto, nu_versao, nu_operacao, nu_modalidade, no_produto, ic_contratacao_conjunta, ic_pesquisa_cadin, ic_pesquisa_scpc, ic_pesquisa_serasa, ic_pesquisa_ccf, ic_pesquisa_sicow, ic_pesquisa_receita, ic_tipo_pessoa, ic_dossie_digital, ic_pesquisa_sinad) VALUES (51, 1, 22, 100, 'DEPOSITO POUPANCA - PJ CONTAS ENCERRADAS', false, false, false, false, false, false, false, 'J', false, true);
INSERT INTO mtrtb022_produto (nu_produto, nu_versao, nu_operacao, nu_modalidade, no_produto, ic_contratacao_conjunta, ic_pesquisa_cadin, ic_pesquisa_scpc, ic_pesquisa_serasa, ic_pesquisa_ccf, ic_pesquisa_sicow, ic_pesquisa_receita, ic_tipo_pessoa, ic_dossie_digital, ic_pesquisa_sinad) VALUES (52, 1, 4016, 0, 'HAB PRO - MORADIA ST PUBLICO FGTS ', false, false, false, false, false, false, false, 'J', false, true);
INSERT INTO mtrtb022_produto (nu_produto, nu_versao, nu_operacao, nu_modalidade, no_produto, ic_contratacao_conjunta, ic_pesquisa_cadin, ic_pesquisa_scpc, ic_pesquisa_serasa, ic_pesquisa_ccf, ic_pesquisa_sicow, ic_pesquisa_receita, ic_tipo_pessoa, ic_dossie_digital, ic_pesquisa_sinad) VALUES (53, 1, 4127, 0, 'FINANC A PROD EMPREST PJ - REC FGTS ', false, false, false, false, false, false, false, 'J', false, true);
INSERT INTO mtrtb022_produto (nu_produto, nu_versao, nu_operacao, nu_modalidade, no_produto, ic_contratacao_conjunta, ic_pesquisa_cadin, ic_pesquisa_scpc, ic_pesquisa_serasa, ic_pesquisa_ccf, ic_pesquisa_sicow, ic_pesquisa_receita, ic_tipo_pessoa, ic_dossie_digital, ic_pesquisa_sinad) VALUES (54, 1, 4560, 0, 'CRED ADQ BAMERINDUS SEM FCVS - PJ ', false, false, false, false, false, false, false, 'J', false, true);
INSERT INTO mtrtb022_produto (nu_produto, nu_versao, nu_operacao, nu_modalidade, no_produto, ic_contratacao_conjunta, ic_pesquisa_cadin, ic_pesquisa_scpc, ic_pesquisa_serasa, ic_pesquisa_ccf, ic_pesquisa_sicow, ic_pesquisa_receita, ic_tipo_pessoa, ic_dossie_digital, ic_pesquisa_sinad) VALUES (55, 1, 4258, 0, 'FCP/RODOVIAS - BNDES ', false, false, false, false, false, false, false, 'J', false, true);
INSERT INTO mtrtb022_produto (nu_produto, nu_versao, nu_operacao, nu_modalidade, no_produto, ic_contratacao_conjunta, ic_pesquisa_cadin, ic_pesquisa_scpc, ic_pesquisa_serasa, ic_pesquisa_ccf, ic_pesquisa_sicow, ic_pesquisa_receita, ic_tipo_pessoa, ic_dossie_digital, ic_pesquisa_sinad) VALUES (56, 1, 4397, 0, 'DES PRO-TRANSP-ST PUB-OR FGTS-ENT CAI ', false, false, false, false, false, false, false, 'J', false, true);
INSERT INTO mtrtb022_produto (nu_produto, nu_versao, nu_operacao, nu_modalidade, no_produto, ic_contratacao_conjunta, ic_pesquisa_cadin, ic_pesquisa_scpc, ic_pesquisa_serasa, ic_pesquisa_ccf, ic_pesquisa_sicow, ic_pesquisa_receita, ic_tipo_pessoa, ic_dossie_digital, ic_pesquisa_sinad) VALUES (57, 1, 4559, 0, 'CRED ADQ BANORTE SEM FCVS - PJ ', false, false, false, false, false, false, false, 'J', false, true);
INSERT INTO mtrtb022_produto (nu_produto, nu_versao, nu_operacao, nu_modalidade, no_produto, ic_contratacao_conjunta, ic_pesquisa_cadin, ic_pesquisa_scpc, ic_pesquisa_serasa, ic_pesquisa_ccf, ic_pesquisa_sicow, ic_pesquisa_receita, ic_tipo_pessoa, ic_dossie_digital, ic_pesquisa_sinad) VALUES (58, 1, 4629, 0, 'SANEAMENTO PARA TODOS - ST PUBLICO ', false, false, false, false, false, false, false, 'J', false, true);
INSERT INTO mtrtb022_produto (nu_produto, nu_versao, nu_operacao, nu_modalidade, no_produto, ic_contratacao_conjunta, ic_pesquisa_cadin, ic_pesquisa_scpc, ic_pesquisa_serasa, ic_pesquisa_ccf, ic_pesquisa_sicow, ic_pesquisa_receita, ic_tipo_pessoa, ic_dossie_digital, ic_pesquisa_sinad) VALUES (59, 1, 4630, 0, 'SANEAMENTO PARA TODOS - ST. PRIVADO ', false, false, false, false, false, false, false, 'J', false, true);
INSERT INTO mtrtb022_produto (nu_produto, nu_versao, nu_operacao, nu_modalidade, no_produto, ic_contratacao_conjunta, ic_pesquisa_cadin, ic_pesquisa_scpc, ic_pesquisa_serasa, ic_pesquisa_ccf, ic_pesquisa_sicow, ic_pesquisa_receita, ic_tipo_pessoa, ic_dossie_digital, ic_pesquisa_sinad) VALUES (60, 1, 4635, 0, 'ECONOMICO - CONTRATO PESSOA JURIDICA ', false, false, false, false, false, false, false, 'J', false, true);
INSERT INTO mtrtb022_produto (nu_produto, nu_versao, nu_operacao, nu_modalidade, no_produto, ic_contratacao_conjunta, ic_pesquisa_cadin, ic_pesquisa_scpc, ic_pesquisa_serasa, ic_pesquisa_ccf, ic_pesquisa_sicow, ic_pesquisa_receita, ic_tipo_pessoa, ic_dossie_digital, ic_pesquisa_sinad) VALUES (61, 1, 767, 0, 'CRED ESP EMPRESA-GRANDES CORPOR ', false, false, false, false, false, false, false, 'J', false, true);
INSERT INTO mtrtb022_produto (nu_produto, nu_versao, nu_operacao, nu_modalidade, no_produto, ic_contratacao_conjunta, ic_pesquisa_cadin, ic_pesquisa_scpc, ic_pesquisa_serasa, ic_pesquisa_ccf, ic_pesquisa_sicow, ic_pesquisa_receita, ic_tipo_pessoa, ic_dossie_digital, ic_pesquisa_sinad) VALUES (62, 1, 711, 0, 'BNDES AUT-NIV PAD-EMP GR PORT ', false, false, false, false, false, false, false, 'J', false, true);
INSERT INTO mtrtb022_produto (nu_produto, nu_versao, nu_operacao, nu_modalidade, no_produto, ic_contratacao_conjunta, ic_pesquisa_cadin, ic_pesquisa_scpc, ic_pesquisa_serasa, ic_pesquisa_ccf, ic_pesquisa_sicow, ic_pesquisa_receita, ic_tipo_pessoa, ic_dossie_digital, ic_pesquisa_sinad) VALUES (63, 1, 748, 0, 'FINAME EVENTOS ', false, false, false, false, false, false, false, 'J', false, true);
INSERT INTO mtrtb022_produto (nu_produto, nu_versao, nu_operacao, nu_modalidade, no_produto, ic_contratacao_conjunta, ic_pesquisa_cadin, ic_pesquisa_scpc, ic_pesquisa_serasa, ic_pesquisa_ccf, ic_pesquisa_sicow, ic_pesquisa_receita, ic_tipo_pessoa, ic_dossie_digital, ic_pesquisa_sinad) VALUES (64, 1, 763, 0, 'CREDITO ESPECIAL - SETOR PUBLICO ', false, false, false, false, false, false, false, 'J', false, true);
INSERT INTO mtrtb022_produto (nu_produto, nu_versao, nu_operacao, nu_modalidade, no_produto, ic_contratacao_conjunta, ic_pesquisa_cadin, ic_pesquisa_scpc, ic_pesquisa_serasa, ic_pesquisa_ccf, ic_pesquisa_sicow, ic_pesquisa_receita, ic_tipo_pessoa, ic_dossie_digital, ic_pesquisa_sinad) VALUES (65, 1, 776, 0, 'CRED ESP   ST PUBLICO - INVEST ', false, false, false, false, false, false, false, 'J', false, true);
INSERT INTO mtrtb022_produto (nu_produto, nu_versao, nu_operacao, nu_modalidade, no_produto, ic_contratacao_conjunta, ic_pesquisa_cadin, ic_pesquisa_scpc, ic_pesquisa_serasa, ic_pesquisa_ccf, ic_pesquisa_sicow, ic_pesquisa_receita, ic_tipo_pessoa, ic_dossie_digital, ic_pesquisa_sinad) VALUES (66, 1, 4681, 0, 'FINAN A PROD MPE SBPE EMPR RESID PJ ', false, false, false, false, false, false, false, 'J', false, true);
INSERT INTO mtrtb022_produto (nu_produto, nu_versao, nu_operacao, nu_modalidade, no_produto, ic_contratacao_conjunta, ic_pesquisa_cadin, ic_pesquisa_scpc, ic_pesquisa_serasa, ic_pesquisa_ccf, ic_pesquisa_sicow, ic_pesquisa_receita, ic_tipo_pessoa, ic_dossie_digital, ic_pesquisa_sinad) VALUES (67, 1, 4682, 0, 'FINANC A PRODUCAO EMPREST PJ - REC SBPE ', false, false, false, false, false, false, false, 'J', false, true);
INSERT INTO mtrtb022_produto (nu_produto, nu_versao, nu_operacao, nu_modalidade, no_produto, ic_contratacao_conjunta, ic_pesquisa_cadin, ic_pesquisa_scpc, ic_pesquisa_serasa, ic_pesquisa_ccf, ic_pesquisa_sicow, ic_pesquisa_receita, ic_tipo_pessoa, ic_dossie_digital, ic_pesquisa_sinad) VALUES (68, 1, 4698, 0, 'CRED IMOBILIARIO-PJ-AQUIS IMOV ', false, false, false, false, false, false, false, 'J', false, true);
INSERT INTO mtrtb022_produto (nu_produto, nu_versao, nu_operacao, nu_modalidade, no_produto, ic_contratacao_conjunta, ic_pesquisa_cadin, ic_pesquisa_scpc, ic_pesquisa_serasa, ic_pesquisa_ccf, ic_pesquisa_sicow, ic_pesquisa_receita, ic_tipo_pessoa, ic_dossie_digital, ic_pesquisa_sinad) VALUES (69, 1, 4747, 0, 'IMOVEL COML - PJ - PRODUCAO - REC SBPE ', false, false, false, false, false, false, false, 'J', false, true);
INSERT INTO mtrtb022_produto (nu_produto, nu_versao, nu_operacao, nu_modalidade, no_produto, ic_contratacao_conjunta, ic_pesquisa_cadin, ic_pesquisa_scpc, ic_pesquisa_serasa, ic_pesquisa_ccf, ic_pesquisa_sicow, ic_pesquisa_receita, ic_tipo_pessoa, ic_dossie_digital, ic_pesquisa_sinad) VALUES (70, 1, 4759, 0, 'IMOVEL COML - PJ - EMPREEND - REC SBPE ', false, false, false, false, false, false, false, 'J', false, true);
INSERT INTO mtrtb022_produto (nu_produto, nu_versao, nu_operacao, nu_modalidade, no_produto, ic_contratacao_conjunta, ic_pesquisa_cadin, ic_pesquisa_scpc, ic_pesquisa_serasa, ic_pesquisa_ccf, ic_pesquisa_sicow, ic_pesquisa_receita, ic_tipo_pessoa, ic_dossie_digital, ic_pesquisa_sinad) VALUES (71, 1, 4785, 0, 'OP. ESTRUT. INFR ESTR- ST.PUBLICO-BNDES ', false, false, false, false, false, false, false, 'J', false, true);
INSERT INTO mtrtb022_produto (nu_produto, nu_versao, nu_operacao, nu_modalidade, no_produto, ic_contratacao_conjunta, ic_pesquisa_cadin, ic_pesquisa_scpc, ic_pesquisa_serasa, ic_pesquisa_ccf, ic_pesquisa_sicow, ic_pesquisa_receita, ic_tipo_pessoa, ic_dossie_digital, ic_pesquisa_sinad) VALUES (72, 1, 4815, 0, 'PEC - MGE - RECURSOS FGTS ', false, false, false, false, false, false, false, 'J', false, true);
INSERT INTO mtrtb022_produto (nu_produto, nu_versao, nu_operacao, nu_modalidade, no_produto, ic_contratacao_conjunta, ic_pesquisa_cadin, ic_pesquisa_scpc, ic_pesquisa_serasa, ic_pesquisa_ccf, ic_pesquisa_sicow, ic_pesquisa_receita, ic_tipo_pessoa, ic_dossie_digital, ic_pesquisa_sinad) VALUES (73, 1, 4816, 0, 'PEC - MGE - RECURSOS SBPE ', false, false, false, false, false, false, false, 'J', false, true);
INSERT INTO mtrtb022_produto (nu_produto, nu_versao, nu_operacao, nu_modalidade, no_produto, ic_contratacao_conjunta, ic_pesquisa_cadin, ic_pesquisa_scpc, ic_pesquisa_serasa, ic_pesquisa_ccf, ic_pesquisa_sicow, ic_pesquisa_receita, ic_tipo_pessoa, ic_dossie_digital, ic_pesquisa_sinad) VALUES (74, 1, 4817, 0, 'PLANO EMP CONSTRUCAO CIVIL - MGE ', false, false, false, false, false, false, false, 'J', false, true);
INSERT INTO mtrtb022_produto (nu_produto, nu_versao, nu_operacao, nu_modalidade, no_produto, ic_contratacao_conjunta, ic_pesquisa_cadin, ic_pesquisa_scpc, ic_pesquisa_serasa, ic_pesquisa_ccf, ic_pesquisa_sicow, ic_pesquisa_receita, ic_tipo_pessoa, ic_dossie_digital, ic_pesquisa_sinad) VALUES (75, 1, 4818, 0, 'PLANO EMPR CONST CIVIL - MGE ', false, false, false, false, false, false, false, 'J', false, true);
INSERT INTO mtrtb022_produto (nu_produto, nu_versao, nu_operacao, nu_modalidade, no_produto, ic_contratacao_conjunta, ic_pesquisa_cadin, ic_pesquisa_scpc, ic_pesquisa_serasa, ic_pesquisa_ccf, ic_pesquisa_sicow, ic_pesquisa_receita, ic_tipo_pessoa, ic_dossie_digital, ic_pesquisa_sinad) VALUES (76, 1, 649, 0, 'BCD - MAQ EQUIPAMENTOS-PRE ', false, false, false, false, false, false, false, 'J', false, true);
INSERT INTO mtrtb022_produto (nu_produto, nu_versao, nu_operacao, nu_modalidade, no_produto, ic_contratacao_conjunta, ic_pesquisa_cadin, ic_pesquisa_scpc, ic_pesquisa_serasa, ic_pesquisa_ccf, ic_pesquisa_sicow, ic_pesquisa_receita, ic_tipo_pessoa, ic_dossie_digital, ic_pesquisa_sinad) VALUES (77, 1, 716, 0, 'BNDES REFINANCIAMENTO ', false, false, false, false, false, false, false, 'J', false, true);
INSERT INTO mtrtb022_produto (nu_produto, nu_versao, nu_operacao, nu_modalidade, no_produto, ic_contratacao_conjunta, ic_pesquisa_cadin, ic_pesquisa_scpc, ic_pesquisa_serasa, ic_pesquisa_ccf, ic_pesquisa_sicow, ic_pesquisa_receita, ic_tipo_pessoa, ic_dossie_digital, ic_pesquisa_sinad) VALUES (78, 1, 4680, 0, 'CAMINHO DA ESCOLA ', false, false, false, false, false, false, false, 'J', false, true);
INSERT INTO mtrtb022_produto (nu_produto, nu_versao, nu_operacao, nu_modalidade, no_produto, ic_contratacao_conjunta, ic_pesquisa_cadin, ic_pesquisa_scpc, ic_pesquisa_serasa, ic_pesquisa_ccf, ic_pesquisa_sicow, ic_pesquisa_receita, ic_tipo_pessoa, ic_dossie_digital, ic_pesquisa_sinad) VALUES (79, 1, 4754, 0, 'FDS - PHP MCMV REPASSE EO- ENTIDADES ', false, false, false, false, false, false, false, 'J', false, true);
INSERT INTO mtrtb022_produto (nu_produto, nu_versao, nu_operacao, nu_modalidade, no_produto, ic_contratacao_conjunta, ic_pesquisa_cadin, ic_pesquisa_scpc, ic_pesquisa_serasa, ic_pesquisa_ccf, ic_pesquisa_sicow, ic_pesquisa_receita, ic_tipo_pessoa, ic_dossie_digital, ic_pesquisa_sinad) VALUES (80, 1, 4872, 0, 'FINAN A PROD MPE FGTS EMPR RESID PJ ', false, false, false, false, false, false, false, 'J', false, true);
INSERT INTO mtrtb022_produto (nu_produto, nu_versao, nu_operacao, nu_modalidade, no_produto, ic_contratacao_conjunta, ic_pesquisa_cadin, ic_pesquisa_scpc, ic_pesquisa_serasa, ic_pesquisa_ccf, ic_pesquisa_sicow, ic_pesquisa_receita, ic_tipo_pessoa, ic_dossie_digital, ic_pesquisa_sinad) VALUES (81, 1, 4894, 0, 'FINISA-MODAL 9 N-RES CMN 2827-ST PUB ', false, false, false, false, false, false, false, 'J', false, true);
INSERT INTO mtrtb022_produto (nu_produto, nu_versao, nu_operacao, nu_modalidade, no_produto, ic_contratacao_conjunta, ic_pesquisa_cadin, ic_pesquisa_scpc, ic_pesquisa_serasa, ic_pesquisa_ccf, ic_pesquisa_sicow, ic_pesquisa_receita, ic_tipo_pessoa, ic_dossie_digital, ic_pesquisa_sinad) VALUES (82, 1, 5014, 0, 'FINANC EMPREENDIMENTO VILA PAN ', false, false, false, false, false, false, false, 'J', false, true);
INSERT INTO mtrtb022_produto (nu_produto, nu_versao, nu_operacao, nu_modalidade, no_produto, ic_contratacao_conjunta, ic_pesquisa_cadin, ic_pesquisa_scpc, ic_pesquisa_serasa, ic_pesquisa_ccf, ic_pesquisa_sicow, ic_pesquisa_receita, ic_tipo_pessoa, ic_dossie_digital, ic_pesquisa_sinad) VALUES (83, 1, 5231, 0, 'INFRAESTRUTURA P/ EMPREEND HABITABIT ', false, false, false, false, false, false, false, 'J', false, true);
INSERT INTO mtrtb022_produto (nu_produto, nu_versao, nu_operacao, nu_modalidade, no_produto, ic_contratacao_conjunta, ic_pesquisa_cadin, ic_pesquisa_scpc, ic_pesquisa_serasa, ic_pesquisa_ccf, ic_pesquisa_sicow, ic_pesquisa_receita, ic_tipo_pessoa, ic_dossie_digital, ic_pesquisa_sinad) VALUES (84, 1, 5658, 0, 'AQUISICAO/REFORMA IMOV COMERCIAL-SBPE-PJ ', false, false, false, false, false, false, false, 'J', false, true);
INSERT INTO mtrtb022_produto (nu_produto, nu_versao, nu_operacao, nu_modalidade, no_produto, ic_contratacao_conjunta, ic_pesquisa_cadin, ic_pesquisa_scpc, ic_pesquisa_serasa, ic_pesquisa_ccf, ic_pesquisa_sicow, ic_pesquisa_receita, ic_tipo_pessoa, ic_dossie_digital, ic_pesquisa_sinad) VALUES (85, 1, 6174, 0, 'CRED RURAL-COOP CRED-PRONAMP INVEST PEC ', false, false, false, false, false, false, false, 'J', false, true);
INSERT INTO mtrtb022_produto (nu_produto, nu_versao, nu_operacao, nu_modalidade, no_produto, ic_contratacao_conjunta, ic_pesquisa_cadin, ic_pesquisa_scpc, ic_pesquisa_serasa, ic_pesquisa_ccf, ic_pesquisa_sicow, ic_pesquisa_receita, ic_tipo_pessoa, ic_dossie_digital, ic_pesquisa_sinad) VALUES (86, 1, 6176, 0, 'CREDITO RURAL - FEPM AGRICOLA- PJ ', false, false, false, false, false, false, false, 'J', false, true);
INSERT INTO mtrtb022_produto (nu_produto, nu_versao, nu_operacao, nu_modalidade, no_produto, ic_contratacao_conjunta, ic_pesquisa_cadin, ic_pesquisa_scpc, ic_pesquisa_serasa, ic_pesquisa_ccf, ic_pesquisa_sicow, ic_pesquisa_receita, ic_tipo_pessoa, ic_dossie_digital, ic_pesquisa_sinad) VALUES (87, 1, 6181, 0, 'CRED RURAL - FEE AGRICOLA - COOPERATIVA ', false, false, false, false, false, false, false, 'J', false, true);
INSERT INTO mtrtb022_produto (nu_produto, nu_versao, nu_operacao, nu_modalidade, no_produto, ic_contratacao_conjunta, ic_pesquisa_cadin, ic_pesquisa_scpc, ic_pesquisa_serasa, ic_pesquisa_ccf, ic_pesquisa_sicow, ic_pesquisa_receita, ic_tipo_pessoa, ic_dossie_digital, ic_pesquisa_sinad) VALUES (88, 1, 6179, 0, 'CREDITO RURAL - FEE AGRICOLA - PJ ', false, false, false, false, false, false, false, 'J', false, true);
INSERT INTO mtrtb022_produto (nu_produto, nu_versao, nu_operacao, nu_modalidade, no_produto, ic_contratacao_conjunta, ic_pesquisa_cadin, ic_pesquisa_scpc, ic_pesquisa_serasa, ic_pesquisa_ccf, ic_pesquisa_sicow, ic_pesquisa_receita, ic_tipo_pessoa, ic_dossie_digital, ic_pesquisa_sinad) VALUES (89, 1, 6178, 0, 'CRED RURAL - FEPM AGRICOLA- COOPERATIVA ', false, false, false, false, false, false, false, 'J', false, true);
INSERT INTO mtrtb022_produto (nu_produto, nu_versao, nu_operacao, nu_modalidade, no_produto, ic_contratacao_conjunta, ic_pesquisa_cadin, ic_pesquisa_scpc, ic_pesquisa_serasa, ic_pesquisa_ccf, ic_pesquisa_sicow, ic_pesquisa_receita, ic_tipo_pessoa, ic_dossie_digital, ic_pesquisa_sinad) VALUES (90, 1, 6182, 0, 'CRED RURAL-ADIANT COOPERADOS - AGRICOLA ', false, false, false, false, false, false, false, 'J', false, true);
INSERT INTO mtrtb022_produto (nu_produto, nu_versao, nu_operacao, nu_modalidade, no_produto, ic_contratacao_conjunta, ic_pesquisa_cadin, ic_pesquisa_scpc, ic_pesquisa_serasa, ic_pesquisa_ccf, ic_pesquisa_sicow, ic_pesquisa_receita, ic_tipo_pessoa, ic_dossie_digital, ic_pesquisa_sinad) VALUES (91, 1, 6184, 0, 'CRED RURAL - FEE PECUARIA - COOPERATIVA ', false, false, false, false, false, false, false, 'J', false, true);
INSERT INTO mtrtb022_produto (nu_produto, nu_versao, nu_operacao, nu_modalidade, no_produto, ic_contratacao_conjunta, ic_pesquisa_cadin, ic_pesquisa_scpc, ic_pesquisa_serasa, ic_pesquisa_ccf, ic_pesquisa_sicow, ic_pesquisa_receita, ic_tipo_pessoa, ic_dossie_digital, ic_pesquisa_sinad) VALUES (92, 1, 6191, 0, 'CRED RURAL CAIXA PRONAMP CC CUSTEIO AGR ', false, false, false, false, false, false, false, 'J', false, true);
INSERT INTO mtrtb022_produto (nu_produto, nu_versao, nu_operacao, nu_modalidade, no_produto, ic_contratacao_conjunta, ic_pesquisa_cadin, ic_pesquisa_scpc, ic_pesquisa_serasa, ic_pesquisa_ccf, ic_pesquisa_sicow, ic_pesquisa_receita, ic_tipo_pessoa, ic_dossie_digital, ic_pesquisa_sinad) VALUES (93, 1, 6210, 0, 'CRED RURAL CAIXA-INVEST AGRIC-PJ ', false, false, false, false, false, false, false, 'J', false, true);
INSERT INTO mtrtb022_produto (nu_produto, nu_versao, nu_operacao, nu_modalidade, no_produto, ic_contratacao_conjunta, ic_pesquisa_cadin, ic_pesquisa_scpc, ic_pesquisa_serasa, ic_pesquisa_ccf, ic_pesquisa_sicow, ic_pesquisa_receita, ic_tipo_pessoa, ic_dossie_digital, ic_pesquisa_sinad) VALUES (94, 1, 6200, 0, 'CRED RURAL CAIXA PRONAF + ALIM CC IP ', false, false, false, false, false, false, false, 'J', false, true);
INSERT INTO mtrtb022_produto (nu_produto, nu_versao, nu_operacao, nu_modalidade, no_produto, ic_contratacao_conjunta, ic_pesquisa_cadin, ic_pesquisa_scpc, ic_pesquisa_serasa, ic_pesquisa_ccf, ic_pesquisa_sicow, ic_pesquisa_receita, ic_tipo_pessoa, ic_dossie_digital, ic_pesquisa_sinad) VALUES (95, 1, 6183, 0, 'CRED RURAL - ADIANT COOPERADOS-PECUARIA ', false, false, false, false, false, false, false, 'J', false, true);
INSERT INTO mtrtb022_produto (nu_produto, nu_versao, nu_operacao, nu_modalidade, no_produto, ic_contratacao_conjunta, ic_pesquisa_cadin, ic_pesquisa_scpc, ic_pesquisa_serasa, ic_pesquisa_ccf, ic_pesquisa_sicow, ic_pesquisa_receita, ic_tipo_pessoa, ic_dossie_digital, ic_pesquisa_sinad) VALUES (96, 1, 6192, 0, 'CRED RURAL CAIXA PRONAMP CC CUSTEIO PEC ', false, false, false, false, false, false, false, 'J', false, true);
INSERT INTO mtrtb022_produto (nu_produto, nu_versao, nu_operacao, nu_modalidade, no_produto, ic_contratacao_conjunta, ic_pesquisa_cadin, ic_pesquisa_scpc, ic_pesquisa_serasa, ic_pesquisa_ccf, ic_pesquisa_sicow, ic_pesquisa_receita, ic_tipo_pessoa, ic_dossie_digital, ic_pesquisa_sinad) VALUES (97, 1, 6186, 0, 'CREDITO RURAL - FEE PECUARIA - PJ ', false, false, false, false, false, false, false, 'J', false, true);
INSERT INTO mtrtb022_produto (nu_produto, nu_versao, nu_operacao, nu_modalidade, no_produto, ic_contratacao_conjunta, ic_pesquisa_cadin, ic_pesquisa_scpc, ic_pesquisa_serasa, ic_pesquisa_ccf, ic_pesquisa_sicow, ic_pesquisa_receita, ic_tipo_pessoa, ic_dossie_digital, ic_pesquisa_sinad) VALUES (98, 1, 6189, 0, 'CREDITO RURAL - FEPM PECUARIA- PJ ', false, false, false, false, false, false, false, 'J', false, true);
INSERT INTO mtrtb022_produto (nu_produto, nu_versao, nu_operacao, nu_modalidade, no_produto, ic_contratacao_conjunta, ic_pesquisa_cadin, ic_pesquisa_scpc, ic_pesquisa_serasa, ic_pesquisa_ccf, ic_pesquisa_sicow, ic_pesquisa_receita, ic_tipo_pessoa, ic_dossie_digital, ic_pesquisa_sinad) VALUES (99, 1, 6196, 0, 'CRED RURAL CAIXA PRONAMP CUST AGRIC PJ ', false, false, false, false, false, false, false, 'J', false, true);
INSERT INTO mtrtb022_produto (nu_produto, nu_versao, nu_operacao, nu_modalidade, no_produto, ic_contratacao_conjunta, ic_pesquisa_cadin, ic_pesquisa_scpc, ic_pesquisa_serasa, ic_pesquisa_ccf, ic_pesquisa_sicow, ic_pesquisa_receita, ic_tipo_pessoa, ic_dossie_digital, ic_pesquisa_sinad) VALUES (100, 1, 6198, 0, 'CRED RURAL CAIXA PRONAMP CUSTEIO PEC PJ ', false, false, false, false, false, false, false, 'J', false, true);
INSERT INTO mtrtb022_produto (nu_produto, nu_versao, nu_operacao, nu_modalidade, no_produto, ic_contratacao_conjunta, ic_pesquisa_cadin, ic_pesquisa_scpc, ic_pesquisa_serasa, ic_pesquisa_ccf, ic_pesquisa_sicow, ic_pesquisa_receita, ic_tipo_pessoa, ic_dossie_digital, ic_pesquisa_sinad) VALUES (101, 1, 6224, 0, 'CRED RURAL-FGPP PEC-BEN, AGRO E CER-PJ ', false, false, false, false, false, false, false, 'J', false, true);
INSERT INTO mtrtb022_produto (nu_produto, nu_versao, nu_operacao, nu_modalidade, no_produto, ic_contratacao_conjunta, ic_pesquisa_cadin, ic_pesquisa_scpc, ic_pesquisa_serasa, ic_pesquisa_ccf, ic_pesquisa_sicow, ic_pesquisa_receita, ic_tipo_pessoa, ic_dossie_digital, ic_pesquisa_sinad) VALUES (102, 1, 6225, 0, 'CREDITO RURAL-FGPP AGRICOLA-COOPERATIVA ', false, false, false, false, false, false, false, 'J', false, true);
INSERT INTO mtrtb022_produto (nu_produto, nu_versao, nu_operacao, nu_modalidade, no_produto, ic_contratacao_conjunta, ic_pesquisa_cadin, ic_pesquisa_scpc, ic_pesquisa_serasa, ic_pesquisa_ccf, ic_pesquisa_sicow, ic_pesquisa_receita, ic_tipo_pessoa, ic_dossie_digital, ic_pesquisa_sinad) VALUES (103, 1, 6900, 0, 'FINAN RURAL COOPERAT DE CRED-CUST AGRIC ', false, false, false, false, false, false, false, 'J', false, true);
INSERT INTO mtrtb022_produto (nu_produto, nu_versao, nu_operacao, nu_modalidade, no_produto, ic_contratacao_conjunta, ic_pesquisa_cadin, ic_pesquisa_scpc, ic_pesquisa_serasa, ic_pesquisa_ccf, ic_pesquisa_sicow, ic_pesquisa_receita, ic_tipo_pessoa, ic_dossie_digital, ic_pesquisa_sinad) VALUES (104, 1, 6902, 0, 'FINAN RURAL COOPERAT CRED-INVEST AGRIC ', false, false, false, false, false, false, false, 'J', false, true);
INSERT INTO mtrtb022_produto (nu_produto, nu_versao, nu_operacao, nu_modalidade, no_produto, ic_contratacao_conjunta, ic_pesquisa_cadin, ic_pesquisa_scpc, ic_pesquisa_serasa, ic_pesquisa_ccf, ic_pesquisa_sicow, ic_pesquisa_receita, ic_tipo_pessoa, ic_dossie_digital, ic_pesquisa_sinad) VALUES (105, 1, 6204, 0, 'CRED RURAL CAIXA   PRONAF   IA PJ ', false, false, false, false, false, false, false, 'J', false, true);
INSERT INTO mtrtb022_produto (nu_produto, nu_versao, nu_operacao, nu_modalidade, no_produto, ic_contratacao_conjunta, ic_pesquisa_cadin, ic_pesquisa_scpc, ic_pesquisa_serasa, ic_pesquisa_ccf, ic_pesquisa_sicow, ic_pesquisa_receita, ic_tipo_pessoa, ic_dossie_digital, ic_pesquisa_sinad) VALUES (106, 1, 6221, 0, 'CREDITO RURAL CAIXA PRONAF COOP CRED-CP ', false, false, false, false, false, false, false, 'J', false, true);
INSERT INTO mtrtb022_produto (nu_produto, nu_versao, nu_operacao, nu_modalidade, no_produto, ic_contratacao_conjunta, ic_pesquisa_cadin, ic_pesquisa_scpc, ic_pesquisa_serasa, ic_pesquisa_ccf, ic_pesquisa_sicow, ic_pesquisa_receita, ic_tipo_pessoa, ic_dossie_digital, ic_pesquisa_sinad) VALUES (107, 1, 6223, 0, 'CREDITO RURAL-FGPP PECUARIA-COOPERATIVA ', false, false, false, false, false, false, false, 'J', false, true);
INSERT INTO mtrtb022_produto (nu_produto, nu_versao, nu_operacao, nu_modalidade, no_produto, ic_contratacao_conjunta, ic_pesquisa_cadin, ic_pesquisa_scpc, ic_pesquisa_serasa, ic_pesquisa_ccf, ic_pesquisa_sicow, ic_pesquisa_receita, ic_tipo_pessoa, ic_dossie_digital, ic_pesquisa_sinad) VALUES (108, 1, 6172, 0, 'C RURAL-LCA RL-COMERCIALIZACAO AGR-PF ', false, false, false, false, false, false, false, 'F', false, true);
INSERT INTO mtrtb022_produto (nu_produto, nu_versao, nu_operacao, nu_modalidade, no_produto, ic_contratacao_conjunta, ic_pesquisa_cadin, ic_pesquisa_scpc, ic_pesquisa_serasa, ic_pesquisa_ccf, ic_pesquisa_sicow, ic_pesquisa_receita, ic_tipo_pessoa, ic_dossie_digital, ic_pesquisa_sinad) VALUES (109, 1, 6222, 0, 'C RURAL PRONAF  COOP DE CRED CUSTEIO AGR ', false, false, false, false, false, false, false, 'J', false, true);
INSERT INTO mtrtb022_produto (nu_produto, nu_versao, nu_operacao, nu_modalidade, no_produto, ic_contratacao_conjunta, ic_pesquisa_cadin, ic_pesquisa_scpc, ic_pesquisa_serasa, ic_pesquisa_ccf, ic_pesquisa_sicow, ic_pesquisa_receita, ic_tipo_pessoa, ic_dossie_digital, ic_pesquisa_sinad) VALUES (110, 1, 6194, 0, 'C RURAL-LCA RL-COMERCIALIZACAO PEC-PJ ', false, false, false, false, false, false, false, 'J', false, true);
INSERT INTO mtrtb022_produto (nu_produto, nu_versao, nu_operacao, nu_modalidade, no_produto, ic_contratacao_conjunta, ic_pesquisa_cadin, ic_pesquisa_scpc, ic_pesquisa_serasa, ic_pesquisa_ccf, ic_pesquisa_sicow, ic_pesquisa_receita, ic_tipo_pessoa, ic_dossie_digital, ic_pesquisa_sinad) VALUES (111, 1, 6202, 0, 'CRED RURAL CAIXA   PRONAF + ALIM   CP IP ', false, false, false, false, false, false, false, 'J', false, true);
INSERT INTO mtrtb022_produto (nu_produto, nu_versao, nu_operacao, nu_modalidade, no_produto, ic_contratacao_conjunta, ic_pesquisa_cadin, ic_pesquisa_scpc, ic_pesquisa_serasa, ic_pesquisa_ccf, ic_pesquisa_sicow, ic_pesquisa_receita, ic_tipo_pessoa, ic_dossie_digital, ic_pesquisa_sinad) VALUES (112, 1, 6207, 0, 'CRED RURAL CAIXA-INVEST AGRIC-COOP CRED ', false, false, false, false, false, false, false, 'J', false, true);
INSERT INTO mtrtb022_produto (nu_produto, nu_versao, nu_operacao, nu_modalidade, no_produto, ic_contratacao_conjunta, ic_pesquisa_cadin, ic_pesquisa_scpc, ic_pesquisa_serasa, ic_pesquisa_ccf, ic_pesquisa_sicow, ic_pesquisa_receita, ic_tipo_pessoa, ic_dossie_digital, ic_pesquisa_sinad) VALUES (113, 1, 6208, 0, 'CRED RURAL CAIXA-INVEST AGRIC-COOP PROD ', false, false, false, false, false, false, false, 'J', false, true);
INSERT INTO mtrtb022_produto (nu_produto, nu_versao, nu_operacao, nu_modalidade, no_produto, ic_contratacao_conjunta, ic_pesquisa_cadin, ic_pesquisa_scpc, ic_pesquisa_serasa, ic_pesquisa_ccf, ic_pesquisa_sicow, ic_pesquisa_receita, ic_tipo_pessoa, ic_dossie_digital, ic_pesquisa_sinad) VALUES (114, 1, 6211, 0, 'CRED RURAL CAIXA-INVEST PEC-COOP CRED ', false, false, false, false, false, false, false, 'J', false, true);
INSERT INTO mtrtb022_produto (nu_produto, nu_versao, nu_operacao, nu_modalidade, no_produto, ic_contratacao_conjunta, ic_pesquisa_cadin, ic_pesquisa_scpc, ic_pesquisa_serasa, ic_pesquisa_ccf, ic_pesquisa_sicow, ic_pesquisa_receita, ic_tipo_pessoa, ic_dossie_digital, ic_pesquisa_sinad) VALUES (115, 1, 4898, 0, 'FINANCIAMENTO FUNDO DA MARINHA MERCANTE ', false, false, false, false, false, false, false, 'J', false, true);
INSERT INTO mtrtb022_produto (nu_produto, nu_versao, nu_operacao, nu_modalidade, no_produto, ic_contratacao_conjunta, ic_pesquisa_cadin, ic_pesquisa_scpc, ic_pesquisa_serasa, ic_pesquisa_ccf, ic_pesquisa_sicow, ic_pesquisa_receita, ic_tipo_pessoa, ic_dossie_digital, ic_pesquisa_sinad) VALUES (116, 1, 6212, 0, 'CRED RURAL CAIXA-INVEST PEC-COOP PROD ', false, false, false, false, false, false, false, 'J', false, true);
INSERT INTO mtrtb022_produto (nu_produto, nu_versao, nu_operacao, nu_modalidade, no_produto, ic_contratacao_conjunta, ic_pesquisa_cadin, ic_pesquisa_scpc, ic_pesquisa_serasa, ic_pesquisa_ccf, ic_pesquisa_sicow, ic_pesquisa_receita, ic_tipo_pessoa, ic_dossie_digital, ic_pesquisa_sinad) VALUES (117, 1, 6214, 0, 'CRED RURAL CAIXA-INVEST PECUARIO-PJ ', false, false, false, false, false, false, false, 'J', false, true);
INSERT INTO mtrtb022_produto (nu_produto, nu_versao, nu_operacao, nu_modalidade, no_produto, ic_contratacao_conjunta, ic_pesquisa_cadin, ic_pesquisa_scpc, ic_pesquisa_serasa, ic_pesquisa_ccf, ic_pesquisa_sicow, ic_pesquisa_receita, ic_tipo_pessoa, ic_dossie_digital, ic_pesquisa_sinad) VALUES (118, 1, 6215, 0, 'CREDITO RURAL CAIXA PRONAF CUST PEC PJ ', false, false, false, false, false, false, false, 'J', false, true);
INSERT INTO mtrtb022_produto (nu_produto, nu_versao, nu_operacao, nu_modalidade, no_produto, ic_contratacao_conjunta, ic_pesquisa_cadin, ic_pesquisa_scpc, ic_pesquisa_serasa, ic_pesquisa_ccf, ic_pesquisa_sicow, ic_pesquisa_receita, ic_tipo_pessoa, ic_dossie_digital, ic_pesquisa_sinad) VALUES (119, 1, 6217, 0, 'CREDITO RURAL CAIXA PRONAF CUST AGR PJ ', false, false, false, false, false, false, false, 'J', false, true);
INSERT INTO mtrtb022_produto (nu_produto, nu_versao, nu_operacao, nu_modalidade, no_produto, ic_contratacao_conjunta, ic_pesquisa_cadin, ic_pesquisa_scpc, ic_pesquisa_serasa, ic_pesquisa_ccf, ic_pesquisa_sicow, ic_pesquisa_receita, ic_tipo_pessoa, ic_dossie_digital, ic_pesquisa_sinad) VALUES (120, 1, 6220, 0, 'C RURAL - LCA RL - CUSTEIO AGRICOLA PJ ', false, false, false, false, false, false, false, 'J', false, true);
INSERT INTO mtrtb022_produto (nu_produto, nu_versao, nu_operacao, nu_modalidade, no_produto, ic_contratacao_conjunta, ic_pesquisa_cadin, ic_pesquisa_scpc, ic_pesquisa_serasa, ic_pesquisa_ccf, ic_pesquisa_sicow, ic_pesquisa_receita, ic_tipo_pessoa, ic_dossie_digital, ic_pesquisa_sinad) VALUES (121, 1, 6230, 0, 'CREDITO RURAL - CUSTEIO BENEF AGR - COOP ', false, false, false, false, false, false, false, 'J', false, true);
INSERT INTO mtrtb022_produto (nu_produto, nu_versao, nu_operacao, nu_modalidade, no_produto, ic_contratacao_conjunta, ic_pesquisa_cadin, ic_pesquisa_scpc, ic_pesquisa_serasa, ic_pesquisa_ccf, ic_pesquisa_sicow, ic_pesquisa_receita, ic_tipo_pessoa, ic_dossie_digital, ic_pesquisa_sinad) VALUES (122, 1, 6231, 0, 'CREDITO RURAL - CUSTEIO BENEF PEC - COOP ', false, false, false, false, false, false, false, 'J', false, true);
INSERT INTO mtrtb022_produto (nu_produto, nu_versao, nu_operacao, nu_modalidade, no_produto, ic_contratacao_conjunta, ic_pesquisa_cadin, ic_pesquisa_scpc, ic_pesquisa_serasa, ic_pesquisa_ccf, ic_pesquisa_sicow, ic_pesquisa_receita, ic_tipo_pessoa, ic_dossie_digital, ic_pesquisa_sinad) VALUES (123, 1, 6239, 0, 'FINAME AGRICOLA - AGRICULTURA PJ ', false, false, false, false, false, false, false, 'J', false, true);
INSERT INTO mtrtb022_produto (nu_produto, nu_versao, nu_operacao, nu_modalidade, no_produto, ic_contratacao_conjunta, ic_pesquisa_cadin, ic_pesquisa_scpc, ic_pesquisa_serasa, ic_pesquisa_ccf, ic_pesquisa_sicow, ic_pesquisa_receita, ic_tipo_pessoa, ic_dossie_digital, ic_pesquisa_sinad) VALUES (124, 1, 6241, 0, 'FINAME AGRICOLA - PECUARIA PJ ', false, false, false, false, false, false, false, 'J', false, true);
INSERT INTO mtrtb022_produto (nu_produto, nu_versao, nu_operacao, nu_modalidade, no_produto, ic_contratacao_conjunta, ic_pesquisa_cadin, ic_pesquisa_scpc, ic_pesquisa_serasa, ic_pesquisa_ccf, ic_pesquisa_sicow, ic_pesquisa_receita, ic_tipo_pessoa, ic_dossie_digital, ic_pesquisa_sinad) VALUES (125, 1, 6254, 0, 'CR. RURAL - R. LIVRES - INVEST. AGR PJ ', false, false, false, false, false, false, false, 'J', false, true);
INSERT INTO mtrtb022_produto (nu_produto, nu_versao, nu_operacao, nu_modalidade, no_produto, ic_contratacao_conjunta, ic_pesquisa_cadin, ic_pesquisa_scpc, ic_pesquisa_serasa, ic_pesquisa_ccf, ic_pesquisa_sicow, ic_pesquisa_receita, ic_tipo_pessoa, ic_dossie_digital, ic_pesquisa_sinad) VALUES (126, 1, 6906, 0, 'FINAN RURAL COOPERAT PROD-INVEST AGRIC ', false, false, false, false, false, false, false, 'J', false, true);
INSERT INTO mtrtb022_produto (nu_produto, nu_versao, nu_operacao, nu_modalidade, no_produto, ic_contratacao_conjunta, ic_pesquisa_cadin, ic_pesquisa_scpc, ic_pesquisa_serasa, ic_pesquisa_ccf, ic_pesquisa_sicow, ic_pesquisa_receita, ic_tipo_pessoa, ic_dossie_digital, ic_pesquisa_sinad) VALUES (127, 1, 0, 11, 'GARANTIA HABITACIONAL - PJ', false, false, false, false, false, false, false, 'J', false, true);
INSERT INTO mtrtb022_produto (nu_produto, nu_versao, nu_operacao, nu_modalidade, no_produto, ic_contratacao_conjunta, ic_pesquisa_cadin, ic_pesquisa_scpc, ic_pesquisa_serasa, ic_pesquisa_ccf, ic_pesquisa_sicow, ic_pesquisa_receita, ic_tipo_pessoa, ic_dossie_digital, ic_pesquisa_sinad) VALUES (128, 1, 0, 12, 'COMERCIAL GEVOP - PJ', false, false, false, false, false, false, false, 'J', false, true);
INSERT INTO mtrtb022_produto (nu_produto, nu_versao, nu_operacao, nu_modalidade, no_produto, ic_contratacao_conjunta, ic_pesquisa_cadin, ic_pesquisa_scpc, ic_pesquisa_serasa, ic_pesquisa_ccf, ic_pesquisa_sicow, ic_pesquisa_receita, ic_tipo_pessoa, ic_dossie_digital, ic_pesquisa_sinad) VALUES (129, 1, 0, 15, 'AUTORIZ. CADASTRO POSITIVO PJ', false, false, false, false, false, false, false, 'J', false, true);
INSERT INTO mtrtb022_produto (nu_produto, nu_versao, nu_operacao, nu_modalidade, no_produto, ic_contratacao_conjunta, ic_pesquisa_cadin, ic_pesquisa_scpc, ic_pesquisa_serasa, ic_pesquisa_ccf, ic_pesquisa_sicow, ic_pesquisa_receita, ic_tipo_pessoa, ic_dossie_digital, ic_pesquisa_sinad) VALUES (130, 1, 0, 17, 'CANCEL. CADASTRO POSITIVO PJ', false, false, false, false, false, false, false, 'J', false, true);
INSERT INTO mtrtb022_produto (nu_produto, nu_versao, nu_operacao, nu_modalidade, no_produto, ic_contratacao_conjunta, ic_pesquisa_cadin, ic_pesquisa_scpc, ic_pesquisa_serasa, ic_pesquisa_ccf, ic_pesquisa_sicow, ic_pesquisa_receita, ic_tipo_pessoa, ic_dossie_digital, ic_pesquisa_sinad) VALUES (131, 1, 7605, 0, 'CREDITO ESPECIAL EMPRESA - PRE - MPE ', false, false, false, false, false, false, false, 'J', false, true);
INSERT INTO mtrtb022_produto (nu_produto, nu_versao, nu_operacao, nu_modalidade, no_produto, ic_contratacao_conjunta, ic_pesquisa_cadin, ic_pesquisa_scpc, ic_pesquisa_serasa, ic_pesquisa_ccf, ic_pesquisa_sicow, ic_pesquisa_receita, ic_tipo_pessoa, ic_dossie_digital, ic_pesquisa_sinad) VALUES (132, 1, 465, 0, 'APLIC FUNGETUR ', false, false, false, false, false, false, false, 'J', false, true);
INSERT INTO mtrtb022_produto (nu_produto, nu_versao, nu_operacao, nu_modalidade, no_produto, ic_contratacao_conjunta, ic_pesquisa_cadin, ic_pesquisa_scpc, ic_pesquisa_serasa, ic_pesquisa_ccf, ic_pesquisa_sicow, ic_pesquisa_receita, ic_tipo_pessoa, ic_dossie_digital, ic_pesquisa_sinad) VALUES (133, 1, 6917, 0, 'C RURAL - LCA RD - CUSTEIO PECUARIO PJ ', false, false, false, false, false, false, false, 'J', false, true);
INSERT INTO mtrtb022_produto (nu_produto, nu_versao, nu_operacao, nu_modalidade, no_produto, ic_contratacao_conjunta, ic_pesquisa_cadin, ic_pesquisa_scpc, ic_pesquisa_serasa, ic_pesquisa_ccf, ic_pesquisa_sicow, ic_pesquisa_receita, ic_tipo_pessoa, ic_dossie_digital, ic_pesquisa_sinad) VALUES (134, 1, 704, 0, 'GIROCAIXA RECURS CAIXA ', false, false, false, false, false, false, false, 'J', false, true);
INSERT INTO mtrtb022_produto (nu_produto, nu_versao, nu_operacao, nu_modalidade, no_produto, ic_contratacao_conjunta, ic_pesquisa_cadin, ic_pesquisa_scpc, ic_pesquisa_serasa, ic_pesquisa_ccf, ic_pesquisa_sicow, ic_pesquisa_receita, ic_tipo_pessoa, ic_dossie_digital, ic_pesquisa_sinad) VALUES (135, 1, 1048, 0, 'DESCONTO DE DUPLICATAS SINCE ', false, false, false, false, false, false, false, 'J', false, true);
INSERT INTO mtrtb022_produto (nu_produto, nu_versao, nu_operacao, nu_modalidade, no_produto, ic_contratacao_conjunta, ic_pesquisa_cadin, ic_pesquisa_scpc, ic_pesquisa_serasa, ic_pesquisa_ccf, ic_pesquisa_sicow, ic_pesquisa_receita, ic_tipo_pessoa, ic_dossie_digital, ic_pesquisa_sinad) VALUES (136, 1, 6201, 0, 'CRéD RURAL CAIXA   PRONAF + ALIM   CP IA ', false, false, false, false, false, false, false, 'J', false, true);
INSERT INTO mtrtb022_produto (nu_produto, nu_versao, nu_operacao, nu_modalidade, no_produto, ic_contratacao_conjunta, ic_pesquisa_cadin, ic_pesquisa_scpc, ic_pesquisa_serasa, ic_pesquisa_ccf, ic_pesquisa_sicow, ic_pesquisa_receita, ic_tipo_pessoa, ic_dossie_digital, ic_pesquisa_sinad) VALUES (137, 1, 6206, 0, 'CRED RURAL CAIXA   PRONAF   IP PJ ', false, false, false, false, false, false, false, 'J', false, true);
INSERT INTO mtrtb022_produto (nu_produto, nu_versao, nu_operacao, nu_modalidade, no_produto, ic_contratacao_conjunta, ic_pesquisa_cadin, ic_pesquisa_scpc, ic_pesquisa_serasa, ic_pesquisa_ccf, ic_pesquisa_sicow, ic_pesquisa_receita, ic_tipo_pessoa, ic_dossie_digital, ic_pesquisa_sinad) VALUES (138, 1, 6251, 0, 'CR. RURAL - R. LIVRES - COMERC. PEC. PJ ', false, false, false, false, false, false, false, 'J', false, true);
INSERT INTO mtrtb022_produto (nu_produto, nu_versao, nu_operacao, nu_modalidade, no_produto, ic_contratacao_conjunta, ic_pesquisa_cadin, ic_pesquisa_scpc, ic_pesquisa_serasa, ic_pesquisa_ccf, ic_pesquisa_sicow, ic_pesquisa_receita, ic_tipo_pessoa, ic_dossie_digital, ic_pesquisa_sinad) VALUES (139, 1, 6252, 0, 'CR. RURAL - REC. LIVRES - CUSTEIO AGR PJ ', false, false, false, false, false, false, false, 'J', false, true);
INSERT INTO mtrtb022_produto (nu_produto, nu_versao, nu_operacao, nu_modalidade, no_produto, ic_contratacao_conjunta, ic_pesquisa_cadin, ic_pesquisa_scpc, ic_pesquisa_serasa, ic_pesquisa_ccf, ic_pesquisa_sicow, ic_pesquisa_receita, ic_tipo_pessoa, ic_dossie_digital, ic_pesquisa_sinad) VALUES (140, 1, 7000, 0, 'FIANCA BANCARIA CAIXA ', false, false, false, false, false, false, false, 'J', false, true);
INSERT INTO mtrtb022_produto (nu_produto, nu_versao, nu_operacao, nu_modalidade, no_produto, ic_contratacao_conjunta, ic_pesquisa_cadin, ic_pesquisa_scpc, ic_pesquisa_serasa, ic_pesquisa_ccf, ic_pesquisa_sicow, ic_pesquisa_receita, ic_tipo_pessoa, ic_dossie_digital, ic_pesquisa_sinad) VALUES (141, 1, 7001, 1, 'CREDITO RURAL - PJ', false, false, false, false, false, false, false, 'J', false, true);
INSERT INTO mtrtb022_produto (nu_produto, nu_versao, nu_operacao, nu_modalidade, no_produto, ic_contratacao_conjunta, ic_pesquisa_cadin, ic_pesquisa_scpc, ic_pesquisa_serasa, ic_pesquisa_ccf, ic_pesquisa_sicow, ic_pesquisa_receita, ic_tipo_pessoa, ic_dossie_digital, ic_pesquisa_sinad) VALUES (142, 1, 6253, 0, 'CR. RURAL - REC. LIVRES - CUSTEIO PEC PJ ', false, false, false, false, false, false, false, 'J', false, true);
INSERT INTO mtrtb022_produto (nu_produto, nu_versao, nu_operacao, nu_modalidade, no_produto, ic_contratacao_conjunta, ic_pesquisa_cadin, ic_pesquisa_scpc, ic_pesquisa_serasa, ic_pesquisa_ccf, ic_pesquisa_sicow, ic_pesquisa_receita, ic_tipo_pessoa, ic_dossie_digital, ic_pesquisa_sinad) VALUES (143, 1, 6255, 0, 'CR. RURAL - R. LIVRES - INVEST. PEC PJ ', false, false, false, false, false, false, false, 'J', false, true);
INSERT INTO mtrtb022_produto (nu_produto, nu_versao, nu_operacao, nu_modalidade, no_produto, ic_contratacao_conjunta, ic_pesquisa_cadin, ic_pesquisa_scpc, ic_pesquisa_serasa, ic_pesquisa_ccf, ic_pesquisa_sicow, ic_pesquisa_receita, ic_tipo_pessoa, ic_dossie_digital, ic_pesquisa_sinad) VALUES (144, 1, 6918, 0, 'FINAN AGROIND-INVEST AGROIND OUT FINS PJ ', false, false, false, false, false, false, false, 'J', false, true);
INSERT INTO mtrtb022_produto (nu_produto, nu_versao, nu_operacao, nu_modalidade, no_produto, ic_contratacao_conjunta, ic_pesquisa_cadin, ic_pesquisa_scpc, ic_pesquisa_serasa, ic_pesquisa_ccf, ic_pesquisa_sicow, ic_pesquisa_receita, ic_tipo_pessoa, ic_dossie_digital, ic_pesquisa_sinad) VALUES (145, 1, 6919, 0, 'FINAN AGROIND-INVEST SERVICOS PJ ', false, false, false, false, false, false, false, 'J', false, true);
INSERT INTO mtrtb022_produto (nu_produto, nu_versao, nu_operacao, nu_modalidade, no_produto, ic_contratacao_conjunta, ic_pesquisa_cadin, ic_pesquisa_scpc, ic_pesquisa_serasa, ic_pesquisa_ccf, ic_pesquisa_sicow, ic_pesquisa_receita, ic_tipo_pessoa, ic_dossie_digital, ic_pesquisa_sinad) VALUES (146, 1, 3, 0, 'CONTA CORRENTE PESSOA JURIDICA ', false, false, false, false, false, false, false, 'J', false, true);
INSERT INTO mtrtb022_produto (nu_produto, nu_versao, nu_operacao, nu_modalidade, no_produto, ic_contratacao_conjunta, ic_pesquisa_cadin, ic_pesquisa_scpc, ic_pesquisa_serasa, ic_pesquisa_ccf, ic_pesquisa_sicow, ic_pesquisa_receita, ic_tipo_pessoa, ic_dossie_digital, ic_pesquisa_sinad) VALUES (147, 1, 466, 0, 'PROVIAS-PROG.DE INTERVENCOES VIARIAS ', false, false, false, false, false, false, false, 'J', false, true);
INSERT INTO mtrtb022_produto (nu_produto, nu_versao, nu_operacao, nu_modalidade, no_produto, ic_contratacao_conjunta, ic_pesquisa_cadin, ic_pesquisa_scpc, ic_pesquisa_serasa, ic_pesquisa_ccf, ic_pesquisa_sicow, ic_pesquisa_receita, ic_tipo_pessoa, ic_dossie_digital, ic_pesquisa_sinad) VALUES (148, 1, 4917, 0, 'OPERACOES ESTRUTURADAS-ST PRIV-BNDES ', false, false, false, false, false, false, false, 'J', false, true);
INSERT INTO mtrtb022_produto (nu_produto, nu_versao, nu_operacao, nu_modalidade, no_produto, ic_contratacao_conjunta, ic_pesquisa_cadin, ic_pesquisa_scpc, ic_pesquisa_serasa, ic_pesquisa_ccf, ic_pesquisa_sicow, ic_pesquisa_receita, ic_tipo_pessoa, ic_dossie_digital, ic_pesquisa_sinad) VALUES (149, 1, 4920, 0, 'APOIO A PRODUCAO PJ COM ANTECIPACAO-SBPE ', false, false, false, false, false, false, false, 'J', false, true);
INSERT INTO mtrtb022_produto (nu_produto, nu_versao, nu_operacao, nu_modalidade, no_produto, ic_contratacao_conjunta, ic_pesquisa_cadin, ic_pesquisa_scpc, ic_pesquisa_serasa, ic_pesquisa_ccf, ic_pesquisa_sicow, ic_pesquisa_receita, ic_tipo_pessoa, ic_dossie_digital, ic_pesquisa_sinad) VALUES (150, 1, 4926, 0, 'FINISA OPER ESPECIAIS ST PRIVADO ', false, false, false, false, false, false, false, 'J', false, true);
INSERT INTO mtrtb022_produto (nu_produto, nu_versao, nu_operacao, nu_modalidade, no_produto, ic_contratacao_conjunta, ic_pesquisa_cadin, ic_pesquisa_scpc, ic_pesquisa_serasa, ic_pesquisa_ccf, ic_pesquisa_sicow, ic_pesquisa_receita, ic_tipo_pessoa, ic_dossie_digital, ic_pesquisa_sinad) VALUES (151, 1, 558, 0, 'REDESHOP ', false, false, false, false, false, false, false, 'J', false, true);
INSERT INTO mtrtb022_produto (nu_produto, nu_versao, nu_operacao, nu_modalidade, no_produto, ic_contratacao_conjunta, ic_pesquisa_cadin, ic_pesquisa_scpc, ic_pesquisa_serasa, ic_pesquisa_ccf, ic_pesquisa_sicow, ic_pesquisa_receita, ic_tipo_pessoa, ic_dossie_digital, ic_pesquisa_sinad) VALUES (152, 1, 691, 0, 'RENEGOCIACAO - PJ - PRE ', false, false, false, false, false, false, false, 'J', false, true);
INSERT INTO mtrtb022_produto (nu_produto, nu_versao, nu_operacao, nu_modalidade, no_produto, ic_contratacao_conjunta, ic_pesquisa_cadin, ic_pesquisa_scpc, ic_pesquisa_serasa, ic_pesquisa_ccf, ic_pesquisa_sicow, ic_pesquisa_receita, ic_tipo_pessoa, ic_dossie_digital, ic_pesquisa_sinad) VALUES (153, 1, 714, 0, 'FINAME NIV ESP-MIC-PEQ-MED EMPRESA ', false, false, false, false, false, false, false, 'J', false, true);
INSERT INTO mtrtb022_produto (nu_produto, nu_versao, nu_operacao, nu_modalidade, no_produto, ic_contratacao_conjunta, ic_pesquisa_cadin, ic_pesquisa_scpc, ic_pesquisa_serasa, ic_pesquisa_ccf, ic_pesquisa_sicow, ic_pesquisa_receita, ic_tipo_pessoa, ic_dossie_digital, ic_pesquisa_sinad) VALUES (154, 1, 7615, 0, 'GIRO CAIXA EMPRESARIAL ', false, false, false, false, false, false, false, 'J', false, true);
INSERT INTO mtrtb022_produto (nu_produto, nu_versao, nu_operacao, nu_modalidade, no_produto, ic_contratacao_conjunta, ic_pesquisa_cadin, ic_pesquisa_scpc, ic_pesquisa_serasa, ic_pesquisa_ccf, ic_pesquisa_sicow, ic_pesquisa_receita, ic_tipo_pessoa, ic_dossie_digital, ic_pesquisa_sinad) VALUES (155, 1, 6193, 0, 'C RURAL-LCA RL-COMERCIALIZACAO PEC-PF ', false, false, false, false, false, false, false, 'F', false, true);
INSERT INTO mtrtb022_produto (nu_produto, nu_versao, nu_operacao, nu_modalidade, no_produto, ic_contratacao_conjunta, ic_pesquisa_cadin, ic_pesquisa_scpc, ic_pesquisa_serasa, ic_pesquisa_ccf, ic_pesquisa_sicow, ic_pesquisa_receita, ic_tipo_pessoa, ic_dossie_digital, ic_pesquisa_sinad) VALUES (156, 1, 5657, 0, 'AQUISICAO DE IMOV COM - REABILITADO - SB ', false, false, false, false, false, false, false, 'J', false, true);
INSERT INTO mtrtb022_produto (nu_produto, nu_versao, nu_operacao, nu_modalidade, no_produto, ic_contratacao_conjunta, ic_pesquisa_cadin, ic_pesquisa_scpc, ic_pesquisa_serasa, ic_pesquisa_ccf, ic_pesquisa_sicow, ic_pesquisa_receita, ic_tipo_pessoa, ic_dossie_digital, ic_pesquisa_sinad) VALUES (157, 1, 4532, 0, 'FCP-OPER ESTRUT ENERGIA - BNDES PRIV ', false, false, false, false, false, false, false, 'J', false, true);
INSERT INTO mtrtb022_produto (nu_produto, nu_versao, nu_operacao, nu_modalidade, no_produto, ic_contratacao_conjunta, ic_pesquisa_cadin, ic_pesquisa_scpc, ic_pesquisa_serasa, ic_pesquisa_ccf, ic_pesquisa_sicow, ic_pesquisa_receita, ic_tipo_pessoa, ic_dossie_digital, ic_pesquisa_sinad) VALUES (158, 1, 792, 0, 'ROTATIVO CARTAO BNDES ', false, false, false, false, false, false, false, 'J', false, true);
INSERT INTO mtrtb022_produto (nu_produto, nu_versao, nu_operacao, nu_modalidade, no_produto, ic_contratacao_conjunta, ic_pesquisa_cadin, ic_pesquisa_scpc, ic_pesquisa_serasa, ic_pesquisa_ccf, ic_pesquisa_sicow, ic_pesquisa_receita, ic_tipo_pessoa, ic_dossie_digital, ic_pesquisa_sinad) VALUES (159, 1, 0, 21, 'LOTERICOS', false, false, false, false, false, false, false, 'J', false, true);
INSERT INTO mtrtb022_produto (nu_produto, nu_versao, nu_operacao, nu_modalidade, no_produto, ic_contratacao_conjunta, ic_pesquisa_cadin, ic_pesquisa_scpc, ic_pesquisa_serasa, ic_pesquisa_ccf, ic_pesquisa_sicow, ic_pesquisa_receita, ic_tipo_pessoa, ic_dossie_digital, ic_pesquisa_sinad) VALUES (160, 1, 93, 0, 'CHEQUE ORDEM DE PAGAMENTO ', false, false, false, false, false, false, false, 'J', false, true);
INSERT INTO mtrtb022_produto (nu_produto, nu_versao, nu_operacao, nu_modalidade, no_produto, ic_contratacao_conjunta, ic_pesquisa_cadin, ic_pesquisa_scpc, ic_pesquisa_serasa, ic_pesquisa_ccf, ic_pesquisa_sicow, ic_pesquisa_receita, ic_tipo_pessoa, ic_dossie_digital, ic_pesquisa_sinad) VALUES (161, 1, 20, 0, 'CHEQUE ADMINISTRATIVO PRONTO PAGAMENTO ', false, false, false, false, false, false, false, 'J', false, true);
INSERT INTO mtrtb022_produto (nu_produto, nu_versao, nu_operacao, nu_modalidade, no_produto, ic_contratacao_conjunta, ic_pesquisa_cadin, ic_pesquisa_scpc, ic_pesquisa_serasa, ic_pesquisa_ccf, ic_pesquisa_sicow, ic_pesquisa_receita, ic_tipo_pessoa, ic_dossie_digital, ic_pesquisa_sinad) VALUES (162, 1, 19, 0, 'DEP FIANCA - POLICIA FEDERAL ', false, false, false, false, false, false, false, 'J', false, true);
INSERT INTO mtrtb022_produto (nu_produto, nu_versao, nu_operacao, nu_modalidade, no_produto, ic_contratacao_conjunta, ic_pesquisa_cadin, ic_pesquisa_scpc, ic_pesquisa_serasa, ic_pesquisa_ccf, ic_pesquisa_sicow, ic_pesquisa_receita, ic_tipo_pessoa, ic_dossie_digital, ic_pesquisa_sinad) VALUES (163, 1, 1301, 0, 'FGTS EMP PROD OP ESP - PJ - RESIDENCIAL ', false, false, false, false, false, false, false, 'J', false, true);
INSERT INTO mtrtb022_produto (nu_produto, nu_versao, nu_operacao, nu_modalidade, no_produto, ic_contratacao_conjunta, ic_pesquisa_cadin, ic_pesquisa_scpc, ic_pesquisa_serasa, ic_pesquisa_ccf, ic_pesquisa_sicow, ic_pesquisa_receita, ic_tipo_pessoa, ic_dossie_digital, ic_pesquisa_sinad) VALUES (164, 1, 349, 0, 'BNDES AUTOMATICO/FINEM PARA ENTES PUBLIC ', false, false, false, false, false, false, false, 'J', false, true);
INSERT INTO mtrtb022_produto (nu_produto, nu_versao, nu_operacao, nu_modalidade, no_produto, ic_contratacao_conjunta, ic_pesquisa_cadin, ic_pesquisa_scpc, ic_pesquisa_serasa, ic_pesquisa_ccf, ic_pesquisa_sicow, ic_pesquisa_receita, ic_tipo_pessoa, ic_dossie_digital, ic_pesquisa_sinad) VALUES (165, 1, 0, 20, 'ESTRATÉGIA - PJ PUBLICA', false, false, false, false, false, false, false, 'J', false, true);
INSERT INTO mtrtb022_produto (nu_produto, nu_versao, nu_operacao, nu_modalidade, no_produto, ic_contratacao_conjunta, ic_pesquisa_cadin, ic_pesquisa_scpc, ic_pesquisa_serasa, ic_pesquisa_ccf, ic_pesquisa_sicow, ic_pesquisa_receita, ic_tipo_pessoa, ic_dossie_digital, ic_pesquisa_sinad) VALUES (166, 1, 22, 0, 'DEPOSITO POUPANCA - PJ ', false, false, false, false, false, false, false, 'J', false, true);
INSERT INTO mtrtb022_produto (nu_produto, nu_versao, nu_operacao, nu_modalidade, no_produto, ic_contratacao_conjunta, ic_pesquisa_cadin, ic_pesquisa_scpc, ic_pesquisa_serasa, ic_pesquisa_ccf, ic_pesquisa_sicow, ic_pesquisa_receita, ic_tipo_pessoa, ic_dossie_digital, ic_pesquisa_sinad) VALUES (167, 1, 5613, 0, 'BNDES CAIXA  CREDITO SIEMP ', false, false, false, false, false, false, false, 'J', false, true);
INSERT INTO mtrtb022_produto (nu_produto, nu_versao, nu_operacao, nu_modalidade, no_produto, ic_contratacao_conjunta, ic_pesquisa_cadin, ic_pesquisa_scpc, ic_pesquisa_serasa, ic_pesquisa_ccf, ic_pesquisa_sicow, ic_pesquisa_receita, ic_tipo_pessoa, ic_dossie_digital, ic_pesquisa_sinad) VALUES (168, 1, 6, 0, 'DEP. ENT. PUBLICAS ', false, false, false, false, false, false, false, 'J', false, true);
INSERT INTO mtrtb022_produto (nu_produto, nu_versao, nu_operacao, nu_modalidade, no_produto, ic_contratacao_conjunta, ic_pesquisa_cadin, ic_pesquisa_scpc, ic_pesquisa_serasa, ic_pesquisa_ccf, ic_pesquisa_sicow, ic_pesquisa_receita, ic_tipo_pessoa, ic_dossie_digital, ic_pesquisa_sinad) VALUES (169, 1, 7, 0, 'DEP INSTIT FINANCEIRAS ', false, false, false, false, false, false, false, 'J', false, true);
INSERT INTO mtrtb022_produto (nu_produto, nu_versao, nu_operacao, nu_modalidade, no_produto, ic_contratacao_conjunta, ic_pesquisa_cadin, ic_pesquisa_scpc, ic_pesquisa_serasa, ic_pesquisa_ccf, ic_pesquisa_sicow, ic_pesquisa_receita, ic_tipo_pessoa, ic_dossie_digital, ic_pesquisa_sinad) VALUES (170, 1, 9, 0, 'DEP JUD JUSTIC DO TRABALHO ', false, false, false, false, false, false, false, 'J', false, true);
INSERT INTO mtrtb022_produto (nu_produto, nu_versao, nu_operacao, nu_modalidade, no_produto, ic_contratacao_conjunta, ic_pesquisa_cadin, ic_pesquisa_scpc, ic_pesquisa_serasa, ic_pesquisa_ccf, ic_pesquisa_sicow, ic_pesquisa_receita, ic_tipo_pessoa, ic_dossie_digital, ic_pesquisa_sinad) VALUES (171, 1, 10, 0, 'DEP SOB CAUCAO ENT PUBLICAS ', false, false, false, false, false, false, false, 'J', false, true);
INSERT INTO mtrtb022_produto (nu_produto, nu_versao, nu_operacao, nu_modalidade, no_produto, ic_contratacao_conjunta, ic_pesquisa_cadin, ic_pesquisa_scpc, ic_pesquisa_serasa, ic_pesquisa_ccf, ic_pesquisa_sicow, ic_pesquisa_receita, ic_tipo_pessoa, ic_dossie_digital, ic_pesquisa_sinad) VALUES (172, 1, 5623, 0, 'CAIXA MASTERCARD BNDES ', false, false, false, false, false, false, false, 'J', false, true);
INSERT INTO mtrtb022_produto (nu_produto, nu_versao, nu_operacao, nu_modalidade, no_produto, ic_contratacao_conjunta, ic_pesquisa_cadin, ic_pesquisa_scpc, ic_pesquisa_serasa, ic_pesquisa_ccf, ic_pesquisa_sicow, ic_pesquisa_receita, ic_tipo_pessoa, ic_dossie_digital, ic_pesquisa_sinad) VALUES (173, 1, 194, 0, 'CONTA GARANTIDA CAIXA ', false, false, false, false, false, false, false, 'J', false, true);
INSERT INTO mtrtb022_produto (nu_produto, nu_versao, nu_operacao, nu_modalidade, no_produto, ic_contratacao_conjunta, ic_pesquisa_cadin, ic_pesquisa_scpc, ic_pesquisa_serasa, ic_pesquisa_ccf, ic_pesquisa_sicow, ic_pesquisa_receita, ic_tipo_pessoa, ic_dossie_digital, ic_pesquisa_sinad) VALUES (174, 1, 625, 0, 'MICROCREDITO PJ ', false, false, false, false, false, false, false, 'J', false, true);
INSERT INTO mtrtb022_produto (nu_produto, nu_versao, nu_operacao, nu_modalidade, no_produto, ic_contratacao_conjunta, ic_pesquisa_cadin, ic_pesquisa_scpc, ic_pesquisa_serasa, ic_pesquisa_ccf, ic_pesquisa_sicow, ic_pesquisa_receita, ic_tipo_pessoa, ic_dossie_digital, ic_pesquisa_sinad) VALUES (175, 1, 15, 0, 'DEP JUDICIAIS ESP - JUST COMUM ', false, false, false, false, false, false, false, 'J', false, true);
INSERT INTO mtrtb022_produto (nu_produto, nu_versao, nu_operacao, nu_modalidade, no_produto, ic_contratacao_conjunta, ic_pesquisa_cadin, ic_pesquisa_scpc, ic_pesquisa_serasa, ic_pesquisa_ccf, ic_pesquisa_sicow, ic_pesquisa_receita, ic_tipo_pessoa, ic_dossie_digital, ic_pesquisa_sinad) VALUES (176, 1, 779, 0, 'CARTAO DE CREDITO BNDES FIN.ROT.RENEG ', false, false, false, false, false, false, false, 'J', false, true);
INSERT INTO mtrtb022_produto (nu_produto, nu_versao, nu_operacao, nu_modalidade, no_produto, ic_contratacao_conjunta, ic_pesquisa_cadin, ic_pesquisa_scpc, ic_pesquisa_serasa, ic_pesquisa_ccf, ic_pesquisa_sicow, ic_pesquisa_receita, ic_tipo_pessoa, ic_dossie_digital, ic_pesquisa_sinad) VALUES (177, 1, 791, 0, 'PARCELADO CARTAO BNDES ', false, false, false, false, false, false, false, 'J', false, true);
INSERT INTO mtrtb022_produto (nu_produto, nu_versao, nu_operacao, nu_modalidade, no_produto, ic_contratacao_conjunta, ic_pesquisa_cadin, ic_pesquisa_scpc, ic_pesquisa_serasa, ic_pesquisa_ccf, ic_pesquisa_sicow, ic_pesquisa_receita, ic_tipo_pessoa, ic_dossie_digital, ic_pesquisa_sinad) VALUES (178, 1, 606, 19, 'CRED.EMPRESA-POS PARC. PRE CONTRATO', false, false, false, false, false, false, false, 'J', false, true);
INSERT INTO mtrtb022_produto (nu_produto, nu_versao, nu_operacao, nu_modalidade, no_produto, ic_contratacao_conjunta, ic_pesquisa_cadin, ic_pesquisa_scpc, ic_pesquisa_serasa, ic_pesquisa_ccf, ic_pesquisa_sicow, ic_pesquisa_receita, ic_tipo_pessoa, ic_dossie_digital, ic_pesquisa_sinad) VALUES (179, 1, 41, 0, 'DEP. JUD. JUST.FEDER. ESPEC. ', false, false, false, false, false, false, false, 'J', false, true);
INSERT INTO mtrtb022_produto (nu_produto, nu_versao, nu_operacao, nu_modalidade, no_produto, ic_contratacao_conjunta, ic_pesquisa_cadin, ic_pesquisa_scpc, ic_pesquisa_serasa, ic_pesquisa_ccf, ic_pesquisa_sicow, ic_pesquisa_receita, ic_tipo_pessoa, ic_dossie_digital, ic_pesquisa_sinad) VALUES (180, 1, 7400, 0, 'BCD MAQ EQUIP POS MPE ', false, false, false, false, false, false, false, 'J', false, true);
INSERT INTO mtrtb022_produto (nu_produto, nu_versao, nu_operacao, nu_modalidade, no_produto, ic_contratacao_conjunta, ic_pesquisa_cadin, ic_pesquisa_scpc, ic_pesquisa_serasa, ic_pesquisa_ccf, ic_pesquisa_sicow, ic_pesquisa_receita, ic_tipo_pessoa, ic_dossie_digital, ic_pesquisa_sinad) VALUES (181, 1, 1334, 0, 'CRED RURAL - INDUSTRIALIZACAO PECUARIA ', false, false, false, false, false, false, false, 'J', false, true);
INSERT INTO mtrtb022_produto (nu_produto, nu_versao, nu_operacao, nu_modalidade, no_produto, ic_contratacao_conjunta, ic_pesquisa_cadin, ic_pesquisa_scpc, ic_pesquisa_serasa, ic_pesquisa_ccf, ic_pesquisa_sicow, ic_pesquisa_receita, ic_tipo_pessoa, ic_dossie_digital, ic_pesquisa_sinad) VALUES (182, 1, 1333, 0, 'CRED RURAL - INDUSTRIALIZACAO AGRICOLA ', false, false, false, false, false, false, false, 'J', false, true);
INSERT INTO mtrtb022_produto (nu_produto, nu_versao, nu_operacao, nu_modalidade, no_produto, ic_contratacao_conjunta, ic_pesquisa_cadin, ic_pesquisa_scpc, ic_pesquisa_serasa, ic_pesquisa_ccf, ic_pesquisa_sicow, ic_pesquisa_receita, ic_tipo_pessoa, ic_dossie_digital, ic_pesquisa_sinad) VALUES (183, 1, 4866, 0, 'PROGR CONSTRUIR CAIXA PJ IMOVEL RESIDENC ', false, false, false, false, false, false, false, 'J', false, true);
INSERT INTO mtrtb022_produto (nu_produto, nu_versao, nu_operacao, nu_modalidade, no_produto, ic_contratacao_conjunta, ic_pesquisa_cadin, ic_pesquisa_scpc, ic_pesquisa_serasa, ic_pesquisa_ccf, ic_pesquisa_sicow, ic_pesquisa_receita, ic_tipo_pessoa, ic_dossie_digital, ic_pesquisa_sinad) VALUES (184, 1, 4930, 0, 'CREDITO INVESTIMENTOS CORPORATE -  FDA ', false, false, false, false, false, false, false, 'J', false, true);
INSERT INTO mtrtb022_produto (nu_produto, nu_versao, nu_operacao, nu_modalidade, no_produto, ic_contratacao_conjunta, ic_pesquisa_cadin, ic_pesquisa_scpc, ic_pesquisa_serasa, ic_pesquisa_ccf, ic_pesquisa_sicow, ic_pesquisa_receita, ic_tipo_pessoa, ic_dossie_digital, ic_pesquisa_sinad) VALUES (185, 1, 3001, 0, 'ACC-ACE -ADIANTAMENT.CREDITO EXPORTACAO ', false, false, false, false, false, false, false, 'J', false, true);
INSERT INTO mtrtb022_produto (nu_produto, nu_versao, nu_operacao, nu_modalidade, no_produto, ic_contratacao_conjunta, ic_pesquisa_cadin, ic_pesquisa_scpc, ic_pesquisa_serasa, ic_pesquisa_ccf, ic_pesquisa_sicow, ic_pesquisa_receita, ic_tipo_pessoa, ic_dossie_digital, ic_pesquisa_sinad) VALUES (186, 1, 4938, 0, 'INFRA - FDCO - SETOR PRIVADO ', false, false, false, false, false, false, false, 'J', false, true);
INSERT INTO mtrtb022_produto (nu_produto, nu_versao, nu_operacao, nu_modalidade, no_produto, ic_contratacao_conjunta, ic_pesquisa_cadin, ic_pesquisa_scpc, ic_pesquisa_serasa, ic_pesquisa_ccf, ic_pesquisa_sicow, ic_pesquisa_receita, ic_tipo_pessoa, ic_dossie_digital, ic_pesquisa_sinad) VALUES (187, 1, 6, 1, 'DEP. ENT. PUBLICAS NEG. CONTRAPARTIDAS PJ PUB', false, false, false, false, false, false, false, 'J', false, true);
INSERT INTO mtrtb022_produto (nu_produto, nu_versao, nu_operacao, nu_modalidade, no_produto, ic_contratacao_conjunta, ic_pesquisa_cadin, ic_pesquisa_scpc, ic_pesquisa_serasa, ic_pesquisa_ccf, ic_pesquisa_sicow, ic_pesquisa_receita, ic_tipo_pessoa, ic_dossie_digital, ic_pesquisa_sinad) VALUES (188, 1, 6915, 0, 'FINANCIAMENTO RURAL - INVEST AGRICOLA PJ ', false, false, false, false, false, false, false, 'J', false, true);
INSERT INTO mtrtb022_produto (nu_produto, nu_versao, nu_operacao, nu_modalidade, no_produto, ic_contratacao_conjunta, ic_pesquisa_cadin, ic_pesquisa_scpc, ic_pesquisa_serasa, ic_pesquisa_ccf, ic_pesquisa_sicow, ic_pesquisa_receita, ic_tipo_pessoa, ic_dossie_digital, ic_pesquisa_sinad) VALUES (189, 1, 777, 0, 'CRED ESP EMP - GDES CORP - INVEST ', false, false, false, false, false, false, false, 'J', false, true);
INSERT INTO mtrtb022_produto (nu_produto, nu_versao, nu_operacao, nu_modalidade, no_produto, ic_contratacao_conjunta, ic_pesquisa_cadin, ic_pesquisa_scpc, ic_pesquisa_serasa, ic_pesquisa_ccf, ic_pesquisa_sicow, ic_pesquisa_receita, ic_tipo_pessoa, ic_dossie_digital, ic_pesquisa_sinad) VALUES (190, 1, 709, 0, 'BNDES EXIM PRE-EMBARQUE ', false, false, false, false, false, false, false, 'J', false, true);
INSERT INTO mtrtb022_produto (nu_produto, nu_versao, nu_operacao, nu_modalidade, no_produto, ic_contratacao_conjunta, ic_pesquisa_cadin, ic_pesquisa_scpc, ic_pesquisa_serasa, ic_pesquisa_ccf, ic_pesquisa_sicow, ic_pesquisa_receita, ic_tipo_pessoa, ic_dossie_digital, ic_pesquisa_sinad) VALUES (191, 1, 710, 0, 'BNDES AUT-NIV ESP-MIC-PEQ-MED EMP. ', false, false, false, false, false, false, false, 'J', false, true);
INSERT INTO mtrtb022_produto (nu_produto, nu_versao, nu_operacao, nu_modalidade, no_produto, ic_contratacao_conjunta, ic_pesquisa_cadin, ic_pesquisa_scpc, ic_pesquisa_serasa, ic_pesquisa_ccf, ic_pesquisa_sicow, ic_pesquisa_receita, ic_tipo_pessoa, ic_dossie_digital, ic_pesquisa_sinad) VALUES (192, 1, 715, 0, 'FINAME NIV PAD-EMP GDE PORTE ', false, false, false, false, false, false, false, 'J', false, true);
INSERT INTO mtrtb022_produto (nu_produto, nu_versao, nu_operacao, nu_modalidade, no_produto, ic_contratacao_conjunta, ic_pesquisa_cadin, ic_pesquisa_scpc, ic_pesquisa_serasa, ic_pesquisa_ccf, ic_pesquisa_sicow, ic_pesquisa_receita, ic_tipo_pessoa, ic_dossie_digital, ic_pesquisa_sinad) VALUES (193, 1, 731, 0, 'PROGER MICRO PEQ EMPR INV FIXO ', false, false, false, false, false, false, false, 'J', false, true);
INSERT INTO mtrtb022_produto (nu_produto, nu_versao, nu_operacao, nu_modalidade, no_produto, ic_contratacao_conjunta, ic_pesquisa_cadin, ic_pesquisa_scpc, ic_pesquisa_serasa, ic_pesquisa_ccf, ic_pesquisa_sicow, ic_pesquisa_receita, ic_tipo_pessoa, ic_dossie_digital, ic_pesquisa_sinad) VALUES (194, 1, 1049, 0, 'DESCONTO DE CHEQUES PRE-DATADOS SINCE ', false, false, false, false, false, false, false, 'J', false, true);
INSERT INTO mtrtb022_produto (nu_produto, nu_versao, nu_operacao, nu_modalidade, no_produto, ic_contratacao_conjunta, ic_pesquisa_cadin, ic_pesquisa_scpc, ic_pesquisa_serasa, ic_pesquisa_ccf, ic_pesquisa_sicow, ic_pesquisa_receita, ic_tipo_pessoa, ic_dossie_digital, ic_pesquisa_sinad) VALUES (195, 1, 4929, 0, 'CREDITO INVESTIMENTOS CORPORATE - FDCO ', false, false, false, false, false, false, false, 'J', false, true);
INSERT INTO mtrtb022_produto (nu_produto, nu_versao, nu_operacao, nu_modalidade, no_produto, ic_contratacao_conjunta, ic_pesquisa_cadin, ic_pesquisa_scpc, ic_pesquisa_serasa, ic_pesquisa_ccf, ic_pesquisa_sicow, ic_pesquisa_receita, ic_tipo_pessoa, ic_dossie_digital, ic_pesquisa_sinad) VALUES (196, 1, 197, 0, 'CHEQUE EMPRESA CAIXA ', false, false, false, false, false, false, false, 'J', false, true);
INSERT INTO mtrtb022_produto (nu_produto, nu_versao, nu_operacao, nu_modalidade, no_produto, ic_contratacao_conjunta, ic_pesquisa_cadin, ic_pesquisa_scpc, ic_pesquisa_serasa, ic_pesquisa_ccf, ic_pesquisa_sicow, ic_pesquisa_receita, ic_tipo_pessoa, ic_dossie_digital, ic_pesquisa_sinad) VALUES (197, 1, 4931, 0, 'CREDITO INVESTIMENTOS CORPORATE - FDNE ', false, false, false, false, false, false, false, 'J', false, true);
INSERT INTO mtrtb022_produto (nu_produto, nu_versao, nu_operacao, nu_modalidade, no_produto, ic_contratacao_conjunta, ic_pesquisa_cadin, ic_pesquisa_scpc, ic_pesquisa_serasa, ic_pesquisa_ccf, ic_pesquisa_sicow, ic_pesquisa_receita, ic_tipo_pessoa, ic_dossie_digital, ic_pesquisa_sinad) VALUES (198, 1, 540, 0, 'ADMINISTRACAO DO FDS ', false, false, false, false, false, false, false, 'J', false, true);
INSERT INTO mtrtb022_produto (nu_produto, nu_versao, nu_operacao, nu_modalidade, no_produto, ic_contratacao_conjunta, ic_pesquisa_cadin, ic_pesquisa_scpc, ic_pesquisa_serasa, ic_pesquisa_ccf, ic_pesquisa_sicow, ic_pesquisa_receita, ic_tipo_pessoa, ic_dossie_digital, ic_pesquisa_sinad) VALUES (199, 1, 555, 0, 'EMGEA-CREDITOS ADMINISTRAD. ', false, false, false, false, false, false, false, 'J', false, true);
INSERT INTO mtrtb022_produto (nu_produto, nu_versao, nu_operacao, nu_modalidade, no_produto, ic_contratacao_conjunta, ic_pesquisa_cadin, ic_pesquisa_scpc, ic_pesquisa_serasa, ic_pesquisa_ccf, ic_pesquisa_sicow, ic_pesquisa_receita, ic_tipo_pessoa, ic_dossie_digital, ic_pesquisa_sinad) VALUES (200, 1, 6903, 0, 'FINAN RURAL COOPERAT CRED-INVEST PECUAR ', false, false, false, false, false, false, false, 'J', false, true);
INSERT INTO mtrtb022_produto (nu_produto, nu_versao, nu_operacao, nu_modalidade, no_produto, ic_contratacao_conjunta, ic_pesquisa_cadin, ic_pesquisa_scpc, ic_pesquisa_serasa, ic_pesquisa_ccf, ic_pesquisa_sicow, ic_pesquisa_receita, ic_tipo_pessoa, ic_dossie_digital, ic_pesquisa_sinad) VALUES (201, 1, 6904, 0, 'FINAN RURAL COOPERAT DE PROD-CUST AGRIC ', false, false, false, false, false, false, false, 'J', false, true);
INSERT INTO mtrtb022_produto (nu_produto, nu_versao, nu_operacao, nu_modalidade, no_produto, ic_contratacao_conjunta, ic_pesquisa_cadin, ic_pesquisa_scpc, ic_pesquisa_serasa, ic_pesquisa_ccf, ic_pesquisa_sicow, ic_pesquisa_receita, ic_tipo_pessoa, ic_dossie_digital, ic_pesquisa_sinad) VALUES (202, 1, 6905, 0, 'FINAN RURAL COOPERAT DE PROD-CUST PECUA ', false, false, false, false, false, false, false, 'J', false, true);
INSERT INTO mtrtb022_produto (nu_produto, nu_versao, nu_operacao, nu_modalidade, no_produto, ic_contratacao_conjunta, ic_pesquisa_cadin, ic_pesquisa_scpc, ic_pesquisa_serasa, ic_pesquisa_ccf, ic_pesquisa_sicow, ic_pesquisa_receita, ic_tipo_pessoa, ic_dossie_digital, ic_pesquisa_sinad) VALUES (203, 1, 6907, 0, 'FINAN RURAL COOPERAT PROD-INVEST PECUA ', false, false, false, false, false, false, false, 'J', false, true);
INSERT INTO mtrtb022_produto (nu_produto, nu_versao, nu_operacao, nu_modalidade, no_produto, ic_contratacao_conjunta, ic_pesquisa_cadin, ic_pesquisa_scpc, ic_pesquisa_serasa, ic_pesquisa_ccf, ic_pesquisa_sicow, ic_pesquisa_receita, ic_tipo_pessoa, ic_dossie_digital, ic_pesquisa_sinad) VALUES (204, 1, 6911, 0, 'FINANCIAMENTO RURAL-CUSTEIO AGRICOLA PJ ', false, false, false, false, false, false, false, 'J', false, true);
INSERT INTO mtrtb022_produto (nu_produto, nu_versao, nu_operacao, nu_modalidade, no_produto, ic_contratacao_conjunta, ic_pesquisa_cadin, ic_pesquisa_scpc, ic_pesquisa_serasa, ic_pesquisa_ccf, ic_pesquisa_sicow, ic_pesquisa_receita, ic_tipo_pessoa, ic_dossie_digital, ic_pesquisa_sinad) VALUES (205, 1, 6913, 0, 'FINANCIAMENTO RURAL-CUSTEIO PECUARIO PJ ', false, false, false, false, false, false, false, 'J', false, true);
INSERT INTO mtrtb022_produto (nu_produto, nu_versao, nu_operacao, nu_modalidade, no_produto, ic_contratacao_conjunta, ic_pesquisa_cadin, ic_pesquisa_scpc, ic_pesquisa_serasa, ic_pesquisa_ccf, ic_pesquisa_sicow, ic_pesquisa_receita, ic_tipo_pessoa, ic_dossie_digital, ic_pesquisa_sinad) VALUES (206, 1, 275, 0, 'CREDITO ESPECIAL EMPRESA   GARANTIA FGO ', false, false, false, false, false, false, false, 'J', false, true);
INSERT INTO mtrtb022_produto (nu_produto, nu_versao, nu_operacao, nu_modalidade, no_produto, ic_contratacao_conjunta, ic_pesquisa_cadin, ic_pesquisa_scpc, ic_pesquisa_serasa, ic_pesquisa_ccf, ic_pesquisa_sicow, ic_pesquisa_receita, ic_tipo_pessoa, ic_dossie_digital, ic_pesquisa_sinad) VALUES (207, 1, 279, 0, 'CRED ESP EMP   POS GARANTIA FGO ', false, false, false, false, false, false, false, 'J', false, true);
INSERT INTO mtrtb022_produto (nu_produto, nu_versao, nu_operacao, nu_modalidade, no_produto, ic_contratacao_conjunta, ic_pesquisa_cadin, ic_pesquisa_scpc, ic_pesquisa_serasa, ic_pesquisa_ccf, ic_pesquisa_sicow, ic_pesquisa_receita, ic_tipo_pessoa, ic_dossie_digital, ic_pesquisa_sinad) VALUES (208, 1, 277, 0, 'GIROCAIXA REC PIS - GARANTIA FGO ', false, false, false, false, false, false, false, 'J', false, true);
INSERT INTO mtrtb022_produto (nu_produto, nu_versao, nu_operacao, nu_modalidade, no_produto, ic_contratacao_conjunta, ic_pesquisa_cadin, ic_pesquisa_scpc, ic_pesquisa_serasa, ic_pesquisa_ccf, ic_pesquisa_sicow, ic_pesquisa_receita, ic_tipo_pessoa, ic_dossie_digital, ic_pesquisa_sinad) VALUES (209, 1, 291, 0, 'GIROCAIXA REC CAIXA   GAR FGO ', false, false, false, false, false, false, false, 'J', false, true);
INSERT INTO mtrtb022_produto (nu_produto, nu_versao, nu_operacao, nu_modalidade, no_produto, ic_contratacao_conjunta, ic_pesquisa_cadin, ic_pesquisa_scpc, ic_pesquisa_serasa, ic_pesquisa_ccf, ic_pesquisa_sicow, ic_pesquisa_receita, ic_tipo_pessoa, ic_dossie_digital, ic_pesquisa_sinad) VALUES (210, 1, 215, 0, 'CRED ESP EMP - PARC - FLUT ', false, false, false, false, false, false, false, 'J', false, true);
INSERT INTO mtrtb022_produto (nu_produto, nu_versao, nu_operacao, nu_modalidade, no_produto, ic_contratacao_conjunta, ic_pesquisa_cadin, ic_pesquisa_scpc, ic_pesquisa_serasa, ic_pesquisa_ccf, ic_pesquisa_sicow, ic_pesquisa_receita, ic_tipo_pessoa, ic_dossie_digital, ic_pesquisa_sinad) VALUES (211, 1, 650, 0, 'BCD - MAQ EQUIPAMENTOS-POS ', false, false, false, false, false, false, false, 'J', false, true);
INSERT INTO mtrtb022_produto (nu_produto, nu_versao, nu_operacao, nu_modalidade, no_produto, ic_contratacao_conjunta, ic_pesquisa_cadin, ic_pesquisa_scpc, ic_pesquisa_serasa, ic_pesquisa_ccf, ic_pesquisa_sicow, ic_pesquisa_receita, ic_tipo_pessoa, ic_dossie_digital, ic_pesquisa_sinad) VALUES (212, 1, 653, 0, 'CREDFROTA - FINAN DE VEICULOS PJ ', false, false, false, false, false, false, false, 'J', false, true);
INSERT INTO mtrtb022_produto (nu_produto, nu_versao, nu_operacao, nu_modalidade, no_produto, ic_contratacao_conjunta, ic_pesquisa_cadin, ic_pesquisa_scpc, ic_pesquisa_serasa, ic_pesquisa_ccf, ic_pesquisa_sicow, ic_pesquisa_receita, ic_tipo_pessoa, ic_dossie_digital, ic_pesquisa_sinad) VALUES (213, 1, 690, 0, 'RENEGOCIACAO - PJ - POS ', false, false, false, false, false, false, false, 'J', false, true);
INSERT INTO mtrtb022_produto (nu_produto, nu_versao, nu_operacao, nu_modalidade, no_produto, ic_contratacao_conjunta, ic_pesquisa_cadin, ic_pesquisa_scpc, ic_pesquisa_serasa, ic_pesquisa_ccf, ic_pesquisa_sicow, ic_pesquisa_receita, ic_tipo_pessoa, ic_dossie_digital, ic_pesquisa_sinad) VALUES (214, 1, 697, 0, 'PRODUCARD CAIXA - PJ ', false, false, false, false, false, false, false, 'J', false, true);
INSERT INTO mtrtb022_produto (nu_produto, nu_versao, nu_operacao, nu_modalidade, no_produto, ic_contratacao_conjunta, ic_pesquisa_cadin, ic_pesquisa_scpc, ic_pesquisa_serasa, ic_pesquisa_ccf, ic_pesquisa_sicow, ic_pesquisa_receita, ic_tipo_pessoa, ic_dossie_digital, ic_pesquisa_sinad) VALUES (215, 1, 699, 0, 'EMPRESTIMOS CONTROLE MANUAL-PJ ', false, false, false, false, false, false, false, 'J', false, true);
INSERT INTO mtrtb022_produto (nu_produto, nu_versao, nu_operacao, nu_modalidade, no_produto, ic_contratacao_conjunta, ic_pesquisa_cadin, ic_pesquisa_scpc, ic_pesquisa_serasa, ic_pesquisa_ccf, ic_pesquisa_sicow, ic_pesquisa_receita, ic_tipo_pessoa, ic_dossie_digital, ic_pesquisa_sinad) VALUES (216, 1, 702, 0, 'GIROCAIXA - PJ - REC PIS ', false, false, false, false, false, false, false, 'J', false, true);
INSERT INTO mtrtb022_produto (nu_produto, nu_versao, nu_operacao, nu_modalidade, no_produto, ic_contratacao_conjunta, ic_pesquisa_cadin, ic_pesquisa_scpc, ic_pesquisa_serasa, ic_pesquisa_ccf, ic_pesquisa_sicow, ic_pesquisa_receita, ic_tipo_pessoa, ic_dossie_digital, ic_pesquisa_sinad) VALUES (217, 1, 193, 0, 'CONSTRUGIRO ANTEC RECEBIVEIS ', false, false, false, false, false, false, false, 'J', false, true);
INSERT INTO mtrtb022_produto (nu_produto, nu_versao, nu_operacao, nu_modalidade, no_produto, ic_contratacao_conjunta, ic_pesquisa_cadin, ic_pesquisa_scpc, ic_pesquisa_serasa, ic_pesquisa_ccf, ic_pesquisa_sicow, ic_pesquisa_receita, ic_tipo_pessoa, ic_dossie_digital, ic_pesquisa_sinad) VALUES (218, 1, 6173, 0, 'C RURAL-LCA RL-COMERCIALIZACAO AGR PJ ', false, false, false, false, false, false, false, 'J', false, true);
INSERT INTO mtrtb022_produto (nu_produto, nu_versao, nu_operacao, nu_modalidade, no_produto, ic_contratacao_conjunta, ic_pesquisa_cadin, ic_pesquisa_scpc, ic_pesquisa_serasa, ic_pesquisa_ccf, ic_pesquisa_sicow, ic_pesquisa_receita, ic_tipo_pessoa, ic_dossie_digital, ic_pesquisa_sinad) VALUES (219, 1, 6250, 0, 'CR. RURAL - R. LIVRES - COMERC. AGR. PJ ', false, false, false, false, false, false, false, 'J', false, true);
INSERT INTO mtrtb022_produto (nu_produto, nu_versao, nu_operacao, nu_modalidade, no_produto, ic_contratacao_conjunta, ic_pesquisa_cadin, ic_pesquisa_scpc, ic_pesquisa_serasa, ic_pesquisa_ccf, ic_pesquisa_sicow, ic_pesquisa_receita, ic_tipo_pessoa, ic_dossie_digital, ic_pesquisa_sinad) VALUES (220, 1, 168, 0, 'CAIXA FIC PREVIDENCIA RF 300 ', false, false, false, false, false, false, false, 'J', false, true);
INSERT INTO mtrtb022_produto (nu_produto, nu_versao, nu_operacao, nu_modalidade, no_produto, ic_contratacao_conjunta, ic_pesquisa_cadin, ic_pesquisa_scpc, ic_pesquisa_serasa, ic_pesquisa_ccf, ic_pesquisa_sicow, ic_pesquisa_receita, ic_tipo_pessoa, ic_dossie_digital, ic_pesquisa_sinad) VALUES (221, 1, 5543, 0, 'AQUIS ROYALTIES E COMPENS FINANC GOVERNA ', false, false, false, false, false, false, false, 'J', false, true);
INSERT INTO mtrtb022_produto (nu_produto, nu_versao, nu_operacao, nu_modalidade, no_produto, ic_contratacao_conjunta, ic_pesquisa_cadin, ic_pesquisa_scpc, ic_pesquisa_serasa, ic_pesquisa_ccf, ic_pesquisa_sicow, ic_pesquisa_receita, ic_tipo_pessoa, ic_dossie_digital, ic_pesquisa_sinad) VALUES (222, 1, 6289, 0, 'C RURAL - LCA RL - CUSTEIO PECUARIO PJ ', false, false, false, false, false, false, false, 'J', false, true);
INSERT INTO mtrtb022_produto (nu_produto, nu_versao, nu_operacao, nu_modalidade, no_produto, ic_contratacao_conjunta, ic_pesquisa_cadin, ic_pesquisa_scpc, ic_pesquisa_serasa, ic_pesquisa_ccf, ic_pesquisa_sicow, ic_pesquisa_receita, ic_tipo_pessoa, ic_dossie_digital, ic_pesquisa_sinad) VALUES (223, 1, 6291, 0, 'C RURAL LCA RD - CUSTEIO AGRICOLA PJ ', false, false, false, false, false, false, false, 'J', false, true);
INSERT INTO mtrtb022_produto (nu_produto, nu_versao, nu_operacao, nu_modalidade, no_produto, ic_contratacao_conjunta, ic_pesquisa_cadin, ic_pesquisa_scpc, ic_pesquisa_serasa, ic_pesquisa_ccf, ic_pesquisa_sicow, ic_pesquisa_receita, ic_tipo_pessoa, ic_dossie_digital, ic_pesquisa_sinad) VALUES (224, 1, 556, 0, 'BANCO 24 HORAS ', false, false, false, false, false, false, false, 'J', false, true);
INSERT INTO mtrtb022_produto (nu_produto, nu_versao, nu_operacao, nu_modalidade, no_produto, ic_contratacao_conjunta, ic_pesquisa_cadin, ic_pesquisa_scpc, ic_pesquisa_serasa, ic_pesquisa_ccf, ic_pesquisa_sicow, ic_pesquisa_receita, ic_tipo_pessoa, ic_dossie_digital, ic_pesquisa_sinad) VALUES (225, 1, 712, 0, 'PROGR APOIO HOSP FILAN - BNDES ', false, false, false, false, false, false, false, 'J', false, true);
INSERT INTO mtrtb022_produto (nu_produto, nu_versao, nu_operacao, nu_modalidade, no_produto, ic_contratacao_conjunta, ic_pesquisa_cadin, ic_pesquisa_scpc, ic_pesquisa_serasa, ic_pesquisa_ccf, ic_pesquisa_sicow, ic_pesquisa_receita, ic_tipo_pessoa, ic_dossie_digital, ic_pesquisa_sinad) VALUES (226, 1, 1798, 100, 'CERTIFICADO DIGITAL - PJ AC CAIXA PJ SSL', false, false, false, false, false, false, false, 'J', false, true);
INSERT INTO mtrtb022_produto (nu_produto, nu_versao, nu_operacao, nu_modalidade, no_produto, ic_contratacao_conjunta, ic_pesquisa_cadin, ic_pesquisa_scpc, ic_pesquisa_serasa, ic_pesquisa_ccf, ic_pesquisa_sicow, ic_pesquisa_receita, ic_tipo_pessoa, ic_dossie_digital, ic_pesquisa_sinad) VALUES (227, 1, 1798, 200, 'CERTIFICADO DIGITAL - PJ AC CAIXA JUS SSL', false, false, false, false, false, false, false, 'J', false, true);
INSERT INTO mtrtb022_produto (nu_produto, nu_versao, nu_operacao, nu_modalidade, no_produto, ic_contratacao_conjunta, ic_pesquisa_cadin, ic_pesquisa_scpc, ic_pesquisa_serasa, ic_pesquisa_ccf, ic_pesquisa_sicow, ic_pesquisa_receita, ic_tipo_pessoa, ic_dossie_digital, ic_pesquisa_sinad) VALUES (228, 1, 1798, 300, 'CERTIFICADO DIGITAL - PJ AC CAIXA SPB', false, false, false, false, false, false, false, 'J', false, true);
INSERT INTO mtrtb022_produto (nu_produto, nu_versao, nu_operacao, nu_modalidade, no_produto, ic_contratacao_conjunta, ic_pesquisa_cadin, ic_pesquisa_scpc, ic_pesquisa_serasa, ic_pesquisa_ccf, ic_pesquisa_sicow, ic_pesquisa_receita, ic_tipo_pessoa, ic_dossie_digital, ic_pesquisa_sinad) VALUES (229, 1, 1798, 400, 'CERTIFICADO DIGITAL - PJ AC CAIXA TIMESTAMPING', false, false, false, false, false, false, false, 'J', false, true);
INSERT INTO mtrtb022_produto (nu_produto, nu_versao, nu_operacao, nu_modalidade, no_produto, ic_contratacao_conjunta, ic_pesquisa_cadin, ic_pesquisa_scpc, ic_pesquisa_serasa, ic_pesquisa_ccf, ic_pesquisa_sicow, ic_pesquisa_receita, ic_tipo_pessoa, ic_dossie_digital, ic_pesquisa_sinad) VALUES (230, 1, 1798, 500, 'CERTIFICADO DIGITAL - PJ REVOGAÇÃO PJ', false, false, false, false, false, false, false, 'J', false, true);
INSERT INTO mtrtb022_produto (nu_produto, nu_versao, nu_operacao, nu_modalidade, no_produto, ic_contratacao_conjunta, ic_pesquisa_cadin, ic_pesquisa_scpc, ic_pesquisa_serasa, ic_pesquisa_ccf, ic_pesquisa_sicow, ic_pesquisa_receita, ic_tipo_pessoa, ic_dossie_digital, ic_pesquisa_sinad) VALUES (231, 1, 1336, 0, 'CRED RURAL PRONAF AGROIND AGRICOLA ', false, false, false, false, false, false, false, 'J', false, true);
INSERT INTO mtrtb022_produto (nu_produto, nu_versao, nu_operacao, nu_modalidade, no_produto, ic_contratacao_conjunta, ic_pesquisa_cadin, ic_pesquisa_scpc, ic_pesquisa_serasa, ic_pesquisa_ccf, ic_pesquisa_sicow, ic_pesquisa_receita, ic_tipo_pessoa, ic_dossie_digital, ic_pesquisa_sinad) VALUES (232, 1, 5226, 100, 'ORDEM DE PAGAMENTO DO EXTERIOR PESSOA JURÍDICA', false, false, false, false, false, false, false, 'J', false, true);
INSERT INTO mtrtb022_produto (nu_produto, nu_versao, nu_operacao, nu_modalidade, no_produto, ic_contratacao_conjunta, ic_pesquisa_cadin, ic_pesquisa_scpc, ic_pesquisa_serasa, ic_pesquisa_ccf, ic_pesquisa_sicow, ic_pesquisa_receita, ic_tipo_pessoa, ic_dossie_digital, ic_pesquisa_sinad) VALUES (233, 1, 1798, 0, 'CERTIFICADO DIGITAL - PJ ', false, false, false, false, false, false, false, 'J', false, true);
INSERT INTO mtrtb022_produto (nu_produto, nu_versao, nu_operacao, nu_modalidade, no_produto, ic_contratacao_conjunta, ic_pesquisa_cadin, ic_pesquisa_scpc, ic_pesquisa_serasa, ic_pesquisa_ccf, ic_pesquisa_sicow, ic_pesquisa_receita, ic_tipo_pessoa, ic_dossie_digital, ic_pesquisa_sinad) VALUES (234, 1, 5227, 100, 'ORDEM DE PAGTO PARA O EXTERIOR PESSOA JURÍDICA', false, false, false, false, false, false, false, 'J', false, true);
INSERT INTO mtrtb022_produto (nu_produto, nu_versao, nu_operacao, nu_modalidade, no_produto, ic_contratacao_conjunta, ic_pesquisa_cadin, ic_pesquisa_scpc, ic_pesquisa_serasa, ic_pesquisa_ccf, ic_pesquisa_sicow, ic_pesquisa_receita, ic_tipo_pessoa, ic_dossie_digital, ic_pesquisa_sinad) VALUES (235, 1, 402, 100, 'DISPONIB. MOEDAS ESTRAN. LIVRE PESSOA JURÍDICA', false, false, false, false, false, false, false, 'J', false, true);
INSERT INTO mtrtb022_produto (nu_produto, nu_versao, nu_operacao, nu_modalidade, no_produto, ic_contratacao_conjunta, ic_pesquisa_cadin, ic_pesquisa_scpc, ic_pesquisa_serasa, ic_pesquisa_ccf, ic_pesquisa_sicow, ic_pesquisa_receita, ic_tipo_pessoa, ic_dossie_digital, ic_pesquisa_sinad) VALUES (236, 1, 1337, 0, 'CRED RURAL - PRONAF AGROIND CUSTEIO PEC ', false, false, false, false, false, false, false, 'J', false, true);
INSERT INTO mtrtb022_produto (nu_produto, nu_versao, nu_operacao, nu_modalidade, no_produto, ic_contratacao_conjunta, ic_pesquisa_cadin, ic_pesquisa_scpc, ic_pesquisa_serasa, ic_pesquisa_ccf, ic_pesquisa_sicow, ic_pesquisa_receita, ic_tipo_pessoa, ic_dossie_digital, ic_pesquisa_sinad) VALUES (237, 1, 4472, 0, 'DES PRO-TRANSP ST PRIV-OR FGTS ENT CAIXA ', false, false, false, false, false, false, false, 'J', false, true);
INSERT INTO mtrtb022_produto (nu_produto, nu_versao, nu_operacao, nu_modalidade, no_produto, ic_contratacao_conjunta, ic_pesquisa_cadin, ic_pesquisa_scpc, ic_pesquisa_serasa, ic_pesquisa_ccf, ic_pesquisa_sicow, ic_pesquisa_receita, ic_tipo_pessoa, ic_dossie_digital, ic_pesquisa_sinad) VALUES (238, 1, 6291, 100, 'C RURAL LCA RD - CUSTEIO AGRICOLA PJ PRODUTOR PJ', false, false, false, false, false, false, false, 'J', false, true);
INSERT INTO mtrtb022_produto (nu_produto, nu_versao, nu_operacao, nu_modalidade, no_produto, ic_contratacao_conjunta, ic_pesquisa_cadin, ic_pesquisa_scpc, ic_pesquisa_serasa, ic_pesquisa_ccf, ic_pesquisa_sicow, ic_pesquisa_receita, ic_tipo_pessoa, ic_dossie_digital, ic_pesquisa_sinad) VALUES (239, 1, 6291, 101, 'C RURAL LCA RD - CUSTEIO AGRICOLA PJ COOPERATIVA DE PRODUÇÃO', false, false, false, false, false, false, false, 'J', false, true);
INSERT INTO mtrtb022_produto (nu_produto, nu_versao, nu_operacao, nu_modalidade, no_produto, ic_contratacao_conjunta, ic_pesquisa_cadin, ic_pesquisa_scpc, ic_pesquisa_serasa, ic_pesquisa_ccf, ic_pesquisa_sicow, ic_pesquisa_receita, ic_tipo_pessoa, ic_dossie_digital, ic_pesquisa_sinad) VALUES (240, 1, 6291, 102, 'C RURAL LCA RD - CUSTEIO AGRICOLA PJ AGROINDÚSTRIA', false, false, false, false, false, false, false, 'J', false, true);
INSERT INTO mtrtb022_produto (nu_produto, nu_versao, nu_operacao, nu_modalidade, no_produto, ic_contratacao_conjunta, ic_pesquisa_cadin, ic_pesquisa_scpc, ic_pesquisa_serasa, ic_pesquisa_ccf, ic_pesquisa_sicow, ic_pesquisa_receita, ic_tipo_pessoa, ic_dossie_digital, ic_pesquisa_sinad) VALUES (241, 1, 6220, 100, 'C RURAL - LCA RL - CUSTEIO AGRICOLA PJ PRODUTOR PJ', false, false, false, false, false, false, false, 'J', false, true);
INSERT INTO mtrtb022_produto (nu_produto, nu_versao, nu_operacao, nu_modalidade, no_produto, ic_contratacao_conjunta, ic_pesquisa_cadin, ic_pesquisa_scpc, ic_pesquisa_serasa, ic_pesquisa_ccf, ic_pesquisa_sicow, ic_pesquisa_receita, ic_tipo_pessoa, ic_dossie_digital, ic_pesquisa_sinad) VALUES (242, 1, 6220, 101, 'C RURAL - LCA RL - CUSTEIO AGRICOLA PJ COOPERATIVA DE PRODUÇÃO', false, false, false, false, false, false, false, 'J', false, true);
INSERT INTO mtrtb022_produto (nu_produto, nu_versao, nu_operacao, nu_modalidade, no_produto, ic_contratacao_conjunta, ic_pesquisa_cadin, ic_pesquisa_scpc, ic_pesquisa_serasa, ic_pesquisa_ccf, ic_pesquisa_sicow, ic_pesquisa_receita, ic_tipo_pessoa, ic_dossie_digital, ic_pesquisa_sinad) VALUES (243, 1, 6220, 102, 'C RURAL - LCA RL - CUSTEIO AGRICOLA PJ AGROINDUSTRIA', false, false, false, false, false, false, false, 'J', false, true);
INSERT INTO mtrtb022_produto (nu_produto, nu_versao, nu_operacao, nu_modalidade, no_produto, ic_contratacao_conjunta, ic_pesquisa_cadin, ic_pesquisa_scpc, ic_pesquisa_serasa, ic_pesquisa_ccf, ic_pesquisa_sicow, ic_pesquisa_receita, ic_tipo_pessoa, ic_dossie_digital, ic_pesquisa_sinad) VALUES (244, 1, 0, 24, ' ESTRATÉGIA - PJ PRIVADA', false, false, false, false, false, false, false, 'J', false, true);
INSERT INTO mtrtb022_produto (nu_produto, nu_versao, nu_operacao, nu_modalidade, no_produto, ic_contratacao_conjunta, ic_pesquisa_cadin, ic_pesquisa_scpc, ic_pesquisa_serasa, ic_pesquisa_ccf, ic_pesquisa_sicow, ic_pesquisa_receita, ic_tipo_pessoa, ic_dossie_digital, ic_pesquisa_sinad) VALUES (245, 1, 543, 1, 'PROGRAMA DE ARREND RESIDENC - PJ', false, false, false, false, false, false, false, 'J', false, true);
INSERT INTO mtrtb022_produto (nu_produto, nu_versao, nu_operacao, nu_modalidade, no_produto, ic_contratacao_conjunta, ic_pesquisa_cadin, ic_pesquisa_scpc, ic_pesquisa_serasa, ic_pesquisa_ccf, ic_pesquisa_sicow, ic_pesquisa_receita, ic_tipo_pessoa, ic_dossie_digital, ic_pesquisa_sinad) VALUES (246, 1, 606, 99, 'CRED.EMPRESA-POS PARC. PRE-CONTRATAÇÃO', false, false, false, false, false, false, false, 'J', false, true);
INSERT INTO mtrtb022_produto (nu_produto, nu_versao, nu_operacao, nu_modalidade, no_produto, ic_contratacao_conjunta, ic_pesquisa_cadin, ic_pesquisa_scpc, ic_pesquisa_serasa, ic_pesquisa_ccf, ic_pesquisa_sicow, ic_pesquisa_receita, ic_tipo_pessoa, ic_dossie_digital, ic_pesquisa_sinad) VALUES (247, 1, 794, 0, 'ARREC DA CONTRIB SINDICAL URB ', false, false, false, false, false, false, false, 'J', false, true);
INSERT INTO mtrtb022_produto (nu_produto, nu_versao, nu_operacao, nu_modalidade, no_produto, ic_contratacao_conjunta, ic_pesquisa_cadin, ic_pesquisa_scpc, ic_pesquisa_serasa, ic_pesquisa_ccf, ic_pesquisa_sicow, ic_pesquisa_receita, ic_tipo_pessoa, ic_dossie_digital, ic_pesquisa_sinad) VALUES (248, 1, 900, 0, 'ARRECADACAO CONVENIOS DIVERSOS (SICAP/SIGTA) - PJ', false, false, false, false, false, false, false, 'J', false, true);
INSERT INTO mtrtb022_produto (nu_produto, nu_versao, nu_operacao, nu_modalidade, no_produto, ic_contratacao_conjunta, ic_pesquisa_cadin, ic_pesquisa_scpc, ic_pesquisa_serasa, ic_pesquisa_ccf, ic_pesquisa_sicow, ic_pesquisa_receita, ic_tipo_pessoa, ic_dossie_digital, ic_pesquisa_sinad) VALUES (249, 1, 4876, 0, 'FINAN A PROD MPE SBPE EMPR MISTO PJ ', false, false, false, false, false, false, false, 'J', false, true);
INSERT INTO mtrtb022_produto (nu_produto, nu_versao, nu_operacao, nu_modalidade, no_produto, ic_contratacao_conjunta, ic_pesquisa_cadin, ic_pesquisa_scpc, ic_pesquisa_serasa, ic_pesquisa_ccf, ic_pesquisa_sicow, ic_pesquisa_receita, ic_tipo_pessoa, ic_dossie_digital, ic_pesquisa_sinad) VALUES (250, 1, 1, 0, 'Conta Corrente PF', true, true, true, true, true, true, true, 'F', true, true);

--
-- TOC entry 7550 (class 0 OID 2025773)
-- Dependencies: 1899
-- Data for Name: mtrtb023_produto_processo; Type: TABLE DATA; Schema: mtrsm001; Owner: -
--
INSERT INTO mtrtb023_produto_processo (nu_processo, nu_produto) VALUES (9, 7);
INSERT INTO mtrtb023_produto_processo (nu_processo, nu_produto) VALUES (3, 1);
INSERT INTO mtrtb023_produto_processo (nu_processo, nu_produto) VALUES (3, 2);
INSERT INTO mtrtb023_produto_processo (nu_processo, nu_produto) VALUES (10, 3);
INSERT INTO mtrtb023_produto_processo (nu_processo, nu_produto) VALUES (10, 7);
INSERT INTO mtrtb023_produto_processo (nu_processo, nu_produto) VALUES (1, 8);
INSERT INTO mtrtb023_produto_processo (nu_processo, nu_produto) VALUES (1, 19);
INSERT INTO mtrtb023_produto_processo (nu_processo, nu_produto) VALUES (3, 3);
INSERT INTO mtrtb023_produto_processo (nu_processo, nu_produto) VALUES (4, 30);



--
-- TOC entry 7509 (class 0 OID 2025655)
-- Dependencies: 1858
-- Data for Name: mtrtb025_processo_documento; Type: TABLE DATA; Schema: mtrsm001; Owner: -
--
INSERT INTO mtrtb025_processo_documento (nu_processo_documento, nu_versao, nu_processo, nu_funcao_documental, nu_tipo_documento, ic_tipo_relacionamento, ic_obrigatorio, ic_validar) VALUES (25, 1, 18, NULL, 1, 'EMPRESA_CONGLOMERADO', false, false);
INSERT INTO mtrtb025_processo_documento (nu_processo_documento, nu_versao, nu_processo, nu_funcao_documental, nu_tipo_documento, ic_tipo_relacionamento, ic_obrigatorio, ic_validar) VALUES (26, 1, 18, 7, NULL, 'EMPRESA_CONGLOMERADO', false, false);
INSERT INTO mtrtb025_processo_documento (nu_processo_documento, nu_versao, nu_processo, nu_funcao_documental, nu_tipo_documento, ic_tipo_relacionamento, ic_obrigatorio, ic_validar) VALUES (27, 1, 18, NULL, 31, 'EMPRESA_CONGLOMERADO', false, false);
INSERT INTO mtrtb025_processo_documento (nu_processo_documento, nu_versao, nu_processo, nu_funcao_documental, nu_tipo_documento, ic_tipo_relacionamento, ic_obrigatorio, ic_validar) VALUES (1, 1, 3, 1, NULL, 'TOMADOR_PRIMEIRO_TITULAR', false, false);
INSERT INTO mtrtb025_processo_documento (nu_processo_documento, nu_versao, nu_processo, nu_funcao_documental, nu_tipo_documento, ic_tipo_relacionamento, ic_obrigatorio, ic_validar) VALUES (3, 1, 3, 3, NULL, 'TOMADOR_PRIMEIRO_TITULAR', false, false);
INSERT INTO mtrtb025_processo_documento (nu_processo_documento, nu_versao, nu_processo, nu_funcao_documental, nu_tipo_documento, ic_tipo_relacionamento, ic_obrigatorio, ic_validar) VALUES (7, 1, 3, 1, NULL, 'AVALISTA', false, false);
INSERT INTO mtrtb025_processo_documento (nu_processo_documento, nu_versao, nu_processo, nu_funcao_documental, nu_tipo_documento, ic_tipo_relacionamento, ic_obrigatorio, ic_validar) VALUES (9, 1, 3, 5, NULL, 'AVALISTA', false, false);
INSERT INTO mtrtb025_processo_documento (nu_processo_documento, nu_versao, nu_processo, nu_funcao_documental, nu_tipo_documento, ic_tipo_relacionamento, ic_obrigatorio, ic_validar) VALUES (11, 1, 3, 2, NULL, 'FIADOR', false, false);
INSERT INTO mtrtb025_processo_documento (nu_processo_documento, nu_versao, nu_processo, nu_funcao_documental, nu_tipo_documento, ic_tipo_relacionamento, ic_obrigatorio, ic_validar) VALUES (12, 1, 3, 3, NULL, 'FIADOR', false, false);
INSERT INTO mtrtb025_processo_documento (nu_processo_documento, nu_versao, nu_processo, nu_funcao_documental, nu_tipo_documento, ic_tipo_relacionamento, ic_obrigatorio, ic_validar) VALUES (13, 1, 3, 6, NULL, 'CONJUGE', false, false);
INSERT INTO mtrtb025_processo_documento (nu_processo_documento, nu_versao, nu_processo, nu_funcao_documental, nu_tipo_documento, ic_tipo_relacionamento, ic_obrigatorio, ic_validar) VALUES (15, 1, 3, 3, NULL, 'CONJUGE', false, false);
INSERT INTO mtrtb025_processo_documento (nu_processo_documento, nu_versao, nu_processo, nu_funcao_documental, nu_tipo_documento, ic_tipo_relacionamento, ic_obrigatorio, ic_validar) VALUES (18, 1, 3, 2, NULL, 'SOCIO', false, false);
INSERT INTO mtrtb025_processo_documento (nu_processo_documento, nu_versao, nu_processo, nu_funcao_documental, nu_tipo_documento, ic_tipo_relacionamento, ic_obrigatorio, ic_validar) VALUES (21, 1, 3, 2, NULL, 'AVALISTA', false, false);
INSERT INTO mtrtb025_processo_documento (nu_processo_documento, nu_versao, nu_processo, nu_funcao_documental, nu_tipo_documento, ic_tipo_relacionamento, ic_obrigatorio, ic_validar) VALUES (5, 1, 3, 4, NULL, 'TOMADOR_PRIMEIRO_TITULAR', false, false);
INSERT INTO mtrtb025_processo_documento (nu_processo_documento, nu_versao, nu_processo, nu_funcao_documental, nu_tipo_documento, ic_tipo_relacionamento, ic_obrigatorio, ic_validar) VALUES (8, 1, 3, 3, NULL, 'AVALISTA', false, false);
INSERT INTO mtrtb025_processo_documento (nu_processo_documento, nu_versao, nu_processo, nu_funcao_documental, nu_tipo_documento, ic_tipo_relacionamento, ic_obrigatorio, ic_validar) VALUES (10, 1, 3, 4, NULL, 'AVALISTA', false, false);
INSERT INTO mtrtb025_processo_documento (nu_processo_documento, nu_versao, nu_processo, nu_funcao_documental, nu_tipo_documento, ic_tipo_relacionamento, ic_obrigatorio, ic_validar) VALUES (14, 1, 3, 1, NULL, 'CONJUGE', false, false);
INSERT INTO mtrtb025_processo_documento (nu_processo_documento, nu_versao, nu_processo, nu_funcao_documental, nu_tipo_documento, ic_tipo_relacionamento, ic_obrigatorio, ic_validar) VALUES (16, 1, 3, 1, NULL, 'FIADOR', false, false);
INSERT INTO mtrtb025_processo_documento (nu_processo_documento, nu_versao, nu_processo, nu_funcao_documental, nu_tipo_documento, ic_tipo_relacionamento, ic_obrigatorio, ic_validar) VALUES (17, 1, 3, 6, NULL, 'AVALISTA', false, false);
INSERT INTO mtrtb025_processo_documento (nu_processo_documento, nu_versao, nu_processo, nu_funcao_documental, nu_tipo_documento, ic_tipo_relacionamento, ic_obrigatorio, ic_validar) VALUES (19, 1, 3, 2, NULL, 'CONJUGE', false, false);
INSERT INTO mtrtb025_processo_documento (nu_processo_documento, nu_versao, nu_processo, nu_funcao_documental, nu_tipo_documento, ic_tipo_relacionamento, ic_obrigatorio, ic_validar) VALUES (20, 1, 3, 6, NULL, 'FIADOR', false, false);
INSERT INTO mtrtb025_processo_documento (nu_processo_documento, nu_versao, nu_processo, nu_funcao_documental, nu_tipo_documento, ic_tipo_relacionamento, ic_obrigatorio, ic_validar) VALUES (63, 1, 21, 7, NULL, 'SEGUNDO_TITULAR', false, false);
INSERT INTO mtrtb025_processo_documento (nu_processo_documento, nu_versao, nu_processo, nu_funcao_documental, nu_tipo_documento, ic_tipo_relacionamento, ic_obrigatorio, ic_validar) VALUES (56, 1, 21, 1, NULL, 'CONJUGE_SOCIO', false, false);
INSERT INTO mtrtb025_processo_documento (nu_processo_documento, nu_versao, nu_processo, nu_funcao_documental, nu_tipo_documento, ic_tipo_relacionamento, ic_obrigatorio, ic_validar) VALUES (57, 1, 21, 2, NULL, 'CONJUGE_SOCIO', false, false);
INSERT INTO mtrtb025_processo_documento (nu_processo_documento, nu_versao, nu_processo, nu_funcao_documental, nu_tipo_documento, ic_tipo_relacionamento, ic_obrigatorio, ic_validar) VALUES (58, 1, 21, 3, NULL, 'CONJUGE_SOCIO', false, false);
INSERT INTO mtrtb025_processo_documento (nu_processo_documento, nu_versao, nu_processo, nu_funcao_documental, nu_tipo_documento, ic_tipo_relacionamento, ic_obrigatorio, ic_validar) VALUES (2, 1, 3, NULL, 30, 'TOMADOR_PRIMEIRO_TITULAR', false, false);
INSERT INTO mtrtb025_processo_documento (nu_processo_documento, nu_versao, nu_processo, nu_funcao_documental, nu_tipo_documento, ic_tipo_relacionamento, ic_obrigatorio, ic_validar) VALUES (64, 1, 21, 7, NULL, 'TOMADOR_PRIMEIRO_TITULAR', false, false);
INSERT INTO mtrtb025_processo_documento (nu_processo_documento, nu_versao, nu_processo, nu_funcao_documental, nu_tipo_documento, ic_tipo_relacionamento, ic_obrigatorio, ic_validar) VALUES (28, 1, 18, NULL, 33, 'SOCIO', false, false);
INSERT INTO mtrtb025_processo_documento (nu_processo_documento, nu_versao, nu_processo, nu_funcao_documental, nu_tipo_documento, ic_tipo_relacionamento, ic_obrigatorio, ic_validar) VALUES (29, 1, 18, NULL, 34, 'SOCIO', false, false);
INSERT INTO mtrtb025_processo_documento (nu_processo_documento, nu_versao, nu_processo, nu_funcao_documental, nu_tipo_documento, ic_tipo_relacionamento, ic_obrigatorio, ic_validar) VALUES (31, 1, 18, NULL, 8, 'SOCIO', false, false);
INSERT INTO mtrtb025_processo_documento (nu_processo_documento, nu_versao, nu_processo, nu_funcao_documental, nu_tipo_documento, ic_tipo_relacionamento, ic_obrigatorio, ic_validar) VALUES (23, 1, 18, NULL, 2, 'TOMADOR_PRIMEIRO_TITULAR', false, false);
INSERT INTO mtrtb025_processo_documento (nu_processo_documento, nu_versao, nu_processo, nu_funcao_documental, nu_tipo_documento, ic_tipo_relacionamento, ic_obrigatorio, ic_validar) VALUES (24, 1, 18, NULL, 31, 'TOMADOR_PRIMEIRO_TITULAR', false, false);
INSERT INTO mtrtb025_processo_documento (nu_processo_documento, nu_versao, nu_processo, nu_funcao_documental, nu_tipo_documento, ic_tipo_relacionamento, ic_obrigatorio, ic_validar) VALUES (30, 1, 18, 1, NULL, 'SOCIO', false, false);
INSERT INTO mtrtb025_processo_documento (nu_processo_documento, nu_versao, nu_processo, nu_funcao_documental, nu_tipo_documento, ic_tipo_relacionamento, ic_obrigatorio, ic_validar) VALUES (22, 1, 9, 4, NULL, 'TOMADOR_PRIMEIRO_TITULAR', false, false);
INSERT INTO mtrtb025_processo_documento (nu_processo_documento, nu_versao, nu_processo, nu_funcao_documental, nu_tipo_documento, ic_tipo_relacionamento, ic_obrigatorio, ic_validar) VALUES (32, 1, 21, 1, NULL, 'FIADOR', false, false);
INSERT INTO mtrtb025_processo_documento (nu_processo_documento, nu_versao, nu_processo, nu_funcao_documental, nu_tipo_documento, ic_tipo_relacionamento, ic_obrigatorio, ic_validar) VALUES (33, 1, 21, 1, NULL, 'AVALISTA', false, false);
INSERT INTO mtrtb025_processo_documento (nu_processo_documento, nu_versao, nu_processo, nu_funcao_documental, nu_tipo_documento, ic_tipo_relacionamento, ic_obrigatorio, ic_validar) VALUES (34, 1, 21, 2, NULL, 'AVALISTA', false, false);
INSERT INTO mtrtb025_processo_documento (nu_processo_documento, nu_versao, nu_processo, nu_funcao_documental, nu_tipo_documento, ic_tipo_relacionamento, ic_obrigatorio, ic_validar) VALUES (35, 1, 21, 3, NULL, 'AVALISTA', false, false);
INSERT INTO mtrtb025_processo_documento (nu_processo_documento, nu_versao, nu_processo, nu_funcao_documental, nu_tipo_documento, ic_tipo_relacionamento, ic_obrigatorio, ic_validar) VALUES (36, 1, 21, 1, NULL, 'CONJUGE', false, false);
INSERT INTO mtrtb025_processo_documento (nu_processo_documento, nu_versao, nu_processo, nu_funcao_documental, nu_tipo_documento, ic_tipo_relacionamento, ic_obrigatorio, ic_validar) VALUES (37, 1, 21, 2, NULL, 'CONJUGE', false, false);
INSERT INTO mtrtb025_processo_documento (nu_processo_documento, nu_versao, nu_processo, nu_funcao_documental, nu_tipo_documento, ic_tipo_relacionamento, ic_obrigatorio, ic_validar) VALUES (38, 1, 21, 3, NULL, 'CONJUGE', false, false);
INSERT INTO mtrtb025_processo_documento (nu_processo_documento, nu_versao, nu_processo, nu_funcao_documental, nu_tipo_documento, ic_tipo_relacionamento, ic_obrigatorio, ic_validar) VALUES (39, 1, 21, 2, NULL, 'EMPRESA_CONGLOMERADO', false, false);
INSERT INTO mtrtb025_processo_documento (nu_processo_documento, nu_versao, nu_processo, nu_funcao_documental, nu_tipo_documento, ic_tipo_relacionamento, ic_obrigatorio, ic_validar) VALUES (40, 1, 21, 4, NULL, 'EMPRESA_CONGLOMERADO', false, false);
INSERT INTO mtrtb025_processo_documento (nu_processo_documento, nu_versao, nu_processo, nu_funcao_documental, nu_tipo_documento, ic_tipo_relacionamento, ic_obrigatorio, ic_validar) VALUES (41, 1, 21, 7, NULL, 'EMPRESA_CONGLOMERADO', false, false);
INSERT INTO mtrtb025_processo_documento (nu_processo_documento, nu_versao, nu_processo, nu_funcao_documental, nu_tipo_documento, ic_tipo_relacionamento, ic_obrigatorio, ic_validar) VALUES (42, 1, 21, 1, NULL, 'FIADOR', false, false);
INSERT INTO mtrtb025_processo_documento (nu_processo_documento, nu_versao, nu_processo, nu_funcao_documental, nu_tipo_documento, ic_tipo_relacionamento, ic_obrigatorio, ic_validar) VALUES (43, 1, 21, 2, NULL, 'FIADOR', false, false);
INSERT INTO mtrtb025_processo_documento (nu_processo_documento, nu_versao, nu_processo, nu_funcao_documental, nu_tipo_documento, ic_tipo_relacionamento, ic_obrigatorio, ic_validar) VALUES (44, 1, 21, 3, NULL, 'FIADOR', false, false);
INSERT INTO mtrtb025_processo_documento (nu_processo_documento, nu_versao, nu_processo, nu_funcao_documental, nu_tipo_documento, ic_tipo_relacionamento, ic_obrigatorio, ic_validar) VALUES (45, 1, 21, 1, NULL, 'SOCIO', false, false);
INSERT INTO mtrtb025_processo_documento (nu_processo_documento, nu_versao, nu_processo, nu_funcao_documental, nu_tipo_documento, ic_tipo_relacionamento, ic_obrigatorio, ic_validar) VALUES (46, 1, 21, 2, NULL, 'SOCIO', false, false);
INSERT INTO mtrtb025_processo_documento (nu_processo_documento, nu_versao, nu_processo, nu_funcao_documental, nu_tipo_documento, ic_tipo_relacionamento, ic_obrigatorio, ic_validar) VALUES (47, 1, 21, 3, NULL, 'SOCIO', false, false);
INSERT INTO mtrtb025_processo_documento (nu_processo_documento, nu_versao, nu_processo, nu_funcao_documental, nu_tipo_documento, ic_tipo_relacionamento, ic_obrigatorio, ic_validar) VALUES (48, 1, 21, 1, NULL, 'TOMADOR_PRIMEIRO_TITULAR', false, false);
INSERT INTO mtrtb025_processo_documento (nu_processo_documento, nu_versao, nu_processo, nu_funcao_documental, nu_tipo_documento, ic_tipo_relacionamento, ic_obrigatorio, ic_validar) VALUES (49, 1, 21, 2, NULL, 'TOMADOR_PRIMEIRO_TITULAR', false, false);
INSERT INTO mtrtb025_processo_documento (nu_processo_documento, nu_versao, nu_processo, nu_funcao_documental, nu_tipo_documento, ic_tipo_relacionamento, ic_obrigatorio, ic_validar) VALUES (50, 1, 21, 3, NULL, 'TOMADOR_PRIMEIRO_TITULAR', false, false);
INSERT INTO mtrtb025_processo_documento (nu_processo_documento, nu_versao, nu_processo, nu_funcao_documental, nu_tipo_documento, ic_tipo_relacionamento, ic_obrigatorio, ic_validar) VALUES (51, 1, 21, 4, NULL, 'TOMADOR_PRIMEIRO_TITULAR', false, false);
INSERT INTO mtrtb025_processo_documento (nu_processo_documento, nu_versao, nu_processo, nu_funcao_documental, nu_tipo_documento, ic_tipo_relacionamento, ic_obrigatorio, ic_validar) VALUES (52, 1, 21, 7, NULL, 'TOMADOR_PRIMEIRO_TITULAR ', false, false);
INSERT INTO mtrtb025_processo_documento (nu_processo_documento, nu_versao, nu_processo, nu_funcao_documental, nu_tipo_documento, ic_tipo_relacionamento, ic_obrigatorio, ic_validar) VALUES (53, 1, 21, 2, NULL, 'CONGLOMERADO', false, false);
INSERT INTO mtrtb025_processo_documento (nu_processo_documento, nu_versao, nu_processo, nu_funcao_documental, nu_tipo_documento, ic_tipo_relacionamento, ic_obrigatorio, ic_validar) VALUES (54, 1, 21, 4, NULL, 'CONGLOMERADO', false, false);
INSERT INTO mtrtb025_processo_documento (nu_processo_documento, nu_versao, nu_processo, nu_funcao_documental, nu_tipo_documento, ic_tipo_relacionamento, ic_obrigatorio, ic_validar) VALUES (55, 1, 21, 7, NULL, 'CONGLOMERADO', false, false);
INSERT INTO mtrtb025_processo_documento (nu_processo_documento, nu_versao, nu_processo, nu_funcao_documental, nu_tipo_documento, ic_tipo_relacionamento, ic_obrigatorio, ic_validar) VALUES (59, 1, 21, 1, NULL, 'SEGUNDO_TITULAR', false, false);
INSERT INTO mtrtb025_processo_documento (nu_processo_documento, nu_versao, nu_processo, nu_funcao_documental, nu_tipo_documento, ic_tipo_relacionamento, ic_obrigatorio, ic_validar) VALUES (60, 1, 21, 2, NULL, 'SEGUNDO_TITULAR', false, false);
INSERT INTO mtrtb025_processo_documento (nu_processo_documento, nu_versao, nu_processo, nu_funcao_documental, nu_tipo_documento, ic_tipo_relacionamento, ic_obrigatorio, ic_validar) VALUES (61, 1, 21, 3, NULL, 'SEGUNDO_TITULAR', false, false);
INSERT INTO mtrtb025_processo_documento (nu_processo_documento, nu_versao, nu_processo, nu_funcao_documental, nu_tipo_documento, ic_tipo_relacionamento, ic_obrigatorio, ic_validar) VALUES (62, 1, 21, 4, NULL, 'SEGUNDO_TITULAR', false, false);
INSERT INTO mtrtb025_processo_documento (nu_processo_documento, nu_versao, nu_processo, nu_funcao_documental, nu_tipo_documento, ic_tipo_relacionamento, ic_obrigatorio, ic_validar) VALUES (4, 1, 3, 1, NULL, 'SOCIO', true, false);
INSERT INTO mtrtb025_processo_documento (nu_processo_documento, nu_versao, nu_processo, nu_funcao_documental, nu_tipo_documento, ic_tipo_relacionamento, ic_obrigatorio, ic_validar) VALUES (6, 1, 3, 3, NULL, 'SOCIO', true, false);
INSERT INTO mtrtb025_processo_documento (nu_processo_documento, nu_versao, nu_processo, nu_funcao_documental, nu_tipo_documento, ic_tipo_relacionamento, ic_obrigatorio, ic_validar) VALUES (68, 1, 4, 1, NULL, 'TOMADOR_PRIMEIRO_TITULAR', false, false);
INSERT INTO mtrtb025_processo_documento (nu_processo_documento, nu_versao, nu_processo, nu_funcao_documental, nu_tipo_documento, ic_tipo_relacionamento, ic_obrigatorio, ic_validar) VALUES (70, 1, 4, 3, NULL, 'TOMADOR_PRIMEIRO_TITULAR', false, false);
INSERT INTO mtrtb025_processo_documento (nu_processo_documento, nu_versao, nu_processo, nu_funcao_documental, nu_tipo_documento, ic_tipo_relacionamento, ic_obrigatorio, ic_validar) VALUES (69, 1, 4, 2, NULL, 'TOMADOR_PRIMEIRO_TITULAR', false, false);



--
-- TOC entry 7551 (class 0 OID 2025776)
-- Dependencies: 1900
-- Data for Name: mtrtb026_relacao_processo; Type: TABLE DATA; Schema: mtrsm001; Owner: -
--
INSERT INTO mtrtb026_relacao_processo (nu_processo_pai, nu_processo_filho, nu_versao, nu_prioridade, nu_ordem) VALUES (21, 22, 1, NULL, 1);
INSERT INTO mtrtb026_relacao_processo (nu_processo_pai, nu_processo_filho, nu_versao, nu_prioridade, nu_ordem) VALUES (21, 24, 1, NULL, 2);
INSERT INTO mtrtb026_relacao_processo (nu_processo_pai, nu_processo_filho, nu_versao, nu_prioridade, nu_ordem) VALUES (2, 4, 1, NULL, NULL);
INSERT INTO mtrtb026_relacao_processo (nu_processo_pai, nu_processo_filho, nu_versao, nu_prioridade, nu_ordem) VALUES (2, 5, 1, NULL, NULL);
INSERT INTO mtrtb026_relacao_processo (nu_processo_pai, nu_processo_filho, nu_versao, nu_prioridade, nu_ordem) VALUES (2, 6, 1, NULL, NULL);
INSERT INTO mtrtb026_relacao_processo (nu_processo_pai, nu_processo_filho, nu_versao, nu_prioridade, nu_ordem) VALUES (2, 8, 1, NULL, NULL);
INSERT INTO mtrtb026_relacao_processo (nu_processo_pai, nu_processo_filho, nu_versao, nu_prioridade, nu_ordem) VALUES (2, 13, 1, NULL, NULL);
INSERT INTO mtrtb026_relacao_processo (nu_processo_pai, nu_processo_filho, nu_versao, nu_prioridade, nu_ordem) VALUES (9, 18, 1, NULL, 2);
INSERT INTO mtrtb026_relacao_processo (nu_processo_pai, nu_processo_filho, nu_versao, nu_prioridade, nu_ordem) VALUES (9, 16, 1, NULL, 1);
INSERT INTO mtrtb026_relacao_processo (nu_processo_pai, nu_processo_filho, nu_versao, nu_prioridade, nu_ordem) VALUES (2, 7, 1, NULL, NULL);
INSERT INTO mtrtb026_relacao_processo (nu_processo_pai, nu_processo_filho, nu_versao, nu_prioridade, nu_ordem) VALUES (1, 3, 1, NULL, NULL);
INSERT INTO mtrtb026_relacao_processo (nu_processo_pai, nu_processo_filho, nu_versao, nu_prioridade, nu_ordem) VALUES (1, 9, 1, NULL, NULL);
INSERT INTO mtrtb026_relacao_processo (nu_processo_pai, nu_processo_filho, nu_versao, nu_prioridade, nu_ordem) VALUES (1, 21, 1, NULL, NULL);
INSERT INTO mtrtb026_relacao_processo (nu_processo_pai, nu_processo_filho, nu_versao, nu_prioridade, nu_ordem) VALUES (3, 10, 1, NULL, 1);
INSERT INTO mtrtb026_relacao_processo (nu_processo_pai, nu_processo_filho, nu_versao, nu_prioridade, nu_ordem) VALUES (3, 11, 1, NULL, 2);
INSERT INTO mtrtb026_relacao_processo (nu_processo_pai, nu_processo_filho, nu_versao, nu_prioridade, nu_ordem) VALUES (3, 12, 1, NULL, 3);
INSERT INTO mtrtb026_relacao_processo (nu_processo_pai, nu_processo_filho, nu_versao, nu_prioridade, nu_ordem) VALUES (3, 14, 1, NULL, 4);
INSERT INTO mtrtb026_relacao_processo (nu_processo_pai, nu_processo_filho, nu_versao, nu_prioridade, nu_ordem) VALUES (3, 15, 1, NULL, 5);
INSERT INTO mtrtb026_relacao_processo (nu_processo_pai, nu_processo_filho, nu_versao, nu_prioridade, nu_ordem) VALUES (19, 23, 1, NULL, 1);
INSERT INTO mtrtb026_relacao_processo (nu_processo_pai, nu_processo_filho, nu_versao, nu_prioridade, nu_ordem) VALUES (2, 25, 1, NULL, NULL);
INSERT INTO mtrtb026_relacao_processo (nu_processo_pai, nu_processo_filho, nu_versao, nu_prioridade, nu_ordem) VALUES (1, 26, 1, NULL, NULL);
INSERT INTO mtrtb026_relacao_processo (nu_processo_pai, nu_processo_filho, nu_versao, nu_prioridade, nu_ordem) VALUES (26, 28, 1, NULL, 1);
INSERT INTO mtrtb026_relacao_processo (nu_processo_pai, nu_processo_filho, nu_versao, nu_prioridade, nu_ordem) VALUES (25, 27, 1, NULL, 1);


--
-- TOC entry 7513 (class 0 OID 2025665)
-- Dependencies: 1862
-- Data for Name: mtrtb028_opcao_campo; Type: TABLE DATA; Schema: mtrsm001; Owner: -
--
INSERT INTO mtrtb028_opcao_campo (nu_opcao_campo, nu_versao, nu_campo_entrada, no_value, no_opcao, ic_ativo) VALUES (1, 1, 1, '1', 'SIM', true);
INSERT INTO mtrtb028_opcao_campo (nu_opcao_campo, nu_versao, nu_campo_entrada, no_value, no_opcao, ic_ativo) VALUES (2, 1, 1, '2', 'NÃO', true);
INSERT INTO mtrtb028_opcao_campo (nu_opcao_campo, nu_versao, nu_campo_entrada, no_value, no_opcao, ic_ativo) VALUES (3, 1, 2, '1', 'SIM', true);
INSERT INTO mtrtb028_opcao_campo (nu_opcao_campo, nu_versao, nu_campo_entrada, no_value, no_opcao, ic_ativo) VALUES (4, 1, 2, '2', 'NÃO', true);
INSERT INTO mtrtb028_opcao_campo (nu_opcao_campo, nu_versao, nu_campo_entrada, no_value, no_opcao, ic_ativo) VALUES (5, 1, 3, '1', 'SIM', true);
INSERT INTO mtrtb028_opcao_campo (nu_opcao_campo, nu_versao, nu_campo_entrada, no_value, no_opcao, ic_ativo) VALUES (6, 1, 3, '2', 'NÃO', true);
INSERT INTO mtrtb028_opcao_campo (nu_opcao_campo, nu_versao, nu_campo_entrada, no_value, no_opcao, ic_ativo) VALUES (13, 1, 13, '2', 'SOLTEIRO', true);
INSERT INTO mtrtb028_opcao_campo (nu_opcao_campo, nu_versao, nu_campo_entrada, no_value, no_opcao, ic_ativo) VALUES (14, 1, 13, '3', 'CASADO', true);
INSERT INTO mtrtb028_opcao_campo (nu_opcao_campo, nu_versao, nu_campo_entrada, no_value, no_opcao, ic_ativo) VALUES (16, 1, 13, '4', 'DIVORCIADO', true);
INSERT INTO mtrtb028_opcao_campo (nu_opcao_campo, nu_versao, nu_campo_entrada, no_value, no_opcao, ic_ativo) VALUES (9, 1, 13, '1', 'NÃO INFORMADO', true);
INSERT INTO mtrtb028_opcao_campo (nu_opcao_campo, nu_versao, nu_campo_entrada, no_value, no_opcao, ic_ativo) VALUES (17, 1, 13, '5', 'SEPARADO JUDICIALMENTE', true);
INSERT INTO mtrtb028_opcao_campo (nu_opcao_campo, nu_versao, nu_campo_entrada, no_value, no_opcao, ic_ativo) VALUES (18, 1, 13, '5', 'VIÚVO', true);
INSERT INTO mtrtb028_opcao_campo (nu_opcao_campo, nu_versao, nu_campo_entrada, no_value, no_opcao, ic_ativo) VALUES (20, 1, 13, '6', 'UNIÃO ESTÁVEL', true);
INSERT INTO mtrtb028_opcao_campo (nu_opcao_campo, nu_versao, nu_campo_entrada, no_value, no_opcao, ic_ativo) VALUES (21, 1, 13, '7', 'CASADO COMUNHÃO TOTAL BENS', true);
INSERT INTO mtrtb028_opcao_campo (nu_opcao_campo, nu_versao, nu_campo_entrada, no_value, no_opcao, ic_ativo) VALUES (23, 1, 13, '9', 'CASADO COMUNHÃO PARCIAL BENS', true);
INSERT INTO mtrtb028_opcao_campo (nu_opcao_campo, nu_versao, nu_campo_entrada, no_value, no_opcao, ic_ativo) VALUES (22, 1, 13, '8', 'CASADO SEM COMUNHÃO BENS', true);



--
-- TOC entry 7553 (class 0 OID 2025782)
-- Dependencies: 1902
-- Data for Name: mtrtb032_elemento_conteudo; Type: TABLE DATA; Schema: mtrsm001; Owner: -
--
INSERT INTO mtrtb032_elemento_conteudo (nu_elemento_conteudo, nu_versao, nu_elemento_vinculador, nu_produto, nu_processo, nu_tipo_documento, ic_obrigatorio, qt_elemento_obrigatorio, ic_validar, no_campo, de_expressao, no_elemento) VALUES (3, 1, NULL, 21, NULL, 2, true, NULL, false, 'DIRPJ', NULL, NULL);
INSERT INTO mtrtb032_elemento_conteudo (nu_elemento_conteudo, nu_versao, nu_elemento_vinculador, nu_produto, nu_processo, nu_tipo_documento, ic_obrigatorio, qt_elemento_obrigatorio, ic_validar, no_campo, de_expressao, no_elemento) VALUES (1, 1, NULL, NULL, NULL, NULL, true, 1, false, 'folder1', NULL, 'Documentos ABCD');
INSERT INTO mtrtb032_elemento_conteudo (nu_elemento_conteudo, nu_versao, nu_elemento_vinculador, nu_produto, nu_processo, nu_tipo_documento, ic_obrigatorio, qt_elemento_obrigatorio, ic_validar, no_campo, de_expressao, no_elemento) VALUES (4, 2, 1, NULL, 10, 9, true, NULL, false, 'TESTE', NULL, 'DOC CDEF');
INSERT INTO mtrtb032_elemento_conteudo (nu_elemento_conteudo, nu_versao, nu_elemento_vinculador, nu_produto, nu_processo, nu_tipo_documento, ic_obrigatorio, qt_elemento_obrigatorio, ic_validar, no_campo, de_expressao, no_elemento) VALUES (2, 1, 1, 21, NULL, 28, false, NULL, true, 'conta_agua', NULL, NULL);

--
-- TOC entry 7520 (class 0 OID 2025685)
-- Dependencies: 1869
-- Data for Name: mtrtb033_garantia; Type: TABLE DATA; Schema: mtrsm001; Owner: -
--
INSERT INTO mtrtb033_garantia (nu_garantia, nu_versao, nu_garantia_bacen, no_garantia, ic_fidejussoria) VALUES (1, 1, 101, 'CESSAO DE DIREITOS CREDITORIOS - DUPLICATAS', false);
INSERT INTO mtrtb033_garantia (nu_garantia, nu_versao, nu_garantia_bacen, no_garantia, ic_fidejussoria) VALUES (2, 1, 102, 'CESSAO DE DIREITOS CREDITORIOS - CHEQUES', false);
INSERT INTO mtrtb033_garantia (nu_garantia, nu_versao, nu_garantia_bacen, no_garantia, ic_fidejussoria) VALUES (3, 1, 103, 'CESSAO DE DIREITOS CREDITORIOS - FATURA CARTAO DE CREDITO', false);
INSERT INTO mtrtb033_garantia (nu_garantia, nu_versao, nu_garantia_bacen, no_garantia, ic_fidejussoria) VALUES (4, 1, 104, 'CESSAO DE DIREITOS CREDITORIOS - APLICACOES FINANCEIRAS RENDA FIXA', false);
INSERT INTO mtrtb033_garantia (nu_garantia, nu_versao, nu_garantia_bacen, no_garantia, ic_fidejussoria) VALUES (5, 1, 105, 'CESSAO DE DIREITOS CREDITORIOS - APLICACOES FINANCEIRAS RENDA VARIAVEL', false);
INSERT INTO mtrtb033_garantia (nu_garantia, nu_versao, nu_garantia_bacen, no_garantia, ic_fidejussoria) VALUES (6, 1, 106, 'CESSAO DE DIREITOS CREDITORIOS - ACOES E DEBENTURES', false);
INSERT INTO mtrtb033_garantia (nu_garantia, nu_versao, nu_garantia_bacen, no_garantia, ic_fidejussoria) VALUES (7, 1, 107, 'CESSAO DE DIREITOS CREDITORIOS - TRIBUTOS E RECEITAS ORCAMENTARIAS', false);
INSERT INTO mtrtb033_garantia (nu_garantia, nu_versao, nu_garantia_bacen, no_garantia, ic_fidejussoria) VALUES (8, 1, 108, 'CESSAO DE DIREITOS CREDITORIOS - DIREITOS SOBRE ALUGUEIS', false);
INSERT INTO mtrtb033_garantia (nu_garantia, nu_versao, nu_garantia_bacen, no_garantia, ic_fidejussoria) VALUES (9, 1, 199, 'CESSAO DE DIREITOS CREDITORIOS - NOTAS PROMISSORIAS E OUTROS DIREITOS DE CREDITO', false);
INSERT INTO mtrtb033_garantia (nu_garantia, nu_versao, nu_garantia_bacen, no_garantia, ic_fidejussoria) VALUES (10, 1, 201, 'CAUCAO - DUPLICATAS', false);
INSERT INTO mtrtb033_garantia (nu_garantia, nu_versao, nu_garantia_bacen, no_garantia, ic_fidejussoria) VALUES (11, 1, 202, 'CAUCAO - CHEQUES', false);
INSERT INTO mtrtb033_garantia (nu_garantia, nu_versao, nu_garantia_bacen, no_garantia, ic_fidejussoria) VALUES (12, 1, 203, 'CAUCAO - FATURA CARTAO DE CREDITO', false);
INSERT INTO mtrtb033_garantia (nu_garantia, nu_versao, nu_garantia_bacen, no_garantia, ic_fidejussoria) VALUES (13, 1, 204, 'CAUCAO - APLICACOES FINANCEIRAS RENDA FIXA', false);
INSERT INTO mtrtb033_garantia (nu_garantia, nu_versao, nu_garantia_bacen, no_garantia, ic_fidejussoria) VALUES (14, 1, 205, 'CAUCAO - APLICACOES FINANCEIRAS RENDA VARIAVEL', false);
INSERT INTO mtrtb033_garantia (nu_garantia, nu_versao, nu_garantia_bacen, no_garantia, ic_fidejussoria) VALUES (15, 1, 206, 'CAUCAO - ACOES E DEBENTURES', false);
INSERT INTO mtrtb033_garantia (nu_garantia, nu_versao, nu_garantia_bacen, no_garantia, ic_fidejussoria) VALUES (16, 1, 207, 'CAUCAO - TRIBUTOS E RECEITAS ORCAMENTARIAS', false);
INSERT INTO mtrtb033_garantia (nu_garantia, nu_versao, nu_garantia_bacen, no_garantia, ic_fidejussoria) VALUES (17, 1, 208, 'CAUCAO - DIREITOS SOBRE ALUGUEIS', false);
INSERT INTO mtrtb033_garantia (nu_garantia, nu_versao, nu_garantia_bacen, no_garantia, ic_fidejussoria) VALUES (18, 1, 209, 'CAUCAO - DEPOSITO DE TITULOS EMITIDOS POR ENTIDADES ESPECIFICAS', false);
INSERT INTO mtrtb033_garantia (nu_garantia, nu_versao, nu_garantia_bacen, no_garantia, ic_fidejussoria) VALUES (19, 1, 210, 'CAUCAO - DEPOSITO A VISTA, A PRAZO, POUPANCA, OURO OU TITULOS PUBLICOS', false);
INSERT INTO mtrtb033_garantia (nu_garantia, nu_versao, nu_garantia_bacen, no_garantia, ic_fidejussoria) VALUES (20, 1, 299, 'CAUCAO - NOTAS PROMISSORIAS E OUTROS DIREITOS DE CREDITO', false);
INSERT INTO mtrtb033_garantia (nu_garantia, nu_versao, nu_garantia_bacen, no_garantia, ic_fidejussoria) VALUES (21, 1, 321, 'PENHOR - PRODUTOS AGROPECUARIOS COM WARRANT', false);
INSERT INTO mtrtb033_garantia (nu_garantia, nu_versao, nu_garantia_bacen, no_garantia, ic_fidejussoria) VALUES (22, 1, 322, 'PENHOR - PRODUTOS AGROPECUARIOS SEM WARRANT', false);
INSERT INTO mtrtb033_garantia (nu_garantia, nu_versao, nu_garantia_bacen, no_garantia, ic_fidejussoria) VALUES (23, 1, 323, 'PENHOR - EQUIPAMENTOS', false);
INSERT INTO mtrtb033_garantia (nu_garantia, nu_versao, nu_garantia_bacen, no_garantia, ic_fidejussoria) VALUES (24, 1, 324, 'PENHOR - VEICULOS', false);
INSERT INTO mtrtb033_garantia (nu_garantia, nu_versao, nu_garantia_bacen, no_garantia, ic_fidejussoria) VALUES (25, 1, 325, 'PENHOR - IMOVEIS', false);
INSERT INTO mtrtb033_garantia (nu_garantia, nu_versao, nu_garantia_bacen, no_garantia, ic_fidejussoria) VALUES (26, 1, 350, 'PENHOR - CIVIL', false);
INSERT INTO mtrtb033_garantia (nu_garantia, nu_versao, nu_garantia_bacen, no_garantia, ic_fidejussoria) VALUES (27, 1, 399, 'PENHOR - OUTROS', false);
INSERT INTO mtrtb033_garantia (nu_garantia, nu_versao, nu_garantia_bacen, no_garantia, ic_fidejussoria) VALUES (28, 1, 423, 'ALIENACAO FIDUCIARIA - EQUIPAMENTOS', false);
INSERT INTO mtrtb033_garantia (nu_garantia, nu_versao, nu_garantia_bacen, no_garantia, ic_fidejussoria) VALUES (29, 1, 424, 'ALIENACAO FIDUCIARIA - VEICULOS', false);
INSERT INTO mtrtb033_garantia (nu_garantia, nu_versao, nu_garantia_bacen, no_garantia, ic_fidejussoria) VALUES (30, 1, 426, 'ALIENACAO FIDUCIARIA - IMOVEIS RESIDENCIAIS', false);
INSERT INTO mtrtb033_garantia (nu_garantia, nu_versao, nu_garantia_bacen, no_garantia, ic_fidejussoria) VALUES (31, 1, 427, 'ALIENACAO FIDUCIARIA - OUTROS IMOVEIS', false);
INSERT INTO mtrtb033_garantia (nu_garantia, nu_versao, nu_garantia_bacen, no_garantia, ic_fidejussoria) VALUES (32, 1, 499, 'ALIENACAO FIDUCIARIA - OUTROS', false);
INSERT INTO mtrtb033_garantia (nu_garantia, nu_versao, nu_garantia_bacen, no_garantia, ic_fidejussoria) VALUES (33, 1, 562, 'HIPOTECA - OUTROS GRAUS', false);
INSERT INTO mtrtb033_garantia (nu_garantia, nu_versao, nu_garantia_bacen, no_garantia, ic_fidejussoria) VALUES (34, 1, 563, 'HIPOTECA - PRIMEIRO GRAUS IMOVEIS RESIDENCIAIS', false);
INSERT INTO mtrtb033_garantia (nu_garantia, nu_versao, nu_garantia_bacen, no_garantia, ic_fidejussoria) VALUES (46, 1, 886, 'SEGURO E ASSEMELHADO - FUNDO GARANTIDOR / DE AVAL', false);
INSERT INTO mtrtb033_garantia (nu_garantia, nu_versao, nu_garantia_bacen, no_garantia, ic_fidejussoria) VALUES (35, 1, 564, 'HIPOTECA - PRIMEIRO GRAUS OUTROS IMOVEIS', false);
INSERT INTO mtrtb033_garantia (nu_garantia, nu_versao, nu_garantia_bacen, no_garantia, ic_fidejussoria) VALUES (36, 1, 671, 'OPERACAO GARANTIDA PELO GOVERNO FEDERAL', false);
INSERT INTO mtrtb033_garantia (nu_garantia, nu_versao, nu_garantia_bacen, no_garantia, ic_fidejussoria) VALUES (37, 1, 672, 'OPERACAO GARANTIDA PELO GOVERNO ESTADUAL OU DISTRITAL', false);
INSERT INTO mtrtb033_garantia (nu_garantia, nu_versao, nu_garantia_bacen, no_garantia, ic_fidejussoria) VALUES (38, 1, 673, 'OPERACAO GARANTIDA PELO GOVERNO MUNICIPAL', false);
INSERT INTO mtrtb033_garantia (nu_garantia, nu_versao, nu_garantia_bacen, no_garantia, ic_fidejussoria) VALUES (39, 1, 674, 'OPERACAO GARANTIDA POR GARANTIA PRESTADA PELA STN OU BACEN', false);
INSERT INTO mtrtb033_garantia (nu_garantia, nu_versao, nu_garantia_bacen, no_garantia, ic_fidejussoria) VALUES (40, 1, 799, 'OUTRA GARANTIA NAO FIDEJUSSORIA - OUTRAS', false);
INSERT INTO mtrtb033_garantia (nu_garantia, nu_versao, nu_garantia_bacen, no_garantia, ic_fidejussoria) VALUES (41, 1, 881, 'SEGURO E ASSEMELHADO - SEGURO RURAL', false);
INSERT INTO mtrtb033_garantia (nu_garantia, nu_versao, nu_garantia_bacen, no_garantia, ic_fidejussoria) VALUES (42, 1, 882, 'SEGURO E ASSEMELHADO - PROAGRO', false);
INSERT INTO mtrtb033_garantia (nu_garantia, nu_versao, nu_garantia_bacen, no_garantia, ic_fidejussoria) VALUES (43, 1, 883, 'SEGURO E ASSEMELHADO - SBCE - SOC. BRAS. CRED. EXPORTACAO', false);
INSERT INTO mtrtb033_garantia (nu_garantia, nu_versao, nu_garantia_bacen, no_garantia, ic_fidejussoria) VALUES (44, 1, 884, 'SEGURO E ASSEMELHADO - FCVS - FUNDO COMP.VARIAC. SALARIAIS', false);
INSERT INTO mtrtb033_garantia (nu_garantia, nu_versao, nu_garantia_bacen, no_garantia, ic_fidejussoria) VALUES (45, 1, 885, 'SEGURO E ASSEMELHADO - APOLICE DE CREDITO A EXPORTACAO', false);
INSERT INTO mtrtb033_garantia (nu_garantia, nu_versao, nu_garantia_bacen, no_garantia, ic_fidejussoria) VALUES (47, 1, 887, 'SEGURO E ASSEMELHADO - CCR - CONVENIO DE CREDITOS RECIPROCOS', false);
INSERT INTO mtrtb033_garantia (nu_garantia, nu_versao, nu_garantia_bacen, no_garantia, ic_fidejussoria) VALUES (48, 1, 888, 'SEGURO E ASSEMELHADO - FGPC - FUNDO GAR. PROM. COMPETIVIDADE', false);
INSERT INTO mtrtb033_garantia (nu_garantia, nu_versao, nu_garantia_bacen, no_garantia, ic_fidejussoria) VALUES (49, 1, 899, 'SEGURO E ASSEMELHADO - OUTROS', false);
INSERT INTO mtrtb033_garantia (nu_garantia, nu_versao, nu_garantia_bacen, no_garantia, ic_fidejussoria) VALUES (50, 1, 1001, 'BEM ARRENDADO - VEICULO AUTOMOTOR', false);
INSERT INTO mtrtb033_garantia (nu_garantia, nu_versao, nu_garantia_bacen, no_garantia, ic_fidejussoria) VALUES (51, 1, 1002, 'BEM ARRENDADO - OUTROS', false);
INSERT INTO mtrtb033_garantia (nu_garantia, nu_versao, nu_garantia_bacen, no_garantia, ic_fidejussoria) VALUES (52, 1, 1101, 'GARANTIA INTERNACIONAL - MITIGADORA', false);
INSERT INTO mtrtb033_garantia (nu_garantia, nu_versao, nu_garantia_bacen, no_garantia, ic_fidejussoria) VALUES (53, 1, 1102, 'GARANTIA INTERNACIONAL - NAO MITIGADORA', false);
INSERT INTO mtrtb033_garantia (nu_garantia, nu_versao, nu_garantia_bacen, no_garantia, ic_fidejussoria) VALUES (54, 1, 1201, 'OPERACAO GARANTIDA POR OUTRA ENTIDADE - EMD - ENT.MULTILAT. DESENVOLVIMENTO', false);
INSERT INTO mtrtb033_garantia (nu_garantia, nu_versao, nu_garantia_bacen, no_garantia, ic_fidejussoria) VALUES (55, 1, 1202, 'OPERACAO GARANTIDA POR OUTRA ENTIDADE - FUNDOS OU MECANISMO COBERTURA RISCO CREDITO', false);
INSERT INTO mtrtb033_garantia (nu_garantia, nu_versao, nu_garantia_bacen, no_garantia, ic_fidejussoria) VALUES (56, 1, 1203, 'OPERACAO GARANTIDA POR OUTRA ENTIDADE - FGPC - FUNDO GAR. PROM. COMPETIVIDADE', false);
INSERT INTO mtrtb033_garantia (nu_garantia, nu_versao, nu_garantia_bacen, no_garantia, ic_fidejussoria) VALUES (57, 1, 1204, 'OPERACAO GARANTIDA POR OUTRA ENTIDADE - FUNDOS ESPECIFICOS', false);
INSERT INTO mtrtb033_garantia (nu_garantia, nu_versao, nu_garantia_bacen, no_garantia, ic_fidejussoria) VALUES (58, 1, 1301, 'ACORDO DE COMPENSACAO - ACORDOS NO AMBITO DO SFN - SIST. FIN. NACIONAL', false);
INSERT INTO mtrtb033_garantia (nu_garantia, nu_versao, nu_garantia_bacen, no_garantia, ic_fidejussoria) VALUES (65, 1, 8899, 'OUTRAS GARANTIAS FIDEJUSSORIAS', true);
INSERT INTO mtrtb033_garantia (nu_garantia, nu_versao, nu_garantia_bacen, no_garantia, ic_fidejussoria) VALUES (66, 1, 8803, 'AVAL', true);
INSERT INTO mtrtb033_garantia (nu_garantia, nu_versao, nu_garantia_bacen, no_garantia, ic_fidejussoria) VALUES (59, 1, 901, 'GARANTIA FIDEJUSSORIA - PESSOA FISICA', true);
INSERT INTO mtrtb033_garantia (nu_garantia, nu_versao, nu_garantia_bacen, no_garantia, ic_fidejussoria) VALUES (60, 1, 902, 'GARANTIA FIDEJUSSORIA - PESSOA JURIDICA', true);
INSERT INTO mtrtb033_garantia (nu_garantia, nu_versao, nu_garantia_bacen, no_garantia, ic_fidejussoria) VALUES (61, 1, 903, 'GARANTIA FIDEJUSSORIA - PESSOA FISICA NO EXTERIOR', true);
INSERT INTO mtrtb033_garantia (nu_garantia, nu_versao, nu_garantia_bacen, no_garantia, ic_fidejussoria) VALUES (62, 1, 904, 'GARANTIA FIDEJUSSORIA - PESSOA JURIDICA NO EXTERIOR', true);
INSERT INTO mtrtb033_garantia (nu_garantia, nu_versao, nu_garantia_bacen, no_garantia, ic_fidejussoria) VALUES (63, 1, 8801, 'FIANCA SIMPLES', false);
INSERT INTO mtrtb033_garantia (nu_garantia, nu_versao, nu_garantia_bacen, no_garantia, ic_fidejussoria) VALUES (64, 1, 8802, 'FIANCA BANCARIA', false);

--
-- TOC entry 7554 (class 0 OID 2025789)
-- Dependencies: 1903
-- Data for Name: mtrtb034_garantia_produto; Type: TABLE DATA; Schema: mtrsm001; Owner: -
--
INSERT INTO mtrtb034_garantia_produto (nu_produto, nu_garantia) VALUES (1, 1);
INSERT INTO mtrtb034_garantia_produto (nu_produto, nu_garantia) VALUES (1, 24);
INSERT INTO mtrtb034_garantia_produto (nu_produto, nu_garantia) VALUES (1, 59);
INSERT INTO mtrtb034_garantia_produto (nu_produto, nu_garantia) VALUES (1, 60);
INSERT INTO mtrtb034_garantia_produto (nu_produto, nu_garantia) VALUES (1, 61);
INSERT INTO mtrtb034_garantia_produto (nu_produto, nu_garantia) VALUES (1, 62);
INSERT INTO mtrtb034_garantia_produto (nu_produto, nu_garantia) VALUES (1, 63);
INSERT INTO mtrtb034_garantia_produto (nu_produto, nu_garantia) VALUES (1, 64);
INSERT INTO mtrtb034_garantia_produto (nu_produto, nu_garantia) VALUES (1, 65);
INSERT INTO mtrtb034_garantia_produto (nu_produto, nu_garantia) VALUES (1, 66);
INSERT INTO mtrtb034_garantia_produto (nu_produto, nu_garantia) VALUES (23, 1);
INSERT INTO mtrtb034_garantia_produto (nu_produto, nu_garantia) VALUES (23, 59);
INSERT INTO mtrtb034_garantia_produto (nu_produto, nu_garantia) VALUES (23, 24);
INSERT INTO mtrtb034_garantia_produto (nu_produto, nu_garantia) VALUES (23, 60);
INSERT INTO mtrtb034_garantia_produto (nu_produto, nu_garantia) VALUES (23, 61);
INSERT INTO mtrtb034_garantia_produto (nu_produto, nu_garantia) VALUES (23, 62);
INSERT INTO mtrtb034_garantia_produto (nu_produto, nu_garantia) VALUES (23, 63);
INSERT INTO mtrtb034_garantia_produto (nu_produto, nu_garantia) VALUES (23, 64);
INSERT INTO mtrtb034_garantia_produto (nu_produto, nu_garantia) VALUES (23, 65);
INSERT INTO mtrtb034_garantia_produto (nu_produto, nu_garantia) VALUES (23, 66);
INSERT INTO mtrtb034_garantia_produto (nu_produto, nu_garantia) VALUES (29, 1);
INSERT INTO mtrtb034_garantia_produto (nu_produto, nu_garantia) VALUES (29, 24);
INSERT INTO mtrtb034_garantia_produto (nu_produto, nu_garantia) VALUES (29, 59);
INSERT INTO mtrtb034_garantia_produto (nu_produto, nu_garantia) VALUES (29, 60);
INSERT INTO mtrtb034_garantia_produto (nu_produto, nu_garantia) VALUES (29, 61);
INSERT INTO mtrtb034_garantia_produto (nu_produto, nu_garantia) VALUES (29, 62);
INSERT INTO mtrtb034_garantia_produto (nu_produto, nu_garantia) VALUES (29, 63);
INSERT INTO mtrtb034_garantia_produto (nu_produto, nu_garantia) VALUES (29, 64);
INSERT INTO mtrtb034_garantia_produto (nu_produto, nu_garantia) VALUES (29, 65);
INSERT INTO mtrtb034_garantia_produto (nu_produto, nu_garantia) VALUES (29, 66);
INSERT INTO mtrtb034_garantia_produto (nu_produto, nu_garantia) VALUES (127, 1);
INSERT INTO mtrtb034_garantia_produto (nu_produto, nu_garantia) VALUES (127, 24);
INSERT INTO mtrtb034_garantia_produto (nu_produto, nu_garantia) VALUES (127, 59);
INSERT INTO mtrtb034_garantia_produto (nu_produto, nu_garantia) VALUES (127, 60);
INSERT INTO mtrtb034_garantia_produto (nu_produto, nu_garantia) VALUES (127, 61);
INSERT INTO mtrtb034_garantia_produto (nu_produto, nu_garantia) VALUES (127, 62);
INSERT INTO mtrtb034_garantia_produto (nu_produto, nu_garantia) VALUES (127, 63);
INSERT INTO mtrtb034_garantia_produto (nu_produto, nu_garantia) VALUES (127, 64);
INSERT INTO mtrtb034_garantia_produto (nu_produto, nu_garantia) VALUES (127, 65);
INSERT INTO mtrtb034_garantia_produto (nu_produto, nu_garantia) VALUES (127, 66);
INSERT INTO mtrtb034_garantia_produto (nu_produto, nu_garantia) VALUES (146, 1);
INSERT INTO mtrtb034_garantia_produto (nu_produto, nu_garantia) VALUES (146, 24);
INSERT INTO mtrtb034_garantia_produto (nu_produto, nu_garantia) VALUES (146, 59);
INSERT INTO mtrtb034_garantia_produto (nu_produto, nu_garantia) VALUES (146, 60);
INSERT INTO mtrtb034_garantia_produto (nu_produto, nu_garantia) VALUES (146, 61);
INSERT INTO mtrtb034_garantia_produto (nu_produto, nu_garantia) VALUES (146, 62);
INSERT INTO mtrtb034_garantia_produto (nu_produto, nu_garantia) VALUES (146, 63);
INSERT INTO mtrtb034_garantia_produto (nu_produto, nu_garantia) VALUES (146, 64);
INSERT INTO mtrtb034_garantia_produto (nu_produto, nu_garantia) VALUES (146, 65);
INSERT INTO mtrtb034_garantia_produto (nu_produto, nu_garantia) VALUES (146, 66);
INSERT INTO mtrtb034_garantia_produto (nu_produto, nu_garantia) VALUES (2, 1);
INSERT INTO mtrtb034_garantia_produto (nu_produto, nu_garantia) VALUES (2, 24);
INSERT INTO mtrtb034_garantia_produto (nu_produto, nu_garantia) VALUES (2, 59);
INSERT INTO mtrtb034_garantia_produto (nu_produto, nu_garantia) VALUES (2, 60);
INSERT INTO mtrtb034_garantia_produto (nu_produto, nu_garantia) VALUES (2, 61);
INSERT INTO mtrtb034_garantia_produto (nu_produto, nu_garantia) VALUES (2, 62);
INSERT INTO mtrtb034_garantia_produto (nu_produto, nu_garantia) VALUES (2, 63);
INSERT INTO mtrtb034_garantia_produto (nu_produto, nu_garantia) VALUES (2, 64);
INSERT INTO mtrtb034_garantia_produto (nu_produto, nu_garantia) VALUES (2, 65);
INSERT INTO mtrtb034_garantia_produto (nu_produto, nu_garantia) VALUES (2, 66);
INSERT INTO mtrtb034_garantia_produto (nu_produto, nu_garantia) VALUES (3, 1);
INSERT INTO mtrtb034_garantia_produto (nu_produto, nu_garantia) VALUES (3, 24);
INSERT INTO mtrtb034_garantia_produto (nu_produto, nu_garantia) VALUES (3, 59);
INSERT INTO mtrtb034_garantia_produto (nu_produto, nu_garantia) VALUES (3, 60);
INSERT INTO mtrtb034_garantia_produto (nu_produto, nu_garantia) VALUES (3, 61);
INSERT INTO mtrtb034_garantia_produto (nu_produto, nu_garantia) VALUES (3, 62);
INSERT INTO mtrtb034_garantia_produto (nu_produto, nu_garantia) VALUES (3, 63);
INSERT INTO mtrtb034_garantia_produto (nu_produto, nu_garantia) VALUES (3, 64);
INSERT INTO mtrtb034_garantia_produto (nu_produto, nu_garantia) VALUES (3, 65);
INSERT INTO mtrtb034_garantia_produto (nu_produto, nu_garantia) VALUES (3, 66);
INSERT INTO mtrtb034_garantia_produto (nu_produto, nu_garantia) VALUES (7, 1);
INSERT INTO mtrtb034_garantia_produto (nu_produto, nu_garantia) VALUES (7, 24);
INSERT INTO mtrtb034_garantia_produto (nu_produto, nu_garantia) VALUES (7, 59);
INSERT INTO mtrtb034_garantia_produto (nu_produto, nu_garantia) VALUES (7, 60);
INSERT INTO mtrtb034_garantia_produto (nu_produto, nu_garantia) VALUES (7, 61);
INSERT INTO mtrtb034_garantia_produto (nu_produto, nu_garantia) VALUES (7, 62);
INSERT INTO mtrtb034_garantia_produto (nu_produto, nu_garantia) VALUES (7, 63);
INSERT INTO mtrtb034_garantia_produto (nu_produto, nu_garantia) VALUES (7, 64);
INSERT INTO mtrtb034_garantia_produto (nu_produto, nu_garantia) VALUES (7, 65);
INSERT INTO mtrtb034_garantia_produto (nu_produto, nu_garantia) VALUES (7, 66);
INSERT INTO mtrtb034_garantia_produto (nu_produto, nu_garantia) VALUES (21, 1);
INSERT INTO mtrtb034_garantia_produto (nu_produto, nu_garantia) VALUES (21, 24);
INSERT INTO mtrtb034_garantia_produto (nu_produto, nu_garantia) VALUES (21, 59);
INSERT INTO mtrtb034_garantia_produto (nu_produto, nu_garantia) VALUES (21, 60);
INSERT INTO mtrtb034_garantia_produto (nu_produto, nu_garantia) VALUES (21, 61);
INSERT INTO mtrtb034_garantia_produto (nu_produto, nu_garantia) VALUES (21, 62);
INSERT INTO mtrtb034_garantia_produto (nu_produto, nu_garantia) VALUES (21, 63);
INSERT INTO mtrtb034_garantia_produto (nu_produto, nu_garantia) VALUES (21, 64);
INSERT INTO mtrtb034_garantia_produto (nu_produto, nu_garantia) VALUES (21, 65);
INSERT INTO mtrtb034_garantia_produto (nu_produto, nu_garantia) VALUES (21, 66);

